0 29583
0 47643
2 15544
2 34859
1 27223
1 30011
4 40041
4 23289
3 48471
3 53134
5 42412
7 27767
8 3743
10 49787
6 29527
9 43365
23 35773
23 10255
25 21211
25 2307
24 40674
24 43347
27 15398
29 34359
26 48009
28 22117
30 10317
32 7921
42 801
44 53157
44 52313
46 6549
45 26693
45 45165
50 4335
59 43753
59 52587
61 26283
61 5741
60 51995
65 50041
62 27123
64 30490
74 12073
5 40866
7 36649
8 8185
10 1807
6 15904
9 41674
23 36533
27 48325
29 34711
26 21289
28 2005
30 29277
32 35725
44 7052
48 33370
50 38405
47 18380
47 31786
49 13323
59 19666
63 11197
63 31150
65 37345
62 23925
64 44743
77 7109
77 14774
79 27209
79 41898
81 33691
81 16792
83 21273
83 184
85 41170
87 48017
89 8169
89 42368
91 15218
93 10141
95 40472
97 3341
97 767
99 49007
99 7945
101 21735
101 34259
103 36173
105 29607
105 36121
107 36389
107 647
109 42780
109 27681
111 34733
111 2453
113 23381
113 34585
115 13916
115 42698
117 13950
119 2249
119 29069
121 8871
121 21479
122 33598
122 3808
123 41706
88 47637
125 44739
125 4503
127 44219
127 11283
129 43837
129 44985
131 30510
133 19036
135 30786
135 19784
137 6331
137 20064
139 18772
139 19346
143 27116
143 33224
145 3951
145 33574
147 51601
149 43925
151 24619
151 12067
153 50145
153 26413
155 11889
155 37497
157 39167
157 12459
159 43541
159 53027
161 43979
163 49868
163 13879
165 7176
165 10473
167 10977
167 25593
169 44805
171 32958
171 6545
173 13413
174 18158
174 39067
175 17454
176 10813
177 17896
178 37333
178 12327
179 25705
179 26801
180 38395
136 32350
182 9473
182 10047
184 1653
184 46939
186 22717
186 49093
188 47271
188 8663
190 48967
190 35221
192 29603
192 20899
194 46867
194 925
196 29811
196 10135
198 35475
200 21221
200 3819
202 8801
202 42614
204 41196
204 28163
206 23758
206 15890
208 43266
208 21757
210 42678
210 35997
212 48591
212 15648
214 1201
214 16246
216 48593
216 30025
218 49337
218 40578
220 22593
220 29571
222 14182
224 42420
224 22943
226 3631
226 46905
228 28647
228 14944
230 49175
230 15054
232 8711
232 3393
234 2351
234 8439
236 16520
236 42362
238 22361
238 16128
240 23519
240 40726
242 15736
242 48819
244 1041
244 27553
246 47137
246 27751
248 8943
250 43192
250 36889
252 48383
254 29467
254 1469
256 41164
258 29443
258 28565
260 21797
260 36401
262 3781
262 33605
264 13954
266 28285
266 28025
268 6995
268 49445
272 49775
272 42752
274 46951
274 21935
276 8279
276 8911
278 34791
278 1437
280 9813
280 48663
282 28225
282 2867
284 33865
286 41952
288 3816
288 1567
290 701
292 28905
292 8275
294 40784
294 3395
296 47059
296 16838
298 3189
298 2813
300 47925
300 1237
302 1829
302 10207
304 29213
304 34727
306 36415
308 43341
308 23795
310 33687
312 2285
312 34867
314 8793
314 36795
316 16030
316 1465
318 29665
320 7499
320 36487
322 6997
322 21395
324 48505
324 2327
326 34331
326 14506
328 16500
328 42688
330 1007
332 22467
332 957
334 20871
334 1963
336 35125
336 8249
338 340
338 47215
340 46719
342 42254
344 29561
344 46626
346 40045
346 34677
348 48847
350 16242
350 35135
352 35547
352 8461
354 15838
354 28103
356 10129
356 10221
358 30165
360 36541
362 16156
362 2859
364 2897
364 46629
366 8703
366 34179
368 34025
368 15978
370 15186
370 35931
372 15064
374 196
374 41318
376 47071
378 21975
378 35697
380 20809
380 41106
382 41526
382 34191
384 35387
384 29827
386 1575
386 34145
388 34651
388 9859
390 40354
390 21663
392 42198
392 28415
394 21369
394 20959
396 49539
396 14902
398 7575
398 1881
400 28047
402 14326
404 8933
404 49055
406 23413
406 23371
408 35733
408 10287
410 47673
410 9379
411 47367
411 1941
412 10281
412 7377
413 41800
414 46807
414 21219
415 3551
416 8243
416 413
417 7002
263 15060
418 23767
419 17021
285 34397
421 5547
421 37787
423 44571
423 4465
425 10689
425 12307
427 11677
429 25205
429 51143
431 11267
431 13397
433 50765
433 26793
435 50785
435 17274
437 39501
439 18640
439 11751
441 12893
441 12199
443 17932
443 32600
445 44273
445 6051
447 19634
447 46535
449 18634
449 11337
451 26047
451 6427
453 39949
453 31950
455 24685
455 39775
457 4387
457 4951
459 51705
459 12261
461 45905
463 19906
463 32720
465 44737
465 30886
467 5957
467 36955
469 11663
469 51313
471 17113
471 6927
473 7051
473 17498
475 17732
475 49925
477 51767
479 24587
479 19114
481 4407
481 38143
483 18630
485 37049
485 44695
487 6079
487 31204
489 43371
489 44473
491 18076
491 26675
493 10673
493 11269
495 52153
497 24975
497 26655
499 20292
499 37287
501 5361
501 4045
503 19212
505 7071
505 6579
507 38991
507 13715
509 25863
509 38203
511 38523
511 50347
515 12839
517 13171
517 26815
519 51489
519 6389
521 10464
521 52389
523 13449
523 17550
525 13133
525 38043
527 10831
529 32082
529 25013
531 43669
531 11791
533 45661
533 44039
535 51319
535 50189
537 44399
537 536
539 5293
539 50429
541 5245
541 4339
543 45929
543 11317
545 24161
545 18164
547 157
547 6827
549 37841
549 17234
551 17886
551 45949
553 23723
553 37771
555 32564
555 26077
557 26273
557 52133
559 17330
559 4631
561 50199
561 24455
563 32954
563 5847
565 40201
565 17520
567 44083
569 53099
569 53082
571 44751
571 3919
573 6787
575 10829
575 51719
577 6635
577 44783
579 7057
579 32924
581 39245
581 36979
583 17926
585 50547
585 19954
587 4275
587 6641
589 6491
589 5595
591 11799
591 6035
593 45229
593 5273
595 36842
595 4445
597 18660
597 52621
599 50217
599 31710
601 44677
603 19608
603 24129
605 51513
605 25997
607 46549
607 13467
609 44741
609 3889
611 44493
613 12457
615 17612
615 20030
617 44829
619 23879
619 44477
621 17594
621 24397
623 13245
623 12397
625 23873
625 26453
627 19406
627 20214
629 11995
629 38767
631 5281
631 19326
633 50523
633 26745
635 12791
635 20487
637 43591
637 636
639 37207
641 38613
643 32708
645 50019
646 22951
646 15192
647 22791
647 9727
648 36747
648 48053
649 24971
649 46257
650 19594
650 24759
651 44175
651 5369
652 39661
653 17868
654 44947
654 567
655 52101
656 51647
657 19610
658 25099
658 37477
659 10987
659 10609
660 18730
660 11083
661 51699
661 7216
662 38697
662 13515
663 19256
663 37103
664 44769
664 37501
665 51989
665 52935
666 2195
667 200
247 34209
668 35381
259 21717
669 21707
273 1979
670 34089
305 41638
671 48503
317 2225
672 23393
329 29365
673 2013
674 3842
675 4579
494 50277
676 6499
524 31354
677 39857
542 11671
678 24383
638 20102
679 20312
681 14624
683 20761
683 3345
685 1001
685 721
687 35861
687 8765
689 20711
689 21419
691 40032
691 8895
693 14348
693 7159
695 35139
695 47583
697 15154
697 1071
699 34943
699 21639
701 21269
703 16058
703 715
705 47411
705 48803
707 23087
707 909
709 26921
709 49123
711 20721
713 23219
713 2559
715 702
715 23143
717 29263
717 28283
719 1511
719 14880
721 684
721 725
723 46713
723 14018
725 3173
725 48899
727 40886
727 27819
729 42102
729 23692
731 9651
731 23495
733 36910
735 48973
735 7091
737 29953
737 10261
739 46658
739 40786
741 33859
741 21011
743 34975
743 21413
745 15754
745 1407
747 9397
749 33721
749 41950
751 23179
751 29825
753 377
753 10001
755 15906
755 29093
757 36743
757 2145
759 29381
759 29493
761 49151
761 33753
763 35883
763 762
765 42748
765 40902
767 21317
767 14238
769 14924
769 14098
771 41162
771 3007
773 7455
773 34933
775 43144
775 16700
777 10115
777 47429
779 1297
779 22919
781 971
781 3839
783 15280
783 34897
785 8887
785 27665
787 29881
787 8441
789 1037
789 1337
791 27339
793 35145
793 46737
795 40270
797 47405
797 3715
799 791
799 30319
801 667
801 8207
803 35799
803 23461
805 20603
805 49373
807 34073
807 2261
809 9881
809 1157
811 21851
811 34485
813 15790
813 865
815 22127
815 9645
817 379
819 21099
819 15562
821 20729
821 15010
823 3015
823 23698
825 14526
825 29371
827 27333
827 826
829 29429
829 16100
831 12
831 8403
833 7857
833 832
835 1309
837 35449
837 29929
839 41630
839 40119
841 35829
841 14976
843 3161
843 49221
845 47479
845 21057
847 1525
847 1209
849 36441
849 848
851 899
851 9075
853 7000
853 29053
855 41692
855 7103
857 28157
857 9575
859 34625
859 48981
861 46631
861 1759
863 36609
863 1691
865 36529
865 9283
867 23688
867 48021
869 28897
869 43134
871 23189
871 33779
873 10416
873 9485
875 28345
875 28847
877 21575
877 43118
879 1665
879 1883
881 27635
881 939
883 22577
883 21941
885 34161
885 43236
887 43044
887 47727
889 29795
889 7933
891 43240
891 28303
893 15774
893 49801
895 8447
895 7375
897 22783
899 993
899 3217
901 27331
901 28591
903 46855
903 8033
905 1921
905 2111
907 22227
909 706
909 2419
911 3265
913 29967
913 14278
915 1589
915 27601
917 16606
917 15254
919 10424
919 48853
921 13804
923 8641
925 47553
925 924
927 325
927 20817
929 23571
931 15680
931 29629
933 28053
933 15686
935 3443
935 3807
937 22045
937 1385
939 7721
939 3753
941 14222
941 940
943 16666
943 942
945 8665
945 35751
947 16788
947 22829
949 2389
949 48351
951 13890
951 34761
953 47951
953 29295
955 9639
955 23201
957 13761
957 15642
959 2631
959 40646
961 27289
961 9387
963 21891
963 15546
965 1547
965 1943
967 28877
967 29991
969 36627
969 27687
971 380
971 3595
973 3809
973 7859
975 49840
975 3571
977 28809
977 27323
979 16462
981 2381
981 1805
983 36495
985 1505
985 15636
987 2455
987 22343
989 21335
991 43030
991 2647
993 34563
995 40498
995 14900
997 1087
999 42736
999 29207
1001 27149
1001 3513
1003 3197
1003 22251
1005 7909
1005 40948
1007 42204
1007 7593
1009 20647
1009 1008
1011 40230
1011 22607
1013 8415
1013 7275
1015 41288
1015 1715
1017 984
1017 10233
1019 48945
1021 42938
1021 20945
1023 53131
1023 46648
1025 15940
1025 3407
1027 866
1027 29847
1029 27873
1029 27893
1031 1947
1033 23097
1033 7126
1035 21075
1035 7871
1037 13932
1037 1036
1039 16510
1039 8465
1041 7355
1041 3427
1043 13766
1045 9303
1045 35117
1047 34821
1047 1239
1049 758
1049 16592
1051 33989
1051 1050
1053 7515
1053 1052
1055 35653
1055 42260
1057 29041
1057 2845
1059 7517
1059 40608
1061 690
1061 3005
1063 34173
1063 1062
1065 6994
1065 1064
1067 42728
1067 14186
1069 27329
1069 20771
1071 696
1071 1367
1073 34065
1073 40334
1075 22369
1077 23083
1077 1791
1079 27443
1079 1205
1081 15570
1081 16158
1083 1044
1083 3223
1085 1074
1085 48375
1087 10037
1087 27937
1089 23673
1089 23702
1091 1151
1091 14886
1093 21909
1095 41804
1095 29701
1097 29513
1097 47219
1099 28051
1099 9923
1101 28589
1101 47473
1103 2635
1103 21485
1105 2323
1105 29337
1107 10093
1107 10217
1109 29695
1109 35019
1111 10411
1111 3812
1113 49459
1113 30199
1115 14134
1117 41010
1119 40778
1119 7729
1121 35017
1121 41758
1123 48111
1123 29333
1125 3751
1125 8319
1127 906
1127 9911
1129 2401
1129 16050
1131 8317
1131 15168
1133 28493
1133 36019
1135 7663
1137 814
1137 8751
1139 34257
1139 1187
1141 3643
1141 9177
1143 41070
1143 1142
1145 34281
1145 33809
1147 36355
1147 15930
1149 9479
1149 1148
1151 932
1151 23111
1153 7158
1153 3055
1155 46558
1155 1929
1157 41494
1157 1156
1159 3469
1159 2547
1161 3079
1161 16768
1163 42162
1163 43244
1165 40766
1165 13661
1167 29505
1169 3545
1169 30029
1171 7381
1171 40376
1173 40926
1173 1773
1175 41426
1175 15376
1177 27951
1179 35163
1179 33847
1181 27041
1183 7399
1183 1182
1185 1777
1185 1184
1187 7139
1189 28079
1189 1483
1191 28487
1191 1231
1193 47877
1193 16966
1195 8587
1195 2257
1197 1559
1197 23651
1199 16740
1199 49751
1201 42418
1201 1200
1203 21231
1203 48633
1205 23227
1205 28297
1207 42286
1207 48887
1209 1011
1209 42786
1211 27817
1211 1210
1213 3397
1213 21979
1215 22143
1215 35489
1217 15428
1217 15818
1219 3727
1219 3813
1221 7110
1221 20609
1223 23223
1223 41252
1225 41722
1225 21191
1227 7415
1227 1383
1229 22601
1229 2615
1231 1230
1233 1629
1235 1753
1235 1234
1237 36391
1237 47509
1239 1099
1239 1238
1241 14968
1241 2451
1243 7112
1243 35691
1245 1655
1245 49137
1247 40126
1249 48731
1249 23627
1251 29353
1251 10355
1253 3261
1253 35507
1255 28327
1255 29327
1257 47693
1257 27615
1259 49367
1259 1515
1261 218
1261 48587
1263 28203
1263 49807
1265 41256
1265 22753
1267 34385
1267 42586
1269 41658
1269 8947
1271 34157
1271 7161
1273 21087
1275 49303
1275 22899
1277 2629
1277 35455
1279 42620
1279 1317
1281 20905
1281 2181
1283 29897
1283 7681
1285 34899
1285 7335
1287 1399
1287 16176
1289 33773
1289 29473
1291 7531
1291 2685
1293 35057
1293 3241
1295 9517
1295 22909
1297 1969
1297 1296
1299 15528
1299 28821
1301 7789
1301 7915
1303 7162
1303 1302
1305 1591
1305 27183
1307 8725
1307 1306
1309 2147
1309 1519
1313 7941
1313 1409
1315 28209
1315 15996
1317 1278
1317 7117
1319 35051
1319 36251
1321 2001
1321 36003
1323 20428
1323 1322
1325 9909
1325 48171
1327 3837
1327 3663
1329 15066
1329 30281
1331 9373
1333 47559
1333 15228
1335 35631
1335 30243
1337 23323
1337 1336
1339 22567
1339 35261
1341 35743
1341 15958
1343 1084
1343 40792
1345 2239
1347 3041
1347 23051
1349 3143
1349 36167
1351 21765
1351 30125
1353 1705
1355 22621
1355 29587
1357 8281
1357 17028
1359 1999
1359 27619
1361 27975
1363 17017
1363 16712
1365 10305
1365 49481
1367 1070
1367 48293
1369 47081
1369 8565
1371 34889
1371 22025
1373 29083
1373 2731
1375 13775
1375 34681
1377 40738
1377 1376
1379 7973
1381 314
1383 1226
1383 8615
1385 8051
1385 1384
1387 1373
1387 16260
1389 47909
1391 13663
1391 3773
1393 960
1393 33745
1395 36481
1397 48083
1397 1396
1399 331
1399 36403
1401 2887
1401 33985
1403 8619
1403 8159
1405 3153
1405 30213
1407 13976
1407 40492
1409 7116
1411 43298
1413 946
1413 23077
1415 243
1415 48843
1417 2031
1417 14038
1419 8067
1419 9563
1421 47923
1421 1420
1423 27759
1423 21669
1425 41444
1425 29559
1429 16504
1429 3347
1431 2649
1431 8097
1433 26920
1433 16552
1435 29623
1435 8433
1437 29693
1437 41460
1439 699
1439 2809
1441 15844
1443 14420
1443 15112
1445 48501
1445 43150
1447 20625
1447 9537
1449 40758
1449 3814
1451 15516
1451 49405
1453 22043
1453 1452
1455 2661
1457 7605
1457 7443
1459 22999
1459 15144
1461 46779
1461 1460
1463 3081
1463 9393
1465 811
1465 49501
1467 308
1469 34815
1469 23291
1471 1366
1471 21863
1473 46745
1473 2045
1475 1597
1477 14990
1477 13820
1479 1144
1479 27205
1481 9887
1481 34971
1483 2527
1483 26918
1485 1054
1485 1927
1487 34219
1487 29051
1489 966
1489 9103
1491 781
1491 41814
1493 35371
1493 15616
1495 28391
1495 14406
1497 30195
1497 46835
1499 346
1499 35053
1501 21383
1501 48353
1503 28257
1503 15936
1505 718
1505 15770
1507 22145
1507 27925
1509 1393
1509 1508
1511 22157
1511 14784
1513 14656
1513 20739
1515 22017
1515 36725
1517 2799
1517 40228
1519 8193
1519 17029
1521 36523
1521 1520
1523 28831
1523 20747
1525 22001
1527 28445
1527 17041
1529 8631
1529 36423
1531 1372
1531 2105
1533 30069
1535 27435
1535 1534
1537 1536
1539 692
1541 36515
1541 22913
1543 1671
1543 1542
1545 22591
1545 1544
1547 1195
1547 1546
1549 336
1549 1548
1551 16136
1553 22817
1553 47125
1555 49779
1555 1554
1557 27255
1557 47901
1559 2331
1561 41104
1561 1560
1563 29883
1563 1562
1565 34211
1565 15960
1567 10412
1569 33959
1569 20743
1571 1194
1571 3057
1573 27159
1573 15478
1575 1833
1575 8795
1577 1669
1577 15596
1579 1503
1579 30091
1581 7889
1581 16796
1583 48687
1583 22613
1585 22573
1587 15396
1587 7153
1589 46895
1589 1588
1591 2353
1591 22393
1593 2061
1593 1592
1595 22723
1595 49427
1597 8313
1597 16346
1599 35719
1599 1893
1601 40764
1601 27871
1603 7453
1603 33871
1605 10267
1607 40540
1607 16978
1609 28481
1609 1608
1611 35677
1613 43108
1613 29543
1615 49535
1615 3101
1617 36165
1617 49499
1619 13908
1619 34833
1621 8819
1621 41906
1623 21659
1623 48617
1625 8907
1625 2933
1627 1823
1627 7967
1629 22455
1629 3323
1631 1867
1631 7120
1633 46989
1633 9389
1635 8397
1635 1634
1637 3835
1637 35849
1639 14086
1639 21475
1641 10009
1641 1640
1643 7853
1643 9243
1645 36397
1645 3259
1647 28159
1647 3239
1649 7008
1649 2963
1651 7018
1651 7669
1653 82
1653 2485
1655 7687
1655 7657
1657 49811
1657 33899
1659 43122
1659 47915
1661 7003
1661 8229
1663 8695
1663 28853
1665 16816
1665 47609
1667 1199
1667 1666
1669 22749
1669 21903
1671 204
1671 1670
1673 27307
1675 1121
1675 13966
1677 1584
1677 21465
1679 7881
1679 20839
1681 27173
1681 3679
1683 16348
1683 3745
1685 48173
1685 2289
1687 1719
1687 27309
1689 8845
1689 36641
1691 7007
1691 3823
1693 7118
1695 29425
1695 10311
1697 3739
1699 41738
1699 2667
1701 2665
1701 47035
1703 2037
1703 2557
1705 1352
1705 2947
1707 7137
1707 27733
1709 14410
1709 14472
1711 10401
1711 2139
1713 36876
1713 1712
1715 17172
1717 9699
1717 22153
1719 30083
1719 7127
1721 23047
1721 22267
1723 3647
1723 2605
1725 9663
1725 3779
1727 16986
1729 10449
1729 9733
1731 7417
1731 10053
1733 14220
1735 15944
1737 1310
1737 2161
1739 28579
1741 2319
1741 1740
1743 28973
1743 2197
1745 47531
1745 41472
1747 20466
1749 16608
1749 1869
1751 917
1751 35953
1753 10351
1753 47487
1755 21015
1755 14720
1757 28975
1757 8071
1761 30059
1761 2895
1763 3529
1763 33510
1765 40858
1767 7831
1767 3769
1769 307
1769 15298
1771 48447
1771 2875
1773 2801
1773 22069
1775 16620
1775 2011
1777 20849
1777 1776
1779 28931
1779 48723
1781 41332
1783 30367
1783 35147
1785 967
1785 35757
1787 21713
1787 1786
1789 1470
1789 42770
1791 1076
1791 9209
1793 9807
1793 35909
1795 34309
1797 42686
1799 35491
1799 47511
1801 41576
1801 40644
1803 30314
1803 35333
1805 29573
1805 8427
1807 1055
1807 1806
1809 35283
1809 2043
1811 751
1811 14960
1813 14658
1813 42986
1815 1622
1815 8513
1817 7765
1819 13660
1819 14066
1821 1225
1821 41696
1823 8969
1823 10005
1825 7379
1825 1824
1827 36315
1827 3607
1829 43084
1829 41480
1831 2163
1831 16486
1833 19
1835 3107
1835 35619
1839 1444
1839 34135
1841 41504
1841 9493
1843 3063
1843 29153
1845 40702
1845 8399
1847 20661
1847 41280
1849 42444
1849 7309
1851 28881
1851 33523
1853 28553
1853 36139
1855 8611
1855 35669
1857 2171
1857 21095
1861 790
1861 27797
1863 8505
1863 21115
1865 2121
1865 47017
1867 48911
1869 9549
1869 35807
1871 1273
1871 22875
1873 23197
1873 34451
1875 369
1875 15496
1877 23768
1877 43280
1879 22425
1881 29537
1881 8141
1883 2439
1883 21259
1885 1236
1885 28123
1887 27050
1887 33933
1889 22867
1889 21587
1891 21343
1891 42842
1893 7851
1893 1892
1895 8719
1895 7773
1897 49159
1897 21265
1899 9949
1899 15748
1901 42386
1901 10293
1903 9415
1903 22173
1905 47775
1905 1904
1907 46660
1907 3581
1909 43128
1909 47975
1911 48437
1911 30175
1913 1816
1913 28649
1915 7543
1917 90
1917 36159
1919 10381
1919 22961
1921 29011
1921 27421
1923 34857
1923 48475
1925 8499
1925 40952
1927 1484
1927 33825
1929 48125
1929 36569
1931 9611
1931 1930
1933 2193
1933 35007
1935 34799
1935 1934
1937 28989
1937 1936
1939 41264
1939 8835
1941 22133
1941 47193
1943 27645
1943 15666
1945 3641
1945 7747
1947 1565
1947 21043
1949 16264
1949 7815
1951 21361
1951 16134
1953 3331
1953 14616
1955 20901
1955 8413
1957 3423
1959 1461
1959 41702
1961 27479
1961 3383
1963 2721
1963 1962
1965 8613
1967 23297
1967 1966
1969 28495
1969 34597
1971 8603
1971 47057
1973 3561
1973 36735
1975 1590
1975 2577
1977 35415
1977 1976
1979 20573
1979 14640
1981 1418
1981 14854
1983 2521
1985 36037
1985 42116
1987 1270
1987 2765
1989 2709
1989 21487
1991 49339
1991 7649
1993 14496
1993 2243
1995 34823
1995 16040
1997 9649
1997 9771
1999 47697
1999 1998
2001 16042
2001 15206
2003 1395
2003 2002
2005 40039
2005 15354
2007 34251
2007 15732
2009 28949
2009 8001
2011 22801
2011 20329
2013 9183
2013 2012
2015 36253
2015 14260
2017 7143
2017 28167
2019 1798
2019 15140
2021 1481
2021 40586
2023 15776
2023 2022
2025 9621
2025 23217
2027 15708
2027 49551
2029 9861
2031 1082
2031 47995
2033 1223
2033 49655
2035 27389
2035 9709
2037 28841
2037 2109
2039 9159
2039 2038
2041 46767
2041 27979
2043 1808
2043 36383
2045 8303
2045 28309
2047 41098
2047 2046
2049 49187
2049 2943
2051 14130
2051 2675
2053 22215
2053 48039
2055 8325
2055 42126
2057 17067
2057 15696
2059 8503
2059 2058
2061 1558
2061 22803
2063 1884
2063 48469
2065 36127
2065 9033
2067 30163
2067 2397
2069 48313
2069 15042
2071 8175
2071 20643
2073 35609
2073 15654
2075 7631
2075 2074
2077 49916
2077 14012
2079 1208
2079 49815
2081 42852
2081 9979
2083 23623
2085 43024
2085 2343
2087 3563
2087 23593
2089 27299
2089 9113
2091 13970
2091 7010
2093 3273
2093 34411
2095 36531
2097 2831
2097 26919
2099 48513
2101 21999
2101 3495
2103 41980
2103 28237
2105 3349
2105 3225
2107 2431
2107 2106
2109 42944
2109 22411
2111 2927
2111 2110
2113 14286
2113 14170
2115 7445
2115 16376
2117 42592
2119 36507
2119 7823
2121 2711
2121 8189
2123 35651
2123 22319
2125 7645
2125 2124
2127 49913
2127 28453
2129 8733
2131 28363
2133 1361
2133 2575
2135 7769
2135 2134
2137 43174
2137 42562
2139 41654
2141 21551
2141 48629
2143 10417
2143 2417
2145 15020
2145 9071
2147 29985
2147 14394
2149 48411
2149 2148
2151 28353
2153 9431
2153 21197
2155 36721
2155 20815
2157 40678
2157 28383
2159 29841
2159 28825
2161 3091
2161 8789
2163 1286
2163 14270
2165 13760
2165 42516
2167 878
2167 2166
2169 915
2169 2168
2171 49049
2171 16632
2173 29067
2173 2172
2175 27625
2175 3359
2177 49533
2177 29165
2179 2096
2179 28343
2181 7755
2181 2180
2183 35429
2183 29393
2185 1134
2185 13946
2187 35841
2187 40864
2189 2645
2189 48791
2191 2627
2191 2573
2193 7863
2193 42256
2195 42200
2195 2569
2197 1742
2197 2196
2199 28619
2199 36385
2201 42960
2201 40658
2203 42900
2203 29261
2205 8881
2205 7165
2207 15498
2207 2206
2209 804
2209 23545
2211 23601
2211 35295
2213 260
2213 2212
2215 1158
2215 3836
2217 2551
2217 2777
2219 13882
2219 47327
2221 42484
2221 2220
2223 48611
2223 8599
2225 17079
2225 2224
2227 2823
2227 9429
2229 35203
2229 8657
2231 1890
2231 2599
2233 1019
2233 27161
2235 1541
2235 16920
2237 2371
2239 918
2239 23425
2241 858
2243 1992
2243 9939
2245 47423
2245 35407
2247 322
2247 2246
2249 40518
2249 2248
2251 48317
2251 2250
2253 788
2253 3299
2255 40117
2255 16704
2257 22793
2259 14332
2259 22065
2261 2291
2261 2260
2263 15178
2263 2262
2265 30241
2267 14112
2267 49914
2269 27056
2269 43196
2271 2311
2273 2042
2273 7555
2275 41792
2275 2473
2277 1674
2277 28563
2279 830
2279 8351
2281 47143
2283 42076
2283 16360
2285 17026
2285 23235
2287 22527
2287 14228
2289 2141
2289 2288
2291 806
2291 2385
2293 42524
2293 2292
2295 47395
2297 15078
2299 29241
2299 2298
2301 22565
2301 28013
2303 3251
2303 42544
2305 34765
2305 16518
2307 40890
2307 2306
2309 1468
2309 9153
2311 1837
2311 2310
2313 36431
2313 3671
2315 14172
2317 1382
2317 41832
2319 16488
2319 10041
2321 818
2321 36429
2323 47459
2323 7519
2325 2324
2327 8681
2327 20326
2329 48713
2331 2737
2333 49329
2333 7333
2335 2593
2335 2334
2337 41768
2337 21045
2339 8221
2339 3287
2341 40732
2343 9297
2343 41152
2345 1748
2345 2361
2347 29461
2349 15784
2349 7701
2351 15242
2351 2350
2353 1106
2353 41890
2355 46709
2355 2354
2357 35505
2357 28421
2359 3863
2361 15330
2361 29973
2363 40920
2363 2362
2365 2987
2365 35937
2367 10087
2367 3453
2369 41204
2369 3149
2371 8021
2371 29753
2373 15230
2373 47523
2375 43332
2375 9457
2377 27313
2377 15568
2379 15006
2379 3115
2381 16344
2381 49653
2383 3699
2383 21017
2385 40374
2385 27881
2387 27929
2387 16972
2389 40754
2389 2388
2391 30169
2393 2075
2395 29957
2395 35169
2397 2511
2397 29037
2399 22487
2399 20627
2401 870
2401 20769
2403 42590
2405 13662
2405 30027
2407 14426
2407 9085
2409 1771
2411 23355
2411 2410
2413 47817
2413 8669
2415 16278
2415 27887
2417 7175
2419 908
2419 7873
2421 29247
2421 27891
2423 42490
2423 14188
2427 27713
2429 20545
2429 16646
2431 16108
2431 16676
2433 40155
2433 36912
2435 23147
2435 14178
2437 41450
2437 27775
2439 13817
2439 2438
2441 16292
2441 15200
2443 27325
2443 22739
2445 27054
2445 2444
2447 14352
2447 29787
2449 21105
2449 47093
2451 9829
2451 2450
2453 2519
2455 35301
2457 41556
2459 14266
2459 2458
2461 40156
2461 23163
2463 48907
2465 27999
2465 20325
2467 2305
2467 2466
2469 21293
2469 28645
2471 390
2471 46831
2473 7006
2473 10415
2475 686
2475 16094
2477 15508
2479 2079
2479 2478
2481 2653
2481 2480
2483 28141
2483 46829
2485 21193
2485 2484
2487 34575
2489 47293
2489 2488
2491 46819
2491 2490
2493 2432
2493 16470
2495 28451
2495 2494
2497 40358
2499 34269
2499 9115
2501 1854
2501 8685
2503 34903
2503 14592
2505 7963
2505 2504
2507 1784
2507 47505
2509 210
2509 20527
2511 2066
2511 16930
2513 42966
2513 2512
2515 10131
2515 8605
2517 1442
2517 7735
2519 7146
2519 2518
2521 29983
2521 47025
2523 8563
2525 28559
2525 41278
2527 2689
2529 16940
2529 42016
2531 16882
2531 2530
2533 48637
2533 2532
2535 7152
2535 16640
2537 1702
2537 42366
2539 14470
2539 21153
2541 8037
2541 10003
2543 34223
2543 7785
2545 22917
2545 35777
2547 8081
2547 2546
2549 35983
2549 36153
2551 10155
2551 2550
2553 49173
2553 34801
2555 975
2555 34125
2557 29481
2557 7901
2559 14092
2559 21471
2561 1875
2563 3247
2565 28663
2565 41294
2567 47907
2569 41974
2569 2568
2571 14272
2571 49197
2573 35379
2575 14246
2575 46769
2577 1974
2577 3411
2579 1973
2579 2578
2581 35753
2581 42000
2583 34843
2585 1552
2585 49643
2587 21585
2587 42478
2589 9211
2591 48377
2591 10213
2593 7439
2593 2592
2595 14136
2595 28943
2597 1645
2597 7431
2599 34355
2599 21739
2601 1556
2601 14856
2603 49699
2603 27034
2605 7015
2605 35211
2607 47835
2607 9559
2609 8315
2609 21697
2611 8301
2611 28173
2613 2608
2613 9749
2615 1228
2615 22103
2617 9547
2617 8525
2619 3477
2621 212
2621 14842
2623 14642
2623 34715
2625 8577
2625 10029
2627 7138
2627 27213
2629 3031
2629 40390
2631 16610
2631 14636
2633 20881
2633 7397
2635 22169
2635 3133
2637 2210
2637 41620
2639 14082
2639 40566
2641 2266
2641 2925
2645 53042
2645 14782
2647 2567
2647 2646
2649 20991
2649 15008
2651 1564
2651 33947
2653 2715
2653 42570
2655 35315
2655 36575
2657 27062
2657 29155
2659 2276
2659 2869
2661 41704
2661 2660
2663 3257
2663 49155
2665 846
2665 2664
2667 41908
2667 7809
2669 23029
2669 2951
2671 21535
2671 21967
2673 27529
2673 2672
2675 47659
2675 7307
2677 20929
2677 23133
2679 40146
2679 23719
2681 47639
2681 2680
2683 14646
2683 2682
2685 34649
2685 3075
2687 8519
2687 22661
2689 36049
2689 47595
2691 2905
2691 7929
2693 21827
2693 16062
2695 20701
2695 8019
2697 2915
2697 48857
2699 41710
2699 14828
2701 15460
2701 14030
2703 29915
2705 41374
2705 2704
2707 9063
2707 28171
2709 41084
2709 2708
2711 1788
2711 2710
2713 22529
2713 30139
2715 1768
2715 35939
2717 2779
2717 46827
2719 2400
2719 8043
2721 48525
2721 9885
2723 1318
2723 2722
2725 3009
2725 3179
2727 8475
2727 29961
2729 2811
2731 8257
2731 2730
2733 22413
2733 17002
2735 15684
2735 2734
2737 3003
2739 7951
2739 10137
2741 9317
2741 35513
2743 33509
2743 3747
2745 36869
2745 9099
2747 7783
2747 8701
2749 3717
2751 41044
2751 48179
2753 16034
2753 34999
2755 8343
2755 8085
2757 34529
2757 15922
2759 7459
2759 2758
2761 16832
2761 7495
2763 29463
2763 9043
2765 2971
2765 8385
2767 30089
2767 43214
2769 8483
2769 2768
2771 9601
2771 2770
2773 47605
2773 27060
2775 3379
2775 48275
2777 7611
2777 29641
2779 20851
2779 23783
2781 9987
2781 33767
2783 7313
2783 2782
2785 2132
2785 3037
2787 34115
2787 7613
2789 9217
2789 41330
2791 16928
2793 8031
2793 29609
2795 27271
2795 9225
2797 2796
2799 10247
2799 16098
2801 15248
2801 9137
2803 15716
2803 15646
2805 3555
2805 48871
2807 2692
2807 29201
2809 15474
2809 34245
2811 2749
2811 9013
2813 7937
2813 2812
2815 47685
2815 7160
2817 3203
2817 2816
2819 21493
2819 35225
2821 49864
2821 3713
2823 1320
2823 9299
2825 9399
2827 2094
2827 29585
2829 2386
2829 8107
2831 46821
2833 23203
2833 2832
2835 9483
2835 35683
2837 10033
2837 2836
2839 28697
2841 1155
2841 40121
2843 40422
2843 49071
2845 8625
2845 3375
2847 20635
2847 35503
2849 2694
2849 14226
2851 16726
2851 22977
2853 3357
2853 3693
2855 3681
2855 8549
2857 16770
2857 29203
2859 941
2859 2858
2861 21033
2861 28107
2863 22379
2863 7625
2865 1282
2865 14248
2867 29887
2867 2866
2869 23165
2869 26943
2871 21461
2871 15240
2873 16162
2873 2872
2875 3291
2875 2874
2877 2937
2879 46638
2879 2878
2881 22965
2881 46979
2883 36645
2883 48793
2885 28253
2885 21175
2887 28301
2889 22659
2889 20703
2891 3233
2891 2890
2893 34353
2893 26923
2895 42726
2895 7142
2897 15826
2897 2896
2899 3361
2899 35809
2901 3169
2901 2900
2903 22083
2905 749
2905 9843
2907 1649
2907 2906
2909 28233
2909 17200
2911 41838
2911 3061
2913 2912
2915 36557
2917 1268
2919 14174
2921 33983
2921 29431
2923 42602
2923 7673
2925 2640
2925 42318
2927 35871
2927 20757
2929 16778
2929 13988
2931 14938
2931 16746
2933 1624
2933 48449
2935 812
2935 8713
2937 14850
2939 27265
2939 48833
2941 14492
2941 3119
2943 21415
2943 16472
2945 7995
2945 2944
2947 14084
2947 2946
2949 17076
2949 28375
2951 2668
2951 16188
2953 23403
2953 2952
2955 22653
2955 43262
2957 41820
2957 7172
2959 2118
2959 3451
2961 36475
2961 2960
2963 43250
2965 35711
2965 15476
2967 34517
2967 29043
2969 27175
2969 15820
2971 8951
2971 35763
2973 27941
2975 2700
2975 14946
2977 22375
2977 2976
2979 27497
2979 15934
2981 48033
2981 40550
2983 29305
2983 2982
2985 48051
2985 15132
2987 41004
2987 40344
2989 36891
2989 42316
2991 2990
2993 21645
2993 2992
2995 2412
2995 34035
2997 306
2997 2996
2999 1908
2999 7629
3001 7907
3003 2736
3003 22471
3005 48345
3005 28365
3007 27595
3007 3285
3009 26937
3009 34939
3011 21313
3011 15222
3013 42006
3013 29909
3015 8457
3017 40728
3017 49433
3019 35229
3019 33991
3021 15362
3021 48327
3023 29999
3025 8655
3027 22869
3027 3147
3029 47777
3029 20987
3031 22857
3031 35097
3033 33909
3033 42110
3035 2476
3035 7913
3037 2784
3037 47011
3039 21743
3039 23565
3041 15092
3041 48785
3043 23129
3043 27569
3045 35167
3045 40734
3047 1782
3047 3391
3049 1170
3049 8771
3051 10195
3051 8109
3053 17100
3053 3659
3055 10275
3057 49231
3057 29879
3059 8849
3059 3850
3061 3157
3061 3841
3063 34877
3063 16492
3065 7639
3065 14338
3067 40438
3067 3066
3069 21693
3069 21549
3071 15342
3073 41606
3073 3072
3075 40900
3075 42672
3077 20657
3077 48675
3079 29291
3079 23301
3081 34983
3081 15414
3083 15976
3083 21987
3085 7781
3085 3084
3087 3213
3087 20577
3089 14832
3089 3088
3091 21613
3091 35797
3093 1720
3093 9863
3095 20446
3095 46555
3097 47961
3097 8095
3099 35021
3099 7299
3101 17042
3101 53047
3103 8807
3103 3569
3105 1112
3105 3777
3107 1046
3107 41282
3109 13784
3109 28935
3111 30257
3111 3295
3113 9569
3115 2459
3115 42746
3117 16086
3119 10506
3119 33889
3121 41694
3121 48717
3123 102
3123 3122
3125 8785
3125 3124
3127 14962
3127 34511
3129 3128
3131 22693
3131 36269
3133 8861
3133 3132
3135 36107
3137 15510
3137 48159
3139 27661
3139 29817
3143 34535
3143 49633
3145 688
3145 22383
3147 3026
3147 41184
3149 2368
3149 27445
3151 27813
3151 16090
3153 8731
3153 27973
3155 14748
3155 7861
3157 2910
3157 43416
3159 22883
3159 34503
3161 16396
3161 14368
3163 2696
3163 42074
3165 2242
3165 40916
3167 43012
3167 3253
3169 8623
3169 3168
3171 2226
3171 3170
3173 720
3173 15882
3175 33528
3175 29651
3177 40332
3177 20985
3179 30099
3179 47435
3181 3040
3181 34779
3183 1955
3183 27603
3185 33845
3185 23175
3187 48099
3187 7523
3189 271
3189 21309
3191 1803
3191 3190
3193 41470
3193 30305
3195 34591
3195 3194
3197 34143
3197 36299
3199 16054
3199 35881
3201 874
3201 29115
3203 29271
3203 7427
3205 14152
3205 7409
3207 34445
3207 23583
3209 3010
3209 3281
3211 41528
3211 35531
3213 14864
3215 27030
3215 23753
3217 15804
3217 10271
3219 36681
3221 47309
3221 3220
3223 1417
3223 3222
3225 2104
3225 8937
3227 14544
3227 8945
3229 23485
3229 23609
3231 20753
3231 29265
3233 41520
3233 10431
3235 29469
3235 27835
3237 10273
3237 10365
3239 1646
3239 9787
3241 1292
3241 3673
3243 29727
3243 3242
3245 23385
3247 15364
3247 48227
3249 34813
3249 28795
3251 46553
3251 8865
3253 9791
3253 15080
3255 40133
3255 3254
3257 48399
3259 15244
3259 3258
3261 9641
3263 3262
3265 47185
3265 14562
3267 9003
3267 14926
3269 41240
3269 48019
3271 3609
3271 8421
3273 22665
3273 47629
3275 3505
3275 9337
3277 14000
3279 1266
3279 3439
3281 3589
3281 3280
3283 1984
3283 7935
3285 3006
3285 3284
3287 7713
3287 10460
3289 9607
3289 9985
3291 1770
3291 7885
3293 16698
3295 9919
3295 3294
3297 15340
3297 3677
3299 2252
3299 40924
3301 2745
3301 3300
3303 9969
3305 2751
3305 28587
3307 14218
3307 14058
3309 22535
3311 9767
3313 27585
3313 3312
3315 43230
3315 3314
3317 7583
3317 15652
3319 28895
3319 15924
3321 3140
3321 3320
3323 1628
3323 28055
3325 3851
3325 7369
3327 34361
3327 3326
3329 42942
3329 3328
3331 8129
3331 3330
3333 9135
3333 27915
3335 34277
3337 15956
3337 21737
3339 49541
3339 20342
3341 2761
3341 3340
3343 27561
3343 7123
3345 34049
3345 3344
3347 34737
3347 3346
3349 7847
3349 3348
3351 34669
3351 3350
3353 14354
3353 3483
3355 95
3355 3354
3357 1024
3357 3356
3359 14532
3359 34719
3361 40804
3361 9739
3363 2435
3363 3362
3365 2474
3365 42646
3367 7293
3367 40034
3369 2156
3371 3401
3371 35613
3373 41506
3373 21023
3375 22655
3375 3374
3377 7759
3377 8467
3379 42094
3381 14572
3381 36147
3383 8889
3385 881
3385 27427
3387 3282
3387 28069
3389 43427
3389 7367
3391 3046
3391 43088
3393 3392
3395 9541
3395 42990
3397 3396
3399 7557
3399 16656
3401 10203
3401 49461
3403 49163
3403 33705
3405 8079
3405 8087
3407 2853
3407 3406
3409 1522
3409 46973
3411 40144
3411 7865
3415 27163
3415 9087
3417 1760
3417 34869
3419 882
3419 9173
3421 3870
3423 20426
3423 17090
3425 1022
3425 42954
3427 1040
3427 40830
3429 768
3429 3428
3431 8171
3431 3430
3433 7108
3433 3653
3435 2772
3435 8469
3437 28177
3437 29335
3439 9127
3441 23639
3441 29731
3443 36665
3445 3234
3445 3444
3447 1334
3449 8729
3449 21371
3451 2958
3451 30009
3453 7829
3453 14548
3455 28829
3455 34475
3457 2985
3457 3456
3459 7325
3459 3458
3461 20681
3461 7717
3463 40856
3463 10333
3465 7016
3465 27621
3467 35187
3469 16012
3469 3468
3471 9819
3471 35313
3473 21591
3473 42148
3475 2706
3475 28947
3477 20805
3477 49475
3479 2040
3479 15558
3481 42558
3483 3352
3483 15704
3485 14654
3485 40930
3487 1926
3487 34335
3489 8485
3489 13902
3491 21969
3493 8973
3493 8245
3495 28971
3495 36539
3497 28065
3497 14298
3499 869
3499 20931
3501 7168
3503 47227
3503 22193
3505 7661
3505 27177
3507 9491
3507 34621
3509 2065
3509 22725
3511 36493
3513 1359
3513 3512
3515 3797
3515 30315
3517 3741
3517 21059
3519 15522
3519 17012
3521 1501
3521 3520
3523 15104
3523 3522
3525 7959
3527 3016
3527 9207
3529 7589
3529 49421
3531 22501
3531 7845
3533 22433
3533 3532
3535 14702
3537 40984
3537 35851
3539 21425
3539 3538
3541 48605
3543 7547
3543 42968
3545 1207
3545 35555
3547 49227
3547 36115
3549 49301
3549 22067
3551 40488
3551 3550
3553 318
3553 21861
3555 30263
3555 8749
3557 1762
3557 3556
3559 36653
3559 3558
3561 27711
3561 27305
3563 40660
3563 8289
3565 1988
3565 3564
3567 28891
3567 30306
3569 49850
3569 8223
3571 34907
3571 35867
3573 2726
3573 33783
3575 7132
3575 3574
3577 1815
3577 46801
3579 20461
3579 3578
3581 1906
3581 14438
3583 9465
3583 21495
3585 28255
3585 7341
3587 7537
3587 41642
3589 40822
3589 15786
3591 47379
3591 3590
3593 23433
3593 40264
3597 35423
3597 41770
3599 3036
3599 41028
3601 8205
3601 41216
3603 8939
3605 22039
3605 40514
3607 40850
3607 3606
3609 29933
3609 7997
3611 7683
3611 13666
3613 8515
3613 3612
3615 2981
3615 3614
3617 1710
3617 35219
3619 8645
3621 8591
3621 15984
3623 40708
3623 3622
3625 23581
3627 9527
3627 20462
3629 29525
3629 3628
3631 42358
3631 47023
3633 21869
3633 27575
3635 1172
3635 15990
3637 7387
3637 3636
3639 34501
3641 49824
3641 3866
3643 42338
3645 15456
3647 41048
3647 8307
3649 8197
3649 13958
3651 3343
3653 3432
3653 23059
3655 22159
3655 21511
3657 9975
3659 7148
3661 8497
3661 40036
3663 34509
3665 7927
3665 10023
3667 9073
3667 20669
3669 28505
3669 16248
3671 16754
3671 3670
3673 27769
3673 7837
3675 22053
3675 8407
3677 41428
3677 3676
3679 1680
3679 9587
3681 1932
3681 14994
3683 47913
3685 1345
3687 27851
3687 8557
3689 14704
3689 3688
3691 30105
3691 3690
3693 14386
3693 3692
3695 2300
3695 20863
3697 9893
3697 48167
3699 2144
3699 3698
3701 22073
3701 27639
3703 2318
3703 8451
3705 36451
3705 23743
3707 53049
3707 16254
3709 15670
3709 22651
3711 3316
3711 14198
3713 47157
3713 3712
3715 27467
3715 8977
3717 9023
3717 43224
3719 1330
3719 16828
3721 15948
3721 8959
3723 14878
3723 17056
3725 34177
3725 49785
3727 14682
3727 3726
3729 1568
3729 14284
3733 1398
3733 10325
3735 2794
3735 8735
3737 8971
3737 42682
3739 13673
3739 9849
3741 16430
3741 22423
3743 28125
3743 9171
3745 14076
3745 3744
3747 3746
3749 7807
3749 21463
3751 47365
3751 34011
3753 29147
3753 3752
3755 33869
3755 15966
3757 2278
3757 22719
3759 41634
3761 27227
3763 9287
3765 49912
3765 34609
3767 3766
3769 16720
3769 3768
3771 776
3771 3830
3775 9817
3777 3869
3777 7343
3779 7731
3779 3778
3781 48545
3783 22603
3783 8983
3785 20811
3785 28269
3787 9133
3787 3786
3789 17163
3789 8329
3791 16692
3791 35099
3793 22757
3793 34749
3795 21389
3795 36283
3797 29901
3797 8371
3799 2881
3799 16580
3800 21499
3800 3623
3801 8781
3801 13798
3802 710
3803 2149
3804 3831
3804 33967
3805 9989
3805 23633
3806 47535
3807 1213
3807 1092
3808 27353
3808 1190
3809 10398
3809 9837
3810 27985
3810 1763
3811 40424
3811 3525
3812 40436
3813 35361
3813 1538
3814 48487
3814 9877
3815 17006
3815 16710
3816 9511
3817 46568
3817 36877
3818 15466
3818 1714
3819 7106
3819 30313
3820 754
3820 14138
3821 3855
3822 726
3822 41442
3823 40780
3823 328
3824 40216
3824 34153
3825 14108
3826 41594
3826 7753
3827 49361
3828 15048
3828 9065
3829 16362
3829 9595
3830 3821
3831 269
3831 704
3832 46401
3832 26409
3833 38475
3833 27003
3834 21611
680 43178
3835 1002
744 21523
3836 23195
3837 898
850 9059
3838 792
910 9855
3839 28429
970 3875
3840 21077
3841 3060
990 3841
3842 40236
992 7277
3843 10387
3844 3849
3845 16650
1248 3845
3846 106
1272 41466
3847 16370
1326 8187
3848 48745
3849 7105
3850 3058
1440 36361
3851 42828
1502 7559
3852 17085
1574 20763
3853 14126
1692 3853
3854 16438
1800 34573
3855 7098
1836 22281
3856 29137
1862 23525
3857 10177
3858 29159
3859 28997
2164 9903
3860 23093
3861 2274
3862 2463
2280 7004
3863 27543
2314 8261
3864 3381
2370 35003
3865 15954
2604 3867
3868 2810
2748 3868
3869 3104
2824 3869
3870 8353
2886 23049
3871 35655
3872 3398
3112 46571
3873 9481
3116 16382
3874 1668
3368 53121
3875 3839
3594 16660
3876 7433
3624 49709
3877 262
3780 16684
3879 52379
3881 17560
3881 19950
3883 31682
3883 25387
3885 52511
3885 12313
3887 33036
3887 32878
3889 33234
3889 4919
3891 11043
3891 19724
3893 6483
3893 50589
3895 26481
3895 24479
3897 19874
3897 37581
3899 30564
3899 5641
3901 40090
3901 46271
3903 32386
3903 3915
3905 26227
3905 26091
3907 5301
3907 33658
3909 17618
3909 6983
3911 52659
3911 23827
3913 38307
3913 17414
3915 38927
3915 51715
3917 32922
3917 26381
3919 11037
3919 17117
3921 12467
3921 13071
3923 33288
3925 19922
3925 6559
3927 71
3927 20290
3929 24067
3929 37541
3931 135
3931 33472
3933 679
3933 7026
3935 19628
3935 24227
3937 25645
3937 4463
3939 5497
3939 4513
3941 17548
3941 4245
3943 30324
3943 50559
3945 44999
3945 5271
3947 6901
3947 50975
3949 570
3949 18972
3951 39853
3951 52847
3953 4337
3953 5623
3955 38115
3955 24675
3957 30472
3957 24639
3959 4637
3959 11499
3961 44995
3961 5993
3963 25443
3965 11263
3967 43813
3967 12991
3969 52323
3969 4581
3971 44351
3971 52837
3973 50637
3973 26477
3975 37397
3975 30756
3977 4405
3979 7034
3979 6471
3981 11543
3981 32840
3983 33571
3983 26733
3985 6611
3985 33661
3987 18390
3987 26419
3989 32380
3989 7039
3991 51823
3991 19748
3993 13547
3993 11685
3995 4269
3995 17352
3997 30329
3997 11635
4001 3935
4001 38581
4003 24537
4003 4002
4005 13131
4005 30708
4007 592
4009 5639
4011 39433
4011 20066
4013 26301
4013 4012
4015 11361
4015 7268
4017 44857
4017 36983
4019 17534
4019 20505
4021 39001
4021 10679
4023 5159
4023 25783
4025 38913
4025 4401
4027 11617
4027 13441
4029 46111
4029 6379
4031 4087
4031 52591
4033 4305
4033 51515
4035 36843
4035 11727
4037 11095
4037 24883
4039 12359
4039 17716
4041 19802
4041 4040
4043 10623
4043 26297
4045 18182
4045 39381
4047 11321
4047 6885
4049 4279
4049 50117
4051 582
4051 6819
4053 31190
4053 52341
4055 50025
4055 30654
4057 50619
4057 17286
4059 38071
4059 18866
4061 46459
4061 25395
4063 51717
4063 13147
4065 5941
4065 11039
4067 37977
4069 32734
4069 50101
4071 599
4071 4070
4073 52311
4075 33645
4075 11999
4077 45663
4077 4225
4079 7031
4079 38103
4081 31814
4083 17116
4083 46697
4085 19864
4085 45275
4087 11651
4087 4086
4089 7185
4089 6137
4091 4553
4091 45265
4093 37197
4093 10969
4095 38633
4095 6607
4097 11887
4097 4096
4099 38809
4099 4555
4101 25715
4101 31970
4103 37861
4103 38095
4105 4969
4105 39761
4107 50555
4107 7038
4109 11191
4109 4108
4111 43655
4113 31140
4113 12145
4115 52263
4115 37245
4117 36943
4117 10701
4119 5823
4119 43851
4121 11977
4121 50665
4123 19130
4123 4122
4125 17242
4125 13601
4127 31322
4127 6127
4129 31372
4129 17396
4131 24969
4131 25993
4133 46197
4133 4725
4135 33274
4135 24859
4137 3933
4139 44659
4139 31412
4141 45255
4141 37463
4143 4649
4143 46065
4145 51029
4145 19762
4147 46477
4147 4523
4149 5407
4149 32932
4151 3946
4151 4319
4153 19554
4153 4152
4155 18100
4155 17500
4157 4403
4157 46333
4159 46051
4159 33142
4161 17790
4161 37351
4165 4090
4165 4193
4167 4187
4167 23740
4169 10559
4169 32116
4171 25195
4171 44301
4173 18330
4173 5613
4175 4229
4175 24417
4177 6453
4179 51923
4179 37355
4181 51825
4181 32212
4183 6563
4183 38543
4185 4209
4185 17608
4187 10953
4187 30326
4189 18098
4191 11965
4191 6243
4193 25785
4193 31832
4195 13365
4195 11473
4197 6065
4197 25249
4199 25957
4199 24509
4201 44233
4201 11117
4203 5331
4203 25603
4205 18130
4205 39881
4207 11155
4207 19826
4209 17110
4209 5697
4211 13617
4211 19652
4213 12615
4213 26731
4215 12357
4217 25973
4217 36951
4219 45053
4219 10472
4221 17276
4223 26271
4223 40185
4225 26385
4225 19708
4227 20178
4227 4226
4229 24827
4229 33002
4231 10471
4231 33362
4233 448
4233 4719
4235 26201
4235 13740
4237 11621
4237 39785
4239 32048
4239 31844
4241 33476
4241 50943
4243 4076
4243 51569
4245 3940
4245 6719
4247 37975
4247 11713
4249 43847
4249 45249
4251 6743
4251 12943
4253 4441
4253 4421
4255 53007
4257 50085
4257 6327
4259 4118
4259 33086
4261 39569
4261 11319
4263 6693
4263 20353
4265 51599
4265 50703
4267 31890
4269 7033
4269 13391
4271 31226
4271 25813
4273 18356
4273 31984
4275 52283
4275 19372
4277 25971
4277 38993
4279 50551
4279 4307
4281 12135
4281 12379
4283 40204
4283 45415
4285 52321
4285 4471
4287 5783
4287 17127
4289 33090
4289 26211
4291 31376
4291 45859
4293 44185
4293 44653
4295 6077
4295 12185
4297 4074
4297 44563
4299 6059
4299 4298
4301 13451
4303 19020
4303 38805
4305 464
4307 12919
4307 4306
4309 6119
4311 11073
4311 33238
4313 19684
4313 7206
4315 25837
4315 51829
4317 17544
4317 39375
4319 4150
4319 6975
4321 23813
4321 5367
4323 51411
4323 50575
4325 30482
4325 5649
4327 46163
4327 17788
4329 10773
4329 6305
4331 25595
4331 19474
4333 18942
4333 13313
4335 18472
4335 10875
4337 4355
4337 52115
4339 38545
4341 30436
4341 30924
4343 46383
4343 26791
4345 53077
4347 11601
4349 6553
4349 19364
4351 11295
4351 4350
4353 12503
4353 5779
4355 23901
4355 43521
4357 13017
4357 11971
4359 45323
4359 4749
4361 24787
4361 4360
4363 10585
4363 4362
4365 17982
4365 44125
4367 43579
4367 5607
4369 4703
4369 5049
4371 6667
4373 37135
4373 18808
4375 32344
4375 4374
4377 3990
4377 4376
4379 4425
4381 6053
4383 32572
4383 10470
4385 4573
4387 6353
4389 17946
4389 51375
4391 30602
4391 4907
4393 13305
4395 6825
4395 32808
4397 24487
4397 5879
4399 18010
4399 51545
4401 7037
4403 37603
4405 3976
4405 45461
4407 23877
4407 4406
4409 6567
4409 45125
4411 3930
4411 39783
4413 52553
4413 13123
4415 3884
4415 26305
4417 13692
4417 38825
4419 45887
4419 18370
4421 12177
4421 11027
4423 51011
4423 4953
4425 3978
4425 5229
4427 10811
4427 4426
4429 51649
4429 51323
4431 6011
4431 6765
4433 5071
4433 44667
4435 25983
4435 50961
4437 44159
4437 4436
4439 50711
4439 45455
4441 51081
4441 13699
4443 18322
4443 6501
4445 24477
4447 52429
4447 44601
4449 52319
4449 19438
4451 11349
4451 5627
4453 26151
4453 17124
4455 19602
4455 26279
4457 3967
4457 33066
4459 4458
4461 19612
4461 4715
4463 32202
4463 4623
4465 32962
4465 6147
4467 10921
4467 49953
4469 38551
4469 4531
4471 7072
4471 6555
4473 12301
4473 26671
4475 39223
4475 53182
4479 13593
4481 38889
4483 50315
4483 51097
4485 38063
4485 32186
4487 17508
4487 33004
4489 45527
4489 24281
4491 11011
4491 39605
4493 45649
4493 4492
4495 11257
4497 38709
4497 18136
4499 44361
4499 44047
4501 4084
4501 38649
4503 5025
4503 4502
4505 13439
4505 4504
4507 44329
4507 12181
4509 37439
4509 4508
4511 38939
4511 4510
4513 13491
4513 18704
4515 19566
4515 38669
4517 508
4517 44959
4519 429
4521 50443
4523 25355
4523 30946
4525 11181
4525 11771
4527 24253
4527 4526
4529 5959
4529 11357
4531 37131
4531 31944
4533 12275
4533 20252
4535 5011
4535 4534
4537 24963
4537 4536
4539 4472
4539 5131
4541 18550
4541 45305
4543 17133
4543 13868
4545 5487
4545 44045
4547 26623
4547 38793
4549 31300
4549 18034
4551 5485
4551 52495
4553 5287
4553 32214
4555 6245
4555 10715
4557 30438
4557 4556
4559 33132
4561 17422
4561 17406
4563 19680
4563 32124
4565 6947
4565 30958
4567 24163
4567 50445
4569 30694
4569 52813
4571 4993
4571 33258
4573 7234
4573 12999
4575 3894
4575 19416
4577 11559
4577 44035
4579 24491
4579 10965
4581 5711
4581 4580
4583 5111
4583 45369
4585 50069
4585 26179
4587 52065
4587 19128
4589 12551
4589 13493
4591 4825
4591 4590
4593 52667
4593 33374
4595 5063
4595 4594
4597 50239
4597 6143
4599 25781
4599 5343
4601 25507
4601 39467
4603 50907
4603 45773
4605 6987
4605 25683
4607 40005
4607 30330
4609 32366
4609 5279
4611 31934
4611 6385
4613 5859
4613 10721
4615 39393
4615 11151
4617 11055
4619 4959
4619 17332
4623 23741
4623 20132
4625 32436
4625 12587
4627 4921
4627 44793
4629 37413
4629 6467
4631 12089
4631 4630
4633 51743
4633 24453
4635 39111
4635 52991
4637 512
4637 13549
4639 17111
4639 6111
4641 30776
4641 6417
4643 25007
4643 4642
4645 4883
4645 12159
4647 37347
4647 4646
4649 24749
4649 37261
4651 13039
4651 33032
4653 6953
4653 30762
4655 45261
4655 10476
4657 20210
4657 52223
4659 26980
4659 4658
4661 39075
4661 32050
4663 44911
4663 30434
4665 32332
4665 6809
4667 51475
4667 18332
4669 12453
4671 38481
4671 52957
4673 10469
4673 5351
4675 45667
4675 39865
4677 37359
4677 24593
4679 26755
4679 17258
4681 10753
4681 4680
4683 31274
4683 24777
4685 32792
4685 4684
4687 10983
4687 50469
4689 19530
4689 4688
4691 11607
4691 13109
4693 30774
4693 32852
4695 44861
4695 4729
4697 5673
4697 38233
4699 17888
4699 33166
4701 18894
4701 12847
4703 4042
4703 6273
4705 10979
4705 5211
4707 13719
4707 45171
4709 18590
4709 31448
4711 52979
4711 32494
4713 32378
4713 5433
4715 4460
4715 18288
4717 26970
4717 18002
4719 52689
4719 43937
4721 6387
4721 11471
4723 44605
4723 4722
4725 4132
4725 5107
4727 18726
4729 4791
4729 4728
4731 37895
4731 39161
4733 39341
4733 19984
4735 45727
4737 4100
4737 5679
4739 37283
4739 19774
4741 39645
4741 25231
4743 32314
4743 10683
4745 32372
4745 51155
4747 4182
4747 31812
4749 24565
4749 4748
4751 26079
4751 37331
4753 19472
4753 4752
4755 17836
4755 4754
4757 4845
4757 12507
4759 17410
4759 44419
4761 38957
4761 31780
4763 12017
4763 51709
4765 19280
4765 52095
4767 5511
4767 32948
4769 52167
4769 25481
4771 6807
4771 5819
4773 49931
4773 25759
4775 30508
4775 46595
4777 23989
4779 24379
4779 19562
4781 20006
4781 39205
4783 31104
4783 6623
4785 31502
4785 11539
4787 426
4787 32880
4789 32330
4789 19006
4791 51987
4791 5899
4793 31390
4793 32250
4795 6343
4795 37597
4797 26407
4797 10621
4799 25667
4799 31384
4801 53098
4801 13629
4803 46411
4803 46013
4805 17574
4807 39031
4809 5381
4809 4808
4811 51891
4811 46009
4813 4925
4813 25121
4815 5751
4817 6009
4819 37971
4821 13207
4821 26375
4825 38487
4827 12121
4827 25207
4829 12857
4829 26899
4831 17230
4831 11261
4833 37891
4833 5663
4835 38107
4835 39379
4837 25817
4837 4836
4839 50423
4839 25529
4841 26667
4841 19428
4843 497
4843 19014
4845 4248
4845 5055
4847 4000
4847 45293
4849 44335
4849 50539
4851 37817
4851 10967
4853 44403
4853 31494
4855 26371
4857 4428
4859 51757
4859 45067
4861 20020
4861 19198
4863 6477
4865 37085
4865 19736
4867 45025
4867 32304
4869 10669
4869 4868
4871 24415
4871 6973
4873 4875
4873 19242
4875 31958
4877 10739
4877 45419
4879 26539
4879 39079
4881 33254
4881 25685
4883 4882
4885 10899
4885 18028
4887 25327
4887 26789
4889 4333
4891 53102
4891 30848
4893 40164
4895 5951
4895 44153
4897 12575
4897 44723
4899 43771
4901 33136
4901 31240
4903 49866
4903 6485
4905 7177
4907 26799
4907 38025
4909 13684
4909 26829
4911 32252
4913 7023
4913 7021
4915 12719
4915 13870
4917 31592
4919 51915
4921 6217
4921 30996
4923 37955
4923 4922
4925 12947
4925 31908
4927 52159
4927 7215
4929 661
4929 50009
4931 39321
4931 7194
4933 32428
4933 4932
4935 12777
4935 30548
4937 31480
4937 18044
4939 45781
4939 37387
4941 25757
4941 33456
4943 51731
4943 12803
4945 525
4945 32442
4947 18168
4947 24213
4949 25241
4949 52383
4951 19158
4951 4950
4953 51147
4953 4952
4955 43368
4955 4963
4957 631
4957 13197
4959 33240
4959 46129
4961 39515
4963 11303
4963 5375
4965 32296
4965 18050
4967 38377
4967 18394
4969 19582
4969 4968
4971 26549
4971 4970
4973 4484
4973 44835
4975 20008
4975 6177
4977 37023
4979 44725
4979 13075
4981 26601
4983 52421
4985 37705
4985 50973
4987 13685
4987 5347
4989 50959
4989 37423
4991 18106
4991 51257
4993 4290
4993 5109
4995 5743
4997 12063
4997 4996
4999 4990
4999 5591
5001 3920
5001 5000
5003 12597
5003 30470
5005 6507
5005 45683
5007 3986
5007 39127
5009 11745
5009 53093
5011 5167
5011 5013
5013 5010
5013 6877
5015 12349
5015 5267
5017 11661
5017 17578
5019 37215
5019 5018
5021 10569
5021 5020
5023 52529
5023 30768
5025 43897
5025 5024
5027 31826
5029 52411
5029 11513
5031 32714
5033 17404
5033 24293
5035 50335
5035 37047
5037 24505
5037 17806
5039 38295
5039 6897
5041 51163
5041 5453
5043 51787
5043 18638
5045 5231
5045 32656
5047 44385
5047 39063
5049 20198
5049 5831
5051 12731
5051 17302
5053 37543
5053 6629
5055 43537
5055 20080
5057 31614
5057 5079
5059 52031
5059 5371
5061 23801
5061 11201
5063 24659
5063 23839
5065 38489
5065 6063
5067 11333
5067 37365
5069 5243
5069 46363
5071 10787
5071 52855
5073 12581
5075 37509
5075 19306
5077 4979
5077 6709
5079 5341
5079 5078
5081 50091
5081 12157
5083 51575
5083 25509
5085 17698
5085 12443
5087 45901
5087 11993
5089 52185
5089 12209
5091 30468
5091 50087
5093 4758
5093 18286
5095 52255
5095 5094
5097 18348
5097 45281
5099 11517
5099 43497
5101 10719
5103 5187
5103 5102
5105 12837
5105 18160
5107 4724
5107 5113
5109 4992
5109 5707
5111 4564
5111 11463
5113 5106
5113 38037
5115 4902
5115 11139
5117 6747
5117 5145
5119 23833
5119 20002
5121 19920
5121 51557
5123 5143
5125 17904
5125 32450
5127 4686
5127 5457
5129 6587
5129 5128
5131 37853
5131 13081
5133 37519
5133 18594
5135 5134
5137 51937
5137 5136
5139 5006
5139 51329
5141 5423
5141 45107
5143 37095
5143 19450
5145 6255
5145 5873
5147 6649
5147 5791
5149 4537
5149 11831
5151 6859
5151 37793
5153 19516
5153 11177
5155 550
5155 6463
5157 5195
5157 19462
5159 31254
5159 5158
5161 32422
5163 5259
5163 5162
5165 6437
5165 12795
5167 3988
5167 37611
5169 444
5169 6269
5171 20502
5173 10761
5173 44967
5175 19766
5175 24943
5177 26871
5179 31156
5179 18224
5181 40070
5181 19798
5183 24221
5183 13605
5185 3982
5185 32246
5187 39793
5187 10985
5189 18520
5189 52849
5191 52739
5191 25021
5193 26129
5193 19442
5195 32896
5195 50393
5197 6725
5197 6355
5199 51131
5199 32528
5201 33366
5203 4370
5203 18840
5205 25677
5205 12161
5207 12659
5207 31076
5209 19912
5209 32446
5211 4704
5211 5965
5215 39097
5215 10999
5217 46335
5219 4955
5219 13465
5221 4454
5221 10651
5223 5885
5223 12133
5225 12087
5225 51919
5227 11121
5229 17986
5229 18560
5231 40162
5231 32150
5233 18788
5233 5232
5235 37375
5235 52021
5237 39487
5237 5236
5239 5040
5241 7049
5243 52863
5243 5413
5245 12921
5245 5244
5247 6899
5247 5246
5249 19756
5251 17672
5251 39033
5253 31962
5253 26769
5255 5911
5255 50511
5257 32898
5259 24601
5261 31772
5261 5260
5263 26545
5263 50205
5265 6413
5265 45567
5267 44333
5269 51727
5269 26503
5271 50613
5271 11585
5273 26513
5273 24911
5275 5825
5277 13291
5277 5276
5279 51815
5279 12137
5281 33058
5281 7083
5283 37567
5283 45355
5285 31986
5285 13363
5287 24361
5287 20372
5289 39669
5289 50299
5291 19028
5291 25393
5293 10729
5293 13473
5295 51363
5295 44061
5297 23724
5297 44073
5299 4342
5299 24699
5301 501
5301 37033
5303 31972
5303 19632
5305 38421
5305 17398
5307 13697
5307 6969
5309 31758
5311 5302
5311 12259
5313 4737
5313 51957
5315 5961
5317 6121
5317 26775
5319 31864
5319 20238
5321 26049
5321 52627
5323 52563
5323 5322
5325 5324
5327 5669
5327 12149
5329 24959
5329 6887
5331 6599
5331 5330
5333 38237
5333 5332
5335 43499
5335 12065
5337 12709
5337 11451
5339 19048
5339 38387
5341 5056
5341 18548
5343 17470
5343 5342
5345 44801
5345 32628
5347 50237
5349 52865
5349 38011
5351 11655
5353 3896
5353 5451
5355 13483
5355 52765
5357 7087
5357 53063
5359 657
5359 37601
5361 4227
5361 5360
5363 11725
5363 5362
5365 6763
5365 5364
5367 4320
5367 26237
5369 4207
5371 53100
5371 13209
5373 13307
5373 25679
5377 18378
5377 24143
5379 24061
5379 11583
5381 4286
5381 10615
5383 10889
5383 37721
5385 7058
5385 39361
5387 54
5387 39461
5389 37057
5389 5695
5391 12139
5391 31470
5393 13003
5393 44463
5395 13355
5395 37535
5397 32664
5397 20192
5399 31644
5401 4940
5401 12971
5403 5525
5403 7056
5405 38907
5405 5455
5407 52803
5407 13139
5409 17522
5409 5408
5411 4905
5413 5795
5415 26373
5415 17294
5417 6103
5417 19490
5419 6281
5419 19494
5421 37969
5421 12415
5423 4488
5423 23907
5425 51797
5425 26171
5427 46097
5427 5426
5429 17372
5429 20380
5431 33192
5433 4712
5433 6799
5435 17314
5435 12737
5437 51043
5437 51523
5439 25219
5439 44221
5441 43383
5441 37483
5443 4186
5443 25067
5445 4356
5445 37879
5447 18344
5449 5080
5449 43911
5451 5352
5451 37151
5453 17468
5453 5452
5455 7238
5457 5126
5457 6209
5459 31310
5459 25487
5461 5460
5463 12099
5465 32764
5465 5464
5467 11061
5469 5703
5471 30682
5471 32042
5473 26839
5473 5853
5475 12621
5475 5474
5477 5392
5477 38333
5479 18462
5481 4437
5481 5480
5483 4390
5483 30766
5485 6233
5485 18320
5487 44945
5489 4878
5489 6551
5491 31238
5491 5490
5493 51679
5493 10619
5495 12517
5495 6773
5497 45103
5497 24517
5499 46481
5499 5498
5501 5380
5501 6585
5503 31896
5503 32872
5505 4131
5505 5504
5507 6531
5507 5506
5509 12081
5511 4692
5511 17814
5513 12207
5513 44381
5515 5835
5515 5514
5517 46600
5517 30792
5519 50849
5519 26577
5521 5308
5521 38653
5523 10731
5523 11373
5525 4586
5527 5717
5527 5526
5529 39409
5529 46027
5531 38257
5531 6441
5533 32496
5533 24679
5535 6105
5535 24769
5537 4838
5537 11341
5539 12705
5539 5538
5541 4577
5541 5540
5543 31668
5543 19926
5545 44179
5545 32560
5547 51287
5547 5546
5549 51435
5549 10905
5551 5191
5551 32130
5553 26037
5553 32096
5555 4740
5555 30702
5557 5553
5557 32320
5559 19932
5561 45679
5561 17420
5563 6863
5563 5562
5565 24137
5565 37871
5567 6515
5567 17622
5569 32466
5569 5568
5571 19064
5571 49999
5573 10881
5573 19746
5575 38887
5575 38511
5577 36949
5577 18996
5579 32914
5581 26785
5581 31744
5583 44253
5585 10843
5587 4212
5587 5991
5589 45087
5589 31886
5591 19604
5591 5590
5593 10803
5595 20248
5595 5594
5597 440
5597 30998
5599 37737
5599 5601
5601 5598
5601 11233
5603 13215
5603 30410
5605 148
5607 13005
5607 5606
5609 4110
5609 11871
5611 24095
5613 52077
5615 25397
5617 12827
5619 37453
5621 4302
5621 13227
5623 45821
5623 44581
5625 10629
5625 26995
5627 31738
5627 5626
5629 4780
5629 45571
5631 4818
5631 45671
5633 31222
5633 5632
5635 39271
5635 5634
5637 20076
5639 13077
5639 50269
5641 44055
5641 5659
5643 52003
5645 12673
5645 39621
5647 11275
5649 6397
5649 33378
5651 12253
5651 11167
5653 53160
5653 52947
5655 20206
5657 32308
5657 5656
5659 39313
5659 18396
5661 12683
5661 5660
5663 33302
5663 5662
5665 24241
5665 25373
5667 18604
5667 5666
5669 44589
5669 5668
5671 6381
5671 5670
5673 424
5673 26819
5675 17718
5675 5674
5677 52145
5677 31660
5679 39295
5679 24499
5681 5843
5681 18654
5683 7248
5685 33590
5685 32492
5687 5150
5689 20010
5691 33204
5691 38947
5693 39331
5693 5692
5695 5388
5695 37909
5697 6843
5699 38191
5699 10547
5701 36947
5703 37813
5703 6875
5705 587
5705 31132
5707 32088
5707 11861
5709 44579
5709 5708
5711 3968
5711 13325
5713 27022
5713 24829
5715 31898
5715 19966
5717 4278
5717 26315
5719 20510
5721 31010
5721 12303
5723 4714
5723 50873
5725 51807
5725 45737
5727 44575
5727 52823
5729 45177
5729 32698
5731 4795
5731 24903
5733 24965
5733 5732
5735 44711
5735 30398
5737 31292
5737 19852
5739 36937
5739 5889
5741 12191
5741 12331
5743 7221
5743 11943
5745 45111
5745 5744
5747 6527
5747 11467
5749 43729
5749 24711
5751 19664
5751 25423
5753 18102
5753 32604
5755 18540
5757 6455
5757 19016
5759 45807
5759 32614
5761 33126
5761 7020
5763 46233
5763 5762
5765 18426
5765 6401
5767 25161
5767 30600
5769 52757
5769 5768
5771 167
5771 30412
5773 38515
5773 5772
5775 4183
5775 18372
5777 19062
5777 5776
5779 4352
5779 5805
5781 11385
5781 6163
5783 11077
5783 19150
5785 595
5785 5784
5787 11193
5787 5786
5789 39889
5789 5788
5791 19526
5791 6561
5793 45563
5795 5242
5795 11175
5797 6681
5799 5596
5799 33218
5801 19368
5801 5800
5803 25223
5803 11279
5805 10617
5805 46199
5807 44113
5809 46547
5809 6093
5813 5529
5813 37823
5815 12353
5815 5814
5817 10871
5817 51045
5819 23937
5819 5818
5821 6781
5821 52373
5823 5987
5823 5822
5825 26065
5825 25531
5827 6017
5827 32064
5829 31822
5829 23725
5831 5048
5831 5830
5833 6673
5833 31114
5835 11811
5835 49965
5837 11309
5837 51161
5839 6125
5839 5838
5841 32482
5841 12571
5843 19446
5843 36850
5845 50793
5845 52039
5847 13153
5849 50531
5849 45169
5851 26183
5851 26449
5853 18562
5855 31606
5855 26207
5857 38699
5857 5856
5859 51535
5859 5858
5861 32384
5861 13545
5863 44593
5863 25031
5865 6461
5867 20396
5867 19038
5869 37923
5869 32916
5871 26197
5871 52275
5873 17226
5873 39887
5875 45847
5875 17734
5877 44095
5877 39483
5879 4396
5879 12593
5881 19872
5883 4064
5883 11179
5885 5042
5885 11487
5887 31492
5887 33306
5889 27113
5889 53105
5891 37405
5893 13832
5895 3979
5895 5894
5897 6395
5897 32104
5899 11051
5899 24709
5901 4515
5901 5900
5903 25193
5903 33416
5905 31262
5905 44377
5907 39651
5909 11769
5909 31674
5911 6525
5913 53066
5913 12911
5915 26763
5915 26487
5917 45669
5917 12595
5919 11765
5919 11299
5921 51111
5921 44895
5923 5391
5923 51985
5925 10591
5925 5924
5927 38425
5929 13229
5929 19374
5931 20188
5931 51301
5933 4133
5933 5932
5935 20523
5937 5373
5937 30790
5939 18016
5939 45945
5941 25201
5941 5940
5943 40017
5943 24389
5945 39871
5945 12559
5947 11305
5947 12995
5949 5039
5949 5948
5951 4246
5953 40076
5953 44001
5955 4400
5955 44157
5957 52971
5957 18308
5959 51887
5959 12445
5961 4926
5961 31474
5963 4497
5965 5821
5965 5964
5967 7074
5967 6705
5969 49997
5969 19358
5971 44717
5971 11003
5973 6593
5973 5972
5975 38527
5977 18786
5979 18620
5979 5978
5981 11067
5981 11185
5983 13517
5983 31358
5985 37621
5985 32524
5987 4295
5987 5986
5989 20366
5989 12735
5991 43607
5991 7214
5993 7077
5993 52821
5995 51999
5995 6931
5997 37571
5997 44925
5999 26093
5999 45189
6001 10659
6001 19940
6003 37511
6005 46209
6005 11093
6007 32134
6007 11879
6009 6083
6009 37493
6011 26875
6011 52277
6013 12677
6015 44453
6015 49881
6017 4568
6017 17298
6019 11119
6019 38683
6021 37491
6021 6020
6023 39215
6023 19892
6025 5037
6025 37385
6027 6671
6027 7265
6029 4385
6029 12701
6031 19022
6031 18170
6033 43875
6033 51579
6035 18492
6035 6034
6037 10771
6039 45071
6039 13179
6041 46011
6041 43565
6043 38605
6043 6199
6045 6291
6045 31288
6047 45813
6049 37563
6049 13177
6051 20072
6051 25185
6053 7184
6053 11521
6055 19904
6055 6405
6057 4348
6057 6957
6059 19302
6059 39817
6061 13253
6061 26259
6063 5064
6063 6583
6065 554
6065 45809
6067 52203
6067 37851
6069 11171
6069 24689
6071 50901
6071 45407
6073 45387
6073 12201
6075 10941
6075 6749
6077 5249
6077 6076
6081 51657
6083 4816
6083 12527
6085 18064
6087 17320
6087 12907
6089 51085
6089 6088
6091 7271
6091 6090
6093 38645
6093 44439
6095 19110
6095 38883
6097 12217
6099 4092
6099 6707
6101 5612
6101 10963
6103 18200
6103 11701
6105 11249
6105 6104
6107 4210
6107 12867
6109 4750
6109 32522
6111 4638
6113 5166
6113 44169
6115 25963
6115 27007
6117 52393
6117 24641
6119 17378
6121 13247
6121 32460
6123 13201
6123 31362
6125 17818
6127 4126
6127 50879
6129 644
6129 38539
6131 4532
6131 19552
6133 26089
6133 6665
6135 11869
6135 26501
6137 4088
6137 12103
6139 12825
6139 31196
6141 10795
6141 6140
6143 4596
6143 6142
6145 37289
6145 24235
6147 6146
6149 12155
6149 13001
6151 52049
6151 37527
6155 38469
6157 5429
6157 6156
6159 38525
6159 6158
6161 50083
6161 13603
6163 12821
6163 6162
6165 20216
6165 6164
6167 24513
6167 18822
6169 5947
6169 10883
6171 6943
6171 50077
6173 6022
6173 19876
6175 26713
6177 11931
6177 30920
6179 6160
6179 12027
6181 38743
6181 6180
6183 5902
6183 52691
6185 50147
6185 39029
6187 7243
6189 5304
6189 18948
6191 7259
6193 11127
6193 39479
6195 45653
6195 31158
6197 12525
6197 12197
6199 6042
6199 6198
6201 40108
6201 37391
6203 30500
6203 13541
6205 12057
6205 26213
6207 17402
6207 19648
6209 12361
6209 6208
6211 12211
6211 51773
6213 37129
6215 24007
6215 19824
6217 4262
6217 44093
6219 30780
6219 6218
6221 6311
6221 6259
6223 17616
6225 46399
6225 11689
6227 13487
6229 51629
6229 12097
6231 18882
6231 6230
6233 20038
6233 18326
6235 20062
6237 10717
6237 17794
6239 7182
6241 4660
6241 18888
6243 51201
6243 20040
6247 27074
6249 12225
6251 5604
6251 30594
6253 4841
6253 6252
6255 13105
6255 6254
6257 39531
6257 6263
6259 12293
6259 6258
6261 19202
6261 31848
6263 19328
6263 40069
6265 38397
6265 6264
6267 38207
6267 6266
6269 7262
6271 19366
6271 46588
6273 24407
6273 6272
6275 12967
6275 51643
6277 38855
6277 6276
6279 30566
6279 19888
6281 30974
6281 45095
6283 3881
6283 6282
6285 46253
6285 50181
6287 6627
6289 38753
6289 31452
6291 5834
6291 24857
6293 32986
6293 46403
6295 12573
6295 51377
6297 38797
6297 6296
6299 33122
6299 6298
6301 4050
6301 24091
6303 19132
6303 20398
6305 39691
6305 6304
6307 5458
6307 11893
6309 5250
6309 6615
6311 11245
6311 19720
6313 6663
6313 17280
6315 5483
6315 46379
6317 4751
6319 45725
6319 39675
6321 4032
6321 30888
6323 5446
6323 18728
6325 7261
6325 36854
6327 30502
6327 6326
6329 13381
6331 30338
6331 24445
6333 37711
6333 45867
6335 12237
6335 31064
6337 31134
6337 19106
6339 18052
6341 26099
6341 6340
6343 32434
6343 11015
6345 11103
6345 6344
6347 6346
6349 50889
6351 44133
6351 52665
6353 4386
6353 6352
6355 51729
6355 6354
6357 462
6357 30496
6359 33412
6361 18364
6361 46277
6363 32704
6363 33643
6365 20110
6365 38221
6367 19478
6367 32114
6369 19312
6369 19754
6371 38751
6371 44455
6373 32580
6373 39967
6375 37193
6375 6374
6377 17948
6377 13395
6379 44811
6381 11425
6381 32738
6383 10705
6383 46031
6385 24893
6385 6384
6387 17636
6387 43374
6389 5121
6389 6388
6391 11941
6391 37031
6393 4456
6393 52927
6395 12727
6397 6037
6397 6396
6399 32488
6399 52875
6401 25349
6401 19616
6403 27132
6403 12011
6405 50739
6405 39265
6407 5712
6409 24063
6409 43437
6411 7255
6413 37433
6413 24741
6415 25547
6415 12263
6417 31108
6417 52745
6419 13744
6419 13643
6421 10841
6421 19308
6423 5103
6423 33226
6425 25033
6425 32832
6427 19210
6427 43377
6429 31522
6429 25825
6431 44669
6431 6430
6433 52893
6433 11421
6435 32822
6435 50877
6437 17356
6437 45769
6439 33130
6439 17368
6441 46041
6441 26547
6443 4483
6443 37071
6445 32276
6445 18932
6447 568
6447 6446
6449 31242
6449 36858
6451 52749
6451 31788
6453 11483
6453 6452
6455 50693
6455 32890
6457 18774
6457 45981
6459 5312
6459 6458
6461 18084
6461 7208
6463 31416
6463 33334
6465 51833
6465 45499
6467 12069
6467 51525
6469 7209
6471 36859
6471 31824
6473 17296
6473 51615
6475 4459
6475 46023
6477 6977
6477 6476
6479 52279
6479 51655
6481 24121
6481 6480
6483 13033
6483 33552
6485 25651
6487 26109
6489 10575
6489 18920
6491 30514
6491 6490
6493 38039
6493 45421
6495 10991
6495 6494
6497 5334
6497 43751
6499 45961
6499 6498
6501 52647
6503 4315
6503 12195
6505 4468
6505 17882
6507 10821
6507 6506
6509 11743
6509 10869
6511 46203
6511 6533
6513 52615
6513 6512
6515 50109
6515 43595
6517 6617
6519 31750
6521 5746
6521 10809
6523 13163
6525 12015
6525 10755
6527 11293
6527 6526
6529 5976
6529 23963
6531 537
6531 20078
6533 10655
6533 6532
6535 4694
6535 38673
6537 13027
6537 6536
6539 39693
6539 37075
6541 38789
6543 30396
6543 45089
6545 44285
6545 6544
6547 12323
6547 51501
6549 13499
6549 50563
6551 5715
6551 37963
6553 52669
6553 18442
6555 6651
6555 26751
6557 4410
6557 50611
6559 17504
6559 6558
6561 5790
6561 33310
6563 616
6563 39099
6565 10479
6565 6637
6567 43459
6569 18082
6569 37299
6571 6661
6571 20126
6573 4866
6573 13463
6575 39959
6575 50343
6577 31056
6577 51889
6579 4805
6581 11847
6581 6580
6583 10627
6583 6582
6585 17238
6585 43907
6587 552
6587 25211
6589 435
6589 6588
6591 13736
6591 12933
6593 31382
6593 53023
6595 32592
6595 11149
6597 7241
6599 6753
6599 6598
6601 11217
6601 24913
6603 11141
6603 52289
6605 10849
6605 25155
6607 4371
6607 6606
6609 25303
6609 46037
6611 17792
6611 32758
6613 11163
6613 38517
6615 6308
6615 43765
6617 11863
6617 6616
6619 4075
6619 6618
6621 17528
6621 6620
6623 4782
6623 11695
6625 30976
6625 12051
6627 7202
6627 24215
6629 32374
6629 6628
6631 45021
6631 24519
6633 31278
6633 7213
6635 25843
6635 10993
6637 52061
6639 32404
6639 18584
6641 18738
6641 6640
6643 20028
6643 6691
6645 6426
6645 11693
6647 32092
6647 32478
6649 5062
6649 6648
6651 4470
6653 44983
6653 30746
6655 17832
6655 32204
6657 24419
6657 33438
6659 10847
6659 6658
6661 38941
6661 52417
6663 51275
6663 6662
6665 11841
6667 11673
6667 17936
6669 38215
6671 44603
6673 13241
6673 6672
6675 44239
6677 17128
6677 17212
6679 19292
6679 44559
6681 45551
6681 38965
6683 26317
6683 27010
6685 31602
6687 19162
6689 13221
6689 6688
6691 31296
6691 17376
6693 24731
6695 12725
6697 51597
6697 25969
6699 45639
6701 17602
6701 10581
6703 5104
6703 45877
6705 32354
6707 24183
6707 7211
6709 5076
6709 26119
6711 11183
6711 10685
6713 52125
6713 31818
6715 49939
6717 39091
6717 52419
6719 17730
6719 6718
6721 52353
6721 6720
6723 27013
6723 46133
6725 20270
6725 25159
6727 31712
6727 6726
6729 25317
6729 19820
6731 25915
6731 19264
6733 51765
6733 6732
6735 26457
6737 5565
6737 6736
6739 5929
6739 6738
6741 39337
6741 44307
6743 613
6743 6742
6745 6548
6745 45361
6747 53039
6747 11667
6749 25749
6749 37341
6751 32266
6751 26753
6753 13113
6753 6752
6755 12173
6757 31746
6757 31212
6759 50451
6759 32836
6761 11565
6761 6760
6763 24631
6763 6762
6765 17916
6765 6764
6767 50629
6767 11623
6769 6783
6769 24087
6771 13261
6771 39721
6773 46205
6773 30764
6775 30722
6777 32006
6777 32244
6779 12651
6779 50811
6781 5210
6781 30644
6783 6817
6783 6782
6785 19434
6785 37637
6787 25455
6787 50807
6789 43775
6789 24563
6791 6132
6791 6847
6793 19456
6793 24257
6795 25447
6795 52633
6797 4560
6799 38465
6799 6798
6801 10801
6801 19512
6803 17766
6803 6802
6805 5702
6805 17712
6807 4010
6807 6806
6809 44217
6811 17564
6811 11347
6813 18626
6815 26797
6815 6814
6817 6522
6817 25157
6819 26499
6819 31498
6821 52909
6821 17260
6823 5992
6825 39929
6827 6731
6827 6826
6829 4872
6829 11173
6831 27012
6831 26421
6833 32122
6833 32728
6835 26805
6835 51689
6837 37451
6837 38305
6839 4139
6841 12539
6841 10955
6843 32056
6843 38611
6845 6844
6847 11687
6847 19982
6849 52503
6851 12369
6851 39017
6853 4768
6853 12769
6855 5200
6855 50591
6857 10981
6857 6856
6859 19832
6859 6858
6861 11611
6863 46239
6863 19532
6865 32968
6865 13161
6867 5098
6867 6866
6869 19082
6869 33569
6871 26247
6871 13235
6873 4572
6873 50153
6875 39211
6875 6874
6877 38901
6879 13327
6879 6878
6881 26461
6881 6880
6883 30914
6883 12951
6885 18104
6885 18586
6887 12039
6887 6886
6889 25163
6889 50919
6891 4097
6891 6890
6893 10587
6893 6892
6895 32530
6895 33490
6897 11801
6897 6905
6899 24127
6899 6898
6901 4451
6901 6900
6903 5096
6903 12841
6905 6896
6905 6904
6907 36987
6907 12815
6909 18414
6909 11905
6911 19140
6911 10887
6913 4827
6913 6912
6915 52155
6915 37437
6917 37947
6917 19098
6919 46055
6919 6918
6921 10573
6921 50833
6923 43473
6923 10553
6925 6669
6925 18418
6927 5789
6929 19100
6929 10649
6931 18964
6931 39819
6933 23728
6933 11331
6935 19718
6937 20497
6937 19606
6939 52781
6939 24327
6941 44087
6941 26867
6943 4242
6943 45381
6945 3975
6945 6944
6947 27079
6947 12283
6949 5255
6949 6948
6951 10989
6951 6950
6953 12685
6955 5980
6955 11019
6957 11857
6957 51725
6959 25221
6959 24165
6961 4563
6961 32816
6963 515
6963 6962
6965 51333
6965 12239
6967 26817
6967 13049
6969 18198
6971 24103
6971 39023
6973 24443
6975 25255
6975 18580
6977 12799
6977 52681
6979 10605
6979 50273
6981 13361
6981 39989
6983 20422
6983 44627
6985 19394
6985 11075
6987 11665
6987 45861
6989 6988
6991 4604
6991 38677
6993 6371
6993 51959
6994 33513
6994 9705
6995 49581
6995 49485
6996 29475
6996 22843
6997 21513
6997 3719
6998 27351
6998 1758
6999 947
6999 802
7000 2825
7000 1113
7001 28243
7001 1922
7002 1319
7002 2130
7003 108
7003 1660
7004 21355
7004 35727
7005 27239
7005 8649
7006 8545
7007 862
7007 1795
7008 20953
7008 40752
7009 35311
7009 7114
7010 16172
7010 3022
7011 33817
7011 42708
7012 36525
7012 231
7013 2545
7013 934
7014 709
7014 3412
7015 3825
7015 3490
7016 21933
7016 3464
7018 7011
7018 3321
7019 5420
7019 44161
7020 26087
7020 6755
7021 4912
7021 49943
7022 4434
7023 13748
7023 12931
7024 7081
7025 4927
7026 6989
7026 25399
7027 5356
7028 7232
7029 5995
7029 4266
7030 39041
7030 4863
7031 50227
7031 5083
7032 12151
7032 51327
7033 25245
7033 45839
7034 26597
7034 7080
7035 4384
7036 5875
7036 31028
7037 7183
7037 25943
7038 37807
7038 4480
7039 26149
7039 31258
7040 45559
7041 31036
7041 23951
7042 31232
7042 11835
7043 46391
7043 25417
7044 46161
7044 5026
7045 5434
7046 38637
7046 6855
7047 38003
7047 5275
7048 32618
7048 37003
7049 13721
7049 11885
7050 5100
7050 39743
7051 6267
7051 17524
7052 12335
7052 18060
7053 6107
7054 31938
7055 4588
7055 5313
7056 31168
7057 26897
7057 20124
7058 12589
7058 5614
7059 7253
7060 6066
7060 19334
7061 6094
7061 10915
7062 4491
7062 13880
7063 44363
7063 6529
7064 38375
7065 486
7065 18480
7066 7258
7066 4346
7067 23867
7067 6316
7068 38505
7068 37005
7069 13569
7069 19972
7070 51593
7070 6540
7071 18214
7071 7210
7072 31500
7072 31770
7073 45313
7073 53031
7074 5002
7074 43525
7075 43509
7076 44117
7077 17908
7078 6838
7079 50029
7079 6848
7080 39851
7081 7181
7082 30658
7083 7035
7083 5160
7084 23726
7084 7089
7085 4498
7085 7047
7086 12997
7087 7193
7088 7187
7090 7104
700 7535
7091 10043
734 7091
7092 1303
746 7092
7093 765
764 22989
7094 9313
7095 16736
800 7329
7096 42426
816 22765
7097 27765
860 7097
7098 40838
890 7098
7099 1746
914 36221
7100 7347
922 7100
7101 371
948 30348
7102 21209
986 23693
7103 47053
996 15278
7104 2232
1018 41180
7105 16844
1042 15808
7106 15124
1114 29745
7107 23579
1138 14870
7108 3683
1162 7108
7109 1667
1198 7109
7110 1489
1220 7110
7111 47231
1232 7111
7112 23607
1242 7112
7113 47539
1246 40548
7114 297
1284 7283
7115 16064
1298 48075
7116 1699
1312 7116
7117 1455
1316 33508
7118 29427
1380 10067
7119 36411
1394 7119
7120 3844
1438 48689
7121 2543
1466 7121
1478 36063
7123 3342
1524 47641
7124 47955
1604 9809
7125 10435
1626 7173
7126 9725
1696 10535
7127 1897
1718 7127
7128 43198
1764 29363
7129 3737
1812 7129
7130 46907
7131 26947
7132 7779
1942 13922
7133 2517
1964 36605
7134 43
7135 28699
2116 20323
7136 3775
7137 9913
2150 7137
7138 49793
2190 7138
7139 28279
2328 7287
7140 14862
2340 40694
7141 16458
2358 8045
7142 35257
2374 49797
7143 22441
2392 34189
7144 7101
2402 7144
7145 1711
2408 20448
7146 40480
2452 22569
2496 40628
2516 15234
7149 1797
2588 20621
7150 30270
7151 1362
7152 2244
2642 41592
7153 20697
2702 7153
2876 10404
7155 27277
2972 35853
7156 3667
3000 9407
7157 7148
3052 22473
7158 42930
3054 22253
7159 42956
3134 15120
7160 3087
3212 7160
7161 3219
3218 41464
7162 747
3244 9625
7163 35603
3384 20875
7164 17182
3438 7164
7165 2204
3442 20583
7166 2862
3466 7166
7167 2456
3480 27799
7168 15520
3500 22075
7169 29959
3524 46628
7170 28685
7171 15344
7172 41056
3684 7172
7173 8537
3730 8627
7174 29805
3772 10395
7175 7273
3774 33526
7176 24181
7177 7190
3932 30820
3936 7178
7179 20146
3964 13725
7180 4946
3974 31618
7181 30908
3998 51149
7182 7260
4018 7182
7183 20050
4024 7183
7184 39145
4048 12599
7185 38259
4066 12007
7186 5299
4072 7186
7187 7226
4078 7187
7188 24439
4094 7188
7189 30325
7190 10893
4136 7190
7191 7244
4162 11413
7192 33576
4172 17970
4176 17444
7194 44387
4198 11339
7195 39951
4228 7195
7196 25607
4300 51849
7197 6321
4304 7197
7198 10751
4322 7198
7199 12945
4340 52079
7200 43369
7201 33442
4422 51355
7202 25229
4476 7202
4490 46682
7204 52517
4518 11945
7205 36840
7206 4312
4726 24611
7207 50155
4738 7207
7208 6460
4786 12885
7209 6468
4794 20521
7210 10484
4804 7230
7211 12249
4824 51345
7212 10853
4856 31214
7213 6632
4874 23921
7214 11091
4898 7214
7215 31160
4914 32040
7216 26355
4928 7216
7217 6956
4948 7217
7218 5218
4962 45375
7219 51305
4980 26709
7220 10713
4982 51197
7221 51969
4994 26335
7222 18142
5004 7222
7223 6876
5012 11991
7224 7240
5068 7224
7225 7246
5074 37833
7226 37667
5082 7226
7227 12649
5122 17208
7228 6744
5188 26395
7229 6934
5202 25905
7230 13700
7231 505
5213 7231
7232 44547
5226 7232
7233 25077
5266 12775
7234 31048
5280 26075
7235 31220
5286 7235
7236 50287
5350 26289
7237 25803
5400 19042
7238 6403
5404 23861
7239 39541
5410 7239
7240 26491
5412 7240
7241 38493
5448 7241
7242 36841
7243 11603
5520 7243
5524 7244
7245 4170
5592 26911
7246 30816
5646 7246
7247 7257
5648 7247
7248 5574
5682 51549
7249 37389
5722 7249
7250 624
5792 43479
7252 51793
5844 19914
7253 150
5846 11553
7254 43667
5852 7254
7255 37083
5956 7255
7256 17736
6002 51847
7257 44511
6036 12545
7258 38777
6152 10579
7259 5378
6190 7259
7260 39491
6238 17630
7261 5462
6246 32542
7262 12365
6268 19088
7263 11033
6500 44957
7264 52637
6566 25861
7265 19880
6670 7265
7266 19958
6674 40177
7267 43461
6684 52099
7268 46143
6694 30428
7269 37521
6698 19804
7270 11087
6714 13141
7271 18338
6734 7271
7272 20383
6812 18268
7273 7136
7275 1215
7275 7274
7277 3842
7277 9869
7279 47983
7279 27237
7281 2234
7281 7961
7283 41006
7283 47045
7285 14620
7285 9193
7287 7139
7287 7286
7289 7463
7289 7288
7291 42854
7291 8863
7293 34205
7295 2336
7295 22859
7297 9879
7297 15874
7299 23241
7299 41808
7301 9237
7301 29015
7303 28361
7303 28259
7305 1700
7305 10061
7307 27433
7307 7306
7309 28405
7309 7308
7311 22813
7311 8409
7313 264
7313 7312
7315 8855
7317 1839
7317 28965
7319 9141
7319 35353
7321 2213
7321 22245
7323 2158
7323 42096
7325 2534
7325 7591
7327 48061
7327 7326
7329 40384
7329 20841
7331 22639
7333 2332
7333 40988
7335 36359
7335 7334
7337 236
7337 7336
7339 21807
7341 28359
7343 34915
7343 20997
7345 27197
7345 7344
7347 923
7347 7346
7349 9631
7349 7348
7351 7353
7351 7350
7353 3309
7353 34465
7355 28777
7355 46743
7357 2464
7357 7356
7359 3210
7359 28835
7361 7360
7363 1340
7363 15994
7365 3598
7365 15632
7367 3388
7367 16644
7369 33525
7369 29217
7371 21437
7371 13799
7373 1360
7373 21027
7375 1047
7375 7374
7377 2503
7377 7376
7379 8083
7379 7378
7381 926
7381 41314
7383 2515
7383 7435
7385 48341
7385 7384
7387 34045
7387 7386
7389 9605
7389 10447
7391 47765
7393 9281
7393 7993
7395 3696
7395 7394
7397 2632
7397 7396
7399 43282
7399 20561
7401 49277
7403 8981
7403 14816
7405 8091
7405 7404
7407 2746
7409 27311
7411 14340
7411 43422
7413 2695
7413 7412
7415 223
7415 28723
7417 21785
7417 7416
7419 15238
7419 14952
7421 15858
7421 10251
7423 10119
7423 29771
7425 28355
7425 7424
7427 3202
7427 21405
7429 9597
7429 29919
7431 28041
7431 7430
7433 2570
7433 42642
7435 29111
7435 35905
7437 47749
7437 8917
7439 300
7439 9365
7441 30065
7441 7440
7443 1456
7443 9411
7445 7767
7445 40147
7447 28607
7447 46727
7449 3501
7449 7448
7451 43412
7451 43420
7453 33795
7453 41360
7455 2131
7455 7454
7457 1294
7457 28869
7459 21137
7459 43284
7461 10265
7461 14014
7463 2713
7463 7643
7465 1635
7465 29703
7467 29099
7467 34595
7469 10063
7469 7819
7471 29507
7471 7470
7473 7493
7473 8899
7475 16398
7475 27171
7477 1147
7477 7476
7479 35347
7479 41762
7481 43318
7481 7480
7483 724
7483 16276
7485 7671
7485 41250
7487 15530
7489 755
7489 16450
7491 2666
7493 7777
7495 10458
7495 9523
7497 2818
7497 9929
7499 27593
7499 29489
7501 1218
7501 41648
7503 49307
7503 7502
7505 42132
7505 16618
7507 3838
7509 1859
7509 21291
7511 8851
7511 7510
7513 7979
7513 7512
7515 42880
7517 29553
7517 7811
7519 2322
7519 23033
7521 1066
7521 34829
7523 21385
7523 23694
7525 14360
7525 9355
7527 43026
7527 8023
7529 3482
7529 7528
7531 22947
7531 40682
7533 29471
7533 20887
7535 7090
7535 7534
7537 33963
7537 7536
7539 21449
7539 10211
7541 7106
7541 28035
7543 10101
7543 7542
7545 23443
7545 8039
7547 8479
7547 21247
7549 20989
7549 40922
7551 2062
7553 1280
7553 47563
7555 14464
7555 7554
7557 2308
7557 21353
7559 3851
7559 22009
7561 33723
7561 49113
7563 1100
7563 21689
7565 16742
7565 9565
7567 7113
7567 29895
7569 1623
7569 7568
7571 20671
7573 7595
7573 41754
7575 2067
7575 7787
7577 7743
7577 7576
7579 15270
7579 7578
7581 29483
7583 3188
7583 48499
7585 49543
7585 14610
7587 21155
7587 41302
7589 7588
7591 7324
7591 7590
7593 1006
7593 10397
7595 673
7595 7594
7597 8161
7597 22499
7599 27515
7599 35645
7601 9195
7601 14508
7603 374
7603 7602
7605 2241
7605 40426
7607 16122
7609 7171
7609 41752
7611 2413
7611 7610
7613 2786
7613 47555
7615 8069
7615 7614
7617 2187
7619 16570
7621 836
7621 28351
7623 20677
7625 3467
7625 7624
7627 7869
7627 34703
7629 7893
7631 16822
7631 22643
7633 3784
7633 46977
7635 21381
7637 2301
7637 7887
7639 15382
7639 42464
7641 21429
7641 20613
7643 7462
7643 36245
7645 40740
7645 7644
7647 29141
7647 23501
7649 1990
7649 16436
7651 34557
7651 20831
7653 7652
7655 1852
7655 33905
7657 41064
7657 7656
7659 28629
7659 35303
7661 34701
7661 15600
7663 98
7663 10367
7665 289
7665 7664
7667 48929
7667 9377
7669 15374
7669 7668
7671 35787
7671 7670
7673 14116
7673 15126
7675 28073
7675 33521
7677 20631
7679 3068
7679 7678
7681 15800
7681 9673
7683 35011
7685 211
7685 7684
7687 772
7687 9551
7689 3685
7691 20705
7691 8995
7693 42462
7693 8149
7695 47743
7695 7694
7697 245
7697 8393
7699 3725
7699 7698
7701 2348
7701 7700
7703 2916
7703 28729
7705 3472
7705 30167
7707 22141
7707 10157
7709 48529
7709 7708
7711 13796
7713 2338
7713 33693
7715 2821
7715 7714
7717 7891
7717 7716
7721 880
7721 7720
7723 35439
7723 47263
7725 7724
7727 14848
7727 23625
7729 3471
7729 7728
7731 1724
7731 21731
7733 13990
7733 7732
7735 3053
7735 7734
7737 22447
7737 7736
7739 28373
7739 7738
7741 931
7741 7981
7743 21641
7743 29581
7745 21889
7747 3185
7747 10427
7749 46557
7751 27153
7751 22463
7753 9189
7753 27761
7755 7553
7755 7754
7757 7756
7759 48585
7759 7758
7761 703
7761 15664
7763 28751
7763 9143
7765 47947
7765 7764
7767 21525
7767 7766
7769 42654
7769 15118
7771 48047
7771 13668
7773 2223
7773 7772
7775 34193
7775 7774
7777 3144
7777 8263
7779 21325
7779 7778
7781 42696
7781 16708
7783 8903
7783 42222
7785 2542
7785 22077
7787 7574
7787 7786
7789 1509
7789 48805
7791 9423
7791 8401
7793 36809
7793 29597
7795 14846
7797 42326
7797 15656
7799 8757
7799 43064
7801 27677
7801 7800
7803 46903
7803 15196
7805 2974
7805 35419
7807 34453
7807 8539
7809 7491
7809 13759
7811 7516
7811 47265
7813 14208
7813 7812
7815 1948
7815 15202
7817 1065
7819 8331
7819 7818
7821 15070
7821 36567
7823 22389
7823 7822
7825 2574
7825 41086
7827 17138
7827 7826
7829 15798
7829 29563
7831 959
7831 7830
7833 10429
7833 9249
7835 3557
7835 9769
7837 46825
7837 30205
7839 2938
7839 27895
7841 7999
7841 47089
7843 7808
7843 7842
7845 3530
7845 8391
7847 1530
7847 28951
7849 36007
7849 42002
7851 22243
7851 14216
7853 15494
7853 7852
7855 1994
7855 42374
7857 35
7857 9785
7859 1311
7859 10169
7861 15974
7861 34523
7863 1528
7863 48551
7865 3410
7865 8715
7867 23043
7867 30289
7869 1778
7869 36301
7871 1034
7871 7870
7873 15842
7873 14954
7875 42684
7875 7874
7877 2699
7877 7876
7879 7878
7881 10089
7883 40440
7883 35391
7885 14282
7885 28911
7887 7636
7887 7886
7889 3461
7889 40248
7891 3460
7891 40820
7893 27919
7893 13762
7895 7855
7895 36413
7897 7527
7897 46643
7899 3771
7899 7898
7901 2556
7901 21203
7903 2434
7903 48007
7905 23487
7905 28033
7907 7156
7907 7906
7909 319
7909 8755
7911 41050
7911 36133
7913 3034
7913 43434
7915 13810
7915 7914
7917 16516
7917 8093
7919 7101
7919 13826
7921 2355
7921 28057
7923 28129
7923 7922
7925 396
7925 7924
7927 2114
7927 8867
7929 2690
7929 27525
7931 10436
7931 16354
7933 888
7933 8941
7935 21865
7935 7934
7937 1453
7937 9461
7939 20679
7939 8661
7941 1186
7941 9083
7943 15812
7943 7942
7945 29501
7945 40328
7947 36439
7947 34527
7949 1033
7949 7948
7951 14746
7951 20337
7953 15384
7953 16274
7955 7596
7955 9973
7957 1043
7957 8337
7959 7373
7959 7958
7961 7280
7961 46965
7963 14296
7963 43234
7965 7405
7965 7964
7967 3731
7967 8389
7969 34693
7969 7968
7971 22303
7971 8481
7973 1150
7973 36519
7975 2099
7975 46787
7977 1111
7977 35605
7979 42532
7979 7978
7981 7740
7981 8523
7983 15018
7983 10133
7985 47211
7985 13802
7987 2505
7987 46789
7989 35641
7989 9351
7991 16178
7991 21883
7993 14370
7993 7992
7995 820
7995 14424
7997 15210
7997 15694
7999 48119
7999 28577
8001 42112
8001 8305
8003 2101
8003 8002
8005 35511
8007 3548
8009 8233
8009 14366
8011 33823
8011 15194
8013 3709
8015 8509
8015 41396
8017 14428
8017 41646
8019 2849
8021 2236
8021 15224
8023 14672
8023 8022
8027 16798
8027 15122
8029 34879
8029 40134
8031 9875
8031 8030
8033 36803
8033 27453
8035 2626
8035 47225
8037 42008
8037 15036
8039 10017
8039 8113
8041 27613
8041 8040
8043 28483
8043 14154
8045 7141
8045 14448
8047 41388
8049 21257
8049 8048
8051 49439
8051 15674
8053 16206
8053 8052
8055 21515
8055 42776
8057 29989
8057 8056
8059 1090
8059 30346
8061 40686
8061 16686
8063 34593
8063 34925
8065 10025
8065 16006
8067 13900
8069 7572
8069 42020
8071 2553
8071 10430
8073 28775
8073 15170
8075 34163
8075 13664
8077 35663
8077 8919
8079 1507
8079 8078
8081 1945
8083 7987
8083 8237
8085 13770
8085 8529
8087 3404
8087 8651
8089 33797
8089 8088
8091 16228
8091 16948
8093 7916
8093 29397
8095 3096
8095 14028
8097 1430
8099 13886
8099 15660
8101 9833
8101 27465
8103 42458
8103 30057
8105 819
8105 48287
8107 7571
8107 10422
8109 14110
8109 40748
8111 7131
8113 20675
8113 47353
8115 47493
8115 42896
8117 2868
8117 9005
8119 47267
8119 8118
8121 48343
8121 14732
8123 14644
8125 15452
8125 27045
8127 9219
8127 27337
8129 1902
8129 41700
8131 20885
8133 41716
8135 9259
8135 40366
8137 27863
8137 15866
8139 1616
8139 41636
8141 27345
8141 34763
8143 42572
8143 15256
8145 10371
8145 34455
8147 28991
8147 8146
8149 8687
8149 33600
8151 1907
8151 46853
8153 40272
8153 13944
8155 9019
8155 9451
8157 49179
8157 23299
8159 48389
8159 8158
8161 17091
8161 14106
8163 15752
8163 10199
8165 1935
8165 8164
8167 42974
8167 8166
8169 1573
8169 8168
8171 185
8171 8170
8173 22309
8173 8172
8175 41850
8175 8174
8177 49657
8179 16538
8179 23335
8181 22881
8181 8180
8183 1891
8183 35535
8185 36777
8185 8184
8187 3847
8187 15902
8189 3655
8189 35399
8191 3861
8191 9347
8193 1308
8193 8285
8195 10229
8195 8194
8197 40724
8197 14892
8199 8449
8199 40302
8201 15490
8201 10341
8203 9459
8203 21321
8205 2194
8205 14150
8207 1031
8207 21931
8209 7279
8209 8208
8211 34613
8211 22845
8213 9681
8213 8212
8215 2183
8215 8214
8217 2716
8217 20745
8219 14536
8219 8218
8221 21123
8221 15918
8223 46957
8223 8222
8225 34743
8225 16484
8227 13675
8227 10243
8229 8601
8229 8228
8231 34977
8233 36125
8233 9363
8235 16258
8235 36729
8237 8082
8237 23473
8239 8238
8241 34279
8241 21679
8243 103
8243 8242
8245 41860
8245 10497
8247 2326
8247 47303
8249 14520
8249 33769
8251 49045
8253 3277
8253 10407
8255 14482
8255 48783
8257 34571
8257 8256
8259 3301
8259 21365
8261 14408
8261 15796
8263 36187
8263 8262
8265 1436
8265 16056
8267 21779
8267 8997
8269 20551
8269 10493
8271 8913
8271 8270
8273 47359
8273 42422
8275 42910
8275 8274
8277 225
8277 8276
8279 47699
8279 47179
8281 8280
8283 53118
8283 17198
8285 34663
8287 29031
8287 41356
8289 3562
8289 23611
8291 22313
8291 47683
8293 48135
8293 35431
8295 36461
8297 8290
8297 30219
8299 13672
8299 9845
8301 854
8301 9471
8303 2427
8303 10403
8305 17169
8305 8304
8307 53054
8307 48231
8309 15150
8309 43136
8311 40956
8311 8310
8313 28111
8313 36011
8315 10511
8317 22763
8317 14538
8319 41862
8319 20751
8321 43322
8321 28231
8323 23561
8323 8322
8325 3637
8325 28463
8327 3789
8327 20599
8329 29059
8329 36904
8331 7468
8331 9899
8333 48049
8333 49855
8335 21217
8335 20971
8337 16290
8339 9245
8339 47771
8341 36635
8341 48139
8343 36035
8343 10410
8345 33511
8345 30187
8347 41236
8347 22773
8349 7332
8351 3757
8351 15692
8353 15638
8353 34841
8355 14734
8355 10400
8357 3020
8357 15852
8359 21277
8359 21767
8361 8007
8361 29485
8363 48977
8363 8362
8365 35321
8365 16324
8367 43036
8367 27801
8369 9941
8369 41448
8371 3796
8371 47899
8373 46559
8373 21337
8375 9425
8375 16356
8377 2531
8377 47191
8379 35543
8379 8378
8381 6999
8381 40330
8383 43316
8385 2764
8385 30031
8387 13781
8387 9285
8389 7966
8391 8339
8391 33725
8393 7696
8393 8392
8395 34371
8395 8394
8397 735
8397 8396
8399 21683
8399 8398
8401 22547
8401 21769
8403 2279
8403 40826
8405 23721
8405 23465
8407 48485
8407 16204
8409 29127
8411 29993
8411 8410
8413 1954
8413 8412
8415 20339
8415 15372
8417 1801
8417 23383
8419 3666
8419 9037
8421 9951
8421 49429
8423 29913
8425 35063
8425 41914
8427 1804
8427 8426
8429 198
8429 15760
8431 47621
8431 8430
8433 47575
8433 34861
8435 46717
8435 8434
8437 2056
8437 34261
8439 14070
8439 17046
8441 3591
8441 8440
8443 2155
8443 8442
8445 16444
8445 14422
8447 11
8447 8446
8449 28089
8449 22195
8451 3702
8451 35729
8453 10323
8455 8531
8455 47315
8457 16912
8457 21569
8459 8076
8459 35073
8461 3045
8461 42290
8463 42336
8463 14292
8465 1038
8465 8464
8467 29853
8467 48267
8469 29599
8469 9579
8471 7905
8471 14932
8473 9499
8473 22339
8475 1594
8475 8553
8477 17080
8477 8476
8479 1324
8479 8833
8481 16208
8481 23333
8483 9505
8483 16088
8485 7723
8485 16702
8487 42650
8487 8486
8489 15594
8489 16886
8491 3660
8491 36219
8493 48797
8493 9721
8495 9477
8495 42060
8497 40484
8499 1981
8499 13787
8501 40806
8501 8500
8503 9301
8505 8455
8505 8504
8507 3447
8507 29907
8509 41610
8509 8508
8511 2935
8511 41666
8513 26941
8513 40698
8515 35661
8515 27475
8517 23765
8517 42202
8519 9553
8519 8518
8521 1971
8521 8520
8523 14396
8523 9469
8525 9963
8525 8524
8527 727
8527 47813
8529 34985
8531 9687
8531 21379
8533 41260
8533 23539
8535 22973
8535 21141
8537 9039
8537 8536
8539 7806
8539 8538
8541 21459
8541 15352
8543 7321
8543 48537
8545 8191
8545 8544
8547 8546
8549 2854
8549 8548
8551 2122
8551 8550
8553 42024
8553 8552
8555 3750
8555 36201
8557 10391
8557 8556
8559 40338
8559 9093
8561 29441
8561 43352
8563 29315
8563 22265
8565 15628
8565 8564
8567 30355
8567 8566
8569 48697
8569 40872
8571 21253
8571 8570
8573 9633
8575 9345
8575 42168
8577 28097
8577 8576
8579 9827
8579 8578
8581 7291
8581 8580
8583 13676
8583 28779
8585 29877
8585 27203
8587 209
8587 8586
8589 16302
8589 13800
8591 14680
8593 9617
8593 16196
8595 717
8595 8594
8597 49259
8597 30374
8599 2467
8599 8598
8601 2237
8601 8600
8603 34181
8605 8821
8605 8604
8607 8606
8609 15482
8609 8608
8611 20327
8611 9117
8613 9685
8613 8612
8615 33524
8615 42926
8617 8204
8617 9831
8619 1939
8619 8618
8621 29535
8621 9789
8623 42892
8623 8622
8625 8927
8625 10433
8627 7173
8627 28185
8629 20835
8629 8628
8631 41322
8631 8630
8633 40946
8633 28727
8635 7146
8635 8659
8637 10253
8637 8829
8639 35993
8641 7709
8641 42820
8643 9001
8643 8642
8645 21235
8645 13960
8647 295
8647 41230
8649 2560
8649 27359
8651 22533
8651 10389
8653 46843
8655 40250
8655 20977
8657 2299
8657 22101
8659 48669
8659 34271
8661 40600
8661 16286
8663 49571
8663 42278
8665 21177
8665 8664
8667 14714
8667 14844
8669 42248
8669 40151
8671 3850
8671 15284
8673 43226
8675 14102
8675 34297
8677 13952
8677 47361
8679 7276
8679 15320
8681 323
8683 753
8683 28467
8685 2500
8685 14982
8687 27481
8687 8686
8689 22443
8689 33622
8691 23249
8693 33771
8693 35625
8695 15962
8695 8694
8697 8444
8697 8696
8699 16862
8699 8698
8701 7715
8701 8700
8703 40594
8703 8702
8705 9557
8705 8704
8707 15722
8707 8706
8709 7303
8709 8708
8711 7012
8711 8710
8713 13928
8713 33811
8715 22437
8715 8714
8717 2918
8719 1618
8719 8718
8721 9279
8721 27269
8723 14756
8723 46650
8725 13789
8727 3408
8727 8726
8729 22531
8729 8728
8731 29509
8731 20324
8733 2128
8733 15920
8735 9857
8735 34513
8737 9329
8737 28657
8739 40274
8739 9057
8741 1439
8741 8740
8743 27215
8743 15850
8745 40542
8745 8744
8747 21073
8749 3554
8749 8748
8751 40370
8751 8750
8753 30181
8753 29627
8755 8803
8755 8754
8757 23637
8757 14206
8759 3503
8759 8758
8761 3697
8763 36763
8763 29951
8765 1015
8765 8764
8767 43076
8767 8766
8769 7458
8769 9077
8771 36193
8771 15464
8773 29377
8773 14330
8775 29821
8777 41544
8777 49357
8779 14458
8779 9811
8781 34051
8781 8780
8783 40960
8783 14374
8785 41930
8785 34659
8787 10187
8787 8786
8789 23167
8789 40320
8791 7566
8791 22995
8793 8792
8795 1977
8795 40444
8797 40306
8797 8796
8799 15860
8801 1683
8801 8800
8803 21825
8805 9253
8805 48259
8807 2102
8807 8806
8809 35153
8809 8808
8811 36547
8811 9385
8813 27317
8813 14798
8815 36657
8815 48519
8817 8327
8817 49211
8819 13912
8821 41668
8821 22503
8823 349
8823 9799
8825 9139
8825 8824
8827 29379
8829 43308
8829 17043
8831 22877
8831 8830
8833 9591
8835 1938
8835 8834
8837 49451
8837 8836
8839 42250
8841 29131
8841 8840
8843 14736
8843 8842
8845 21625
8847 8092
8849 20645
8849 8848
8851 21101
8851 36761
8853 8298
8853 30019
8855 27217
8857 3720
8857 42730
8859 16626
8859 17098
8861 16780
8861 8860
8863 7290
8863 9185
8865 28623
8867 41698
8867 29617
8869 28325
8869 27037
8871 16728
8871 8870
8873 14002
8873 9729
8875 7113
8875 8874
8877 34041
8877 36818
8879 22021
8879 29375
8881 1749
8881 8880
8883 40824
8883 8882
8885 9773
8885 28567
8887 33763
8887 8886
8889 14514
8889 8888
8891 42086
8891 8890
8893 43104
8893 33743
8895 1733
8895 36189
8897 191
8897 21387
8899 49411
8899 46923
8901 10513
8903 1328
8903 9701
8905 8437
8905 8904
8907 8267
8907 8906
8909 7105
8909 23411
8911 29801
8911 8910
8913 36798
8913 13938
8915 47651
8915 8914
8917 7436
8917 43100
8919 22137
8919 8918
8921 21553
8921 27349
8923 9213
8923 14194
8925 29117
8927 1056
8929 49341
8929 15896
8931 10377
8931 8930
8933 13788
8935 9647
8935 9935
8937 16530
8937 15468
8939 3602
8939 8938
8941 41000
8941 15314
8943 1117
8943 35091
8945 46879
8945 34363
8947 2673
8947 8946
8949 14762
8949 8948
8951 1986
8951 36079
8953 8366
8953 21867
8955 10446
8957 14896
8957 8956
8959 8857
8959 14004
8963 13791
8965 15620
8965 8964
8967 42608
8967 34837
8969 7125
8969 8968
8971 1813
8971 28473
8973 1000
8973 21559
8975 17177
8977 3714
8977 8976
8979 21661
8979 49351
8981 1809
8981 8980
8983 3782
8983 47019
8985 15688
8985 8984
8987 20331
8987 14146
8989 34929
8989 22985
8991 27038
8991 49425
8993 46644
8993 33977
8995 9997
8997 40476
8997 8996
8999 8219
8999 10167
9001 15324
9001 23541
9003 17094
9003 9002
9005 9603
9005 9723
9007 13910
9007 15816
9009 2596
9009 27315
9011 27597
9013 3868
9013 48657
9017 8944
9017 20605
9019 34695
9019 30291
9021 40966
9021 9020
9023 2728
9025 17052
9027 14826
9027 35943
9029 9028
9031 21285
9031 9030
9033 2064
9033 9032
9035 7289
9035 9034
9037 23231
9037 33685
9039 7125
9041 28827
9041 49777
9043 14614
9043 27879
9045 35987
9045 20607
9047 36473
9049 2098
9049 27413
9051 22125
9051 9050
9053 21453
9053 42970
9055 40572
9055 30215
9057 8738
9057 9056
9059 3837
9059 22539
9061 28781
9061 9060
9063 13794
9063 9447
9065 49565
9065 42870
9067 30350
9067 22937
9069 1
9069 9068
9071 34587
9071 9070
9073 1924
9073 9991
9075 2347
9075 13765
9077 9779
9077 9076
9079 29003
9079 16954
9081 42078
9081 16572
9083 7940
9083 9529
9085 2541
9085 9084
9087 14740
9087 9513
9089 29029
9089 9088
9091 27387
9091 42280
9093 28977
9093 53048
9095 2538
9095 21245
9097 2718
9097 10313
9099 2744
9099 42220
9101 42268
9103 22987
9103 22305
9105 1949
9105 9104
9107 14300
9107 10494
9109 53147
9109 9108
9111 8431
9111 14242
9113 34865
9113 9112
9115 36263
9115 9525
9117 8773
9119 35045
9119 9118
9121 3835
9121 22079
9123 8328
9123 9122
9125 21093
9125 9124
9127 23277
9127 9126
9129 2081
9129 10539
9131 8448
9131 29981
9133 35515
9133 9271
9135 1342
9135 20843
9137 3033
9137 9136
9139 7998
9139 27545
9141 14432
9141 9140
9143 7762
9143 9142
9145 10027
9145 16016
9147 20947
9147 9146
9149 49890
9149 9148
9151 2286
9151 48031
9153 2341
9153 36349
9155 3286
9155 43048
9157 2372
9157 9156
9159 42670
9159 9158
9161 42376
9161 15500
9163 1872
9163 49167
9165 2719
9165 9164
9167 21695
9167 34835
9169 14510
9169 9168
9171 40700
9171 9170
9173 9257
9173 9375
9175 16478
9175 16408
9177 16166
9177 43086
9179 13795
9179 10492
9181 8258
9181 9180
9183 831
9183 29769
9185 8862
9185 34665
9187 43312
9187 48829
9189 3292
9189 34967
9191 85
9191 9190
9193 7284
9193 42448
9195 1532
9197 28207
9197 22967
9199 9841
9199 30278
9201 33717
9201 9200
9203 23061
9203 22663
9205 8361
9205 10457
9207 27939
9207 48627
9209 10069
9209 15968
9211 2835
9211 9210
9213 2426
9213 23283
9215 7544
9215 48979
9217 2688
9217 9533
9219 7840
9219 15964
9221 7799
9221 9220
9223 47051
9225 3735
9225 9224
9227 28265
9227 23421
9229 7677
9231 3290
9231 28227
9233 2377
9233 20807
9235 42380
9235 9234
9237 28425
9237 9236
9239 8182
9239 16434
9241 7954
9243 1642
9243 9242
9245 7844
9247 10105
9249 9571
9249 9248
9251 2606
9251 28021
9253 10319
9253 9252
9255 2333
9255 9254
9257 3418
9257 13821
9259 2238
9259 9258
9261 3082
9261 41290
9263 20595
9263 9891
9265 205
9265 15434
9267 3600
9267 9266
9269 30380
9269 9268
9271 16524
9271 23151
9273 28117
9273 16126
9275 36621
9275 9274
9277 1159
9279 7318
9279 9278
9281 853
9281 9280
9283 864
9283 9282
9285 27341
9285 49611
9287 33919
9287 14770
9289 8136
9289 21599
9291 9290
9293 23123
9293 9292
9295 7884
9295 14696
9297 36749
9297 9296
9299 2822
9299 10225
9301 43246
9301 9300
9303 35879
9303 42588
9305 1392
9307 2724
9307 16914
9309 40446
9309 48933
9311 46889
9311 10201
9313 26939
9313 21983
9315 20637
9315 20733
9317 29359
9319 10145
9319 9318
9321 9263
9321 9320
9325 29383
9325 21403
9327 29777
9329 43162
9331 22027
9331 9330
9333 41848
9333 9332
9335 27511
9335 40828
9337 23255
9337 15446
9339 7099
9339 14940
9341 7370
9341 21303
9343 36261
9345 47565
9347 8190
9347 23493
9349 22657
9349 23785
9351 7988
9351 33931
9353 49043
9353 27551
9355 20937
9355 14638
9357 1657
9357 9356
9359 1374
9359 30239
9361 2125
9361 33801
9363 23686
9363 20445
9365 7438
9365 14072
9367 29231
9367 9366
9369 1035
9369 9368
9371 13780
9373 321
9373 9372
9375 9172
9377 7666
9379 43300
9379 21151
9381 22671
9381 21763
9383 2443
9383 9382
9385 49673
9385 27257
9387 22175
9387 9386
9389 1632
9391 221
9391 47285
9393 3137
9395 29799
9395 28543
9397 8707
9397 9396
9399 16936
9399 9398
9401 9038
9401 27933
9403 48577
9403 29351
9405 41228
9405 10181
9407 7156
9407 9406
9409 21229
9409 20571
9411 7442
9411 10083
9413 877
9413 9412
9415 3729
9415 9414
9417 14124
9419 30365
9419 22337
9421 14212
9421 9420
9423 1940
9423 9669
9425 716
9425 9589
9427 3252
9427 10241
9429 43078
9429 9428
9431 33787
9431 9430
9433 14430
9433 16836
9435 9434
9437 10079
9437 28875
9439 23259
9439 48023
9441 10532
9443 8086
9443 29551
9445 30237
9447 41420
9449 7989
9449 15074
9451 10215
9451 9450
9453 41418
9453 20995
9455 2227
9455 9454
9457 15848
9459 962
9461 7936
9461 36157
9463 7166
9463 35665
9465 21853
9465 10490
9467 7133
9467 36828
9469 21995
9471 20553
9471 14950
9473 20909
9473 14754
9475 28273
9475 9474
9477 29185
9477 9476
9479 15258
9479 14728
9481 1722
9481 9480
9483 9661
9483 26924
9485 2029
9487 14416
9487 21855
9489 921
9489 21651
9491 42680
9491 14164
9493 1840
9493 16096
9495 2959
9495 14268
9497 35617
9497 9496
9499 3206
9499 16328
9501 3431
9501 21989
9503 9671
9505 2564
9505 9504
9507 29331
9507 9506
9509 22377
9509 46729
9511 40544
9511 9757
9513 9086
9513 9512
9515 1493
9515 30382
9517 15734
9517 9516
9519 21519
9519 9518
9521 23681
9521 16562
9523 7494
9525 9114
9525 34871
9527 2018
9529 15588
9529 21971
9531 27721
9533 42452
9533 16288
9535 43413
9535 46576
9537 3307
9537 9536
9539 2015
9539 9538
9541 8005
9541 9540
9543 17038
9545 21881
9545 26928
9547 29759
9547 9546
9549 43140
9549 9548
9551 22287
9551 46793
9553 2759
9553 9552
9555 202
9555 9554
9557 16884
9557 9556
9559 9251
9559 9558
9561 41512
9561 9560
9563 48647
9563 22769
9565 49607
9565 9564
9567 8120
9567 9583
9569 40636
9569 9568
9571 8295
9571 15724
9573 3199
9573 9572
9575 22151
9577 15880
9577 9576
9579 28197
9581 188
9583 9566
9583 48359
9585 14078
9585 17047
9587 16908
9589 29055
9591 34435
9591 15322
9593 21109
9593 9592
9595 34299
9595 46861
9597 9753
9597 21835
9599 8954
9601 49335
9601 9600
9603 21951
9603 28773
9605 14232
9607 1214
9607 15090
9609 7950
9609 16750
9611 1903
9611 34633
9613 15730
9613 34855
9615 1630
9615 10515
9617 760
9617 20725
9619 15884
9619 22729
9621 23293
9621 14890
9623 53043
9623 15806
9625 13934
9625 9624
9627 9675
9627 14308
9629 3181
9631 3228
9631 14156
9633 21129
9633 9632
9635 779
9635 9634
9637 20575
9639 22903
9639 9638
9641 43358
9641 9640
9643 7164
9643 9642
9645 28019
9645 9644
9647 8236
9647 10289
9649 844
9649 9715
9651 787
9651 9650
9653 21893
9653 9652
9655 29819
9655 22871
9657 16170
9657 9656
9659 26929
9659 34063
9661 9660
9663 35647
9663 9662
9665 17206
9667 7868
9667 35151
9669 13803
9669 33837
9671 34133
9673 13894
9673 9672
9675 28581
9675 10502
9677 3032
9677 9676
9679 9697
9679 9678
9681 14874
9681 40260
9683 15486
9683 21589
9685 41516
9685 9684
9687 370
9687 16234
9689 8213
9689 9688
9691 35893
9691 9690
9693 36237
9693 15162
9695 21411
9695 20335
9697 14984
9697 9696
9699 8629
9699 47083
9701 8902
9701 9759
9703 1937
9703 14390
9705 22351
9705 28037
9707 15552
9707 27167
9709 2034
9709 22787
9711 8574
9711 42370
9713 7122
9713 17016
9715 9648
9715 9714
9717 7985
9717 9716
9719 49293
9721 30101
9721 9720
9723 9004
9723 35023
9725 14980
9727 10297
9727 9955
9729 8872
9729 36367
9731 111
9731 9730
9733 27705
9735 35185
9735 9734
9737 35767
9737 14444
9739 28919
9739 15106
9741 9445
9741 13808
9743 14726
9743 9742
9745 3575
9745 9744
9747 34891
9747 21319
9749 40312
9749 15100
9753 15336
9753 10049
9755 33727
9757 40720
9757 9756
9759 16598
9759 46971
9761 47237
9763 49641
9767 33883
9767 29851
9769 15560
9771 1996
9771 15886
9773 28347
9773 29187
9775 29831
9775 9774
9777 10099
9777 42052
9779 8768
9779 15830
9781 22465
9781 14256
9783 29861
9785 23471
9785 10223
9787 42596
9787 35951
9789 8620
9789 28515
9791 3166
9791 27401
9793 267
9795 40340
9795 9794
9797 14966
9797 9796
9799 8822
9799 9798
9801 27697
9801 10519
9803 3138
9803 9802
9805 1600
9805 40936
9807 36241
9807 9806
9809 7124
9809 47489
9811 14060
9811 9810
9813 36563
9813 9812
9815 34301
9815 9814
9817 40978
9817 28981
9819 35307
9819 9818
9823 1614
9825 891
9825 34431
9827 23285
9827 9826
9829 23689
9829 16874
9831 8616
9831 22297
9833 41708
9833 9832
9835 21183
9835 42488
9837 1737
9837 9836
9839 1375
9839 9838
9841 28457
9843 2904
9843 9842
9845 29937
9847 20453
9847 9846
9851 23771
9851 9850
9853 26934
9853 14254
9855 8471
9855 22395
9857 47991
9857 34901
9859 27899
9859 9858
9861 13816
9863 3092
9863 47105
9865 13754
9865 9864
9867 41124
9867 9866
9869 8211
9869 9868
9871 9027
9873 35161
9873 9872
9875 15046
9875 49863
9877 1550
9877 9876
9881 17171
9881 9880
9883 28521
9883 22931
9885 2720
9885 9884
9887 34357
9887 9886
9889 36375
9889 9888
9891 15212
9891 9890
9893 14708
9893 9892
9895 27815
9895 9894
9897 30121
9897 10442
9899 40420
9899 47957
9901 1853
9901 9900
9903 3859
9905 21793
9905 9904
9907 22709
9907 14958
9909 1290
9909 41858
9911 21161
9911 9910
9913 30111
9913 34437
9915 23325
9915 21297
9917 797
9917 14034
9919 10103
9919 16842
9921 14634
9921 15634
9923 1098
9923 9922
9925 14812
9925 9924
9927 3652
9927 42454
9929 14660
9929 16858
9931 48953
9931 9930
9933 7009
9933 9932
9935 22279
9935 36231
9937 20867
9937 9936
9939 29249
9939 10426
9941 1108
9941 9940
9943 14650
9945 22003
9947 10055
9949 28011
9949 9948
9951 3270
9951 33997
9953 49489
9953 27245
9955 9726
9955 14820
9957 2650
9957 16876
9959 9045
9959 9958
9961 1521
9961 23139
9963 2616
9963 41246
9965 21119
9965 9964
9967 20593
9969 40912
9969 9968
9971 47929
9971 17078
9973 28921
9973 13962
9975 29963
9975 27395
9977 34923
9977 14822
9979 40254
9981 40520
9981 14558
9983 14936
9983 15418
9985 3288
9985 13982
9987 40143
9989 3135
9989 9988
9991 16454
9991 48037
9993 9272
9993 14500
9995 7505
9997 8994
9997 10149
9999 9938
9999 22485
10001 47781
10001 16992
10003 20859
10003 10002
10005 8445
10005 10004
10007 41496
10009 14214
10009 10008
10011 344
10011 10010
10013 1612
10013 10012
10015 23089
10015 10014
10017 9215
10017 10016
10019 28793
10019 10018
10021 16474
10021 15832
10023 23069
10023 10022
10025 7520
10025 30247
10027 10026
10029 10028
10031 1861
10031 10030
10033 15172
10033 10032
10035 29869
10035 10034
10037 36405
10037 10036
10039 23543
10039 10125
10041 3703
10041 10040
10043 21577
10043 14866
10045 27995
10047 3539
10047 10046
10049 9752
10049 20450
10051 10050
10053 1730
10055 34195
10057 20619
10057 27743
10059 2414
10059 36195
10061 40904
10061 10060
10063 2860
10063 22761
10065 46641
10065 10064
10067 7118
10067 41734
10069 28317
10069 23193
10071 2023
10071 10070
10073 9338
10073 15970
10075 9486
10075 28601
10077 29097
10077 10076
10079 40218
10079 35735
10081 33515
10081 23269
10083 14724
10083 28677
10085 3874
10085 10095
10087 22405
10087 10086
10089 22109
10091 8438
10091 22277
10093 1413
10093 10092
10095 14008
10095 10094
10097 7910
10097 28701
10099 2850
10099 33703
10101 34337
10101 10100
10103 3110
10103 48939
10105 2325
10105 10402
10107 9816
10107 36881
10109 1857
10109 10108
10111 15358
10111 15026
10113 7128
10113 48957
10115 16674
10115 10114
10119 2140
10119 16614
10121 49667
10121 33522
10123 9666
10123 10510
10125 27058
10125 14306
10127 28857
10127 14336
10129 14466
10129 10128
10131 1416
10131 10130
10133 7982
10133 40402
10135 41366
10135 10134
10137 7441
10137 10136
10139 14132
10139 10138
10141 34717
10141 10140
10143 8100
10143 10142
10145 42004
10145 47711
10147 7104
10147 10146
10149 15928
10149 10498
10151 36179
10151 10516
10153 41156
10153 10152
10155 1504
10155 30045
10157 47713
10157 10156
10159 7103
10159 20460
10161 35079
10161 10160
10163 48395
10163 10162
10165 40662
10165 10164
10167 14772
10167 10166
10169 7858
10169 10168
10171 7391
10171 10170
10173 3546
10173 27247
10175 30221
10175 28785
10177 40962
10179 3069
10179 10178
10181 28471
10181 10180
10183 35275
10183 10182
10185 10512
10187 3478
10187 15712
10189 3605
10191 21025
10191 10190
10193 29911
10193 34819
10195 28241
10195 10194
10197 8624
10197 16164
10199 8162
10199 10505
10201 41468
10201 10200
10203 42438
10203 34473
10205 33759
10205 10347
10207 15444
10207 10206
10209 29637
10209 48703
10211 14080
10211 29255
10213 2590
10213 10212
10215 15022
10215 10214
10217 1561
10217 10216
10219 34307
10221 40049
10221 35071
10223 47729
10223 23533
10225 14054
10225 10224
10227 20549
10227 10226
10229 36455
10229 27261
10231 3426
10231 10230
10233 1347
10233 10232
10235 229
10235 14948
10237 36571
10237 42556
10239 1381
10239 10238
10241 9426
10241 28043
10243 8226
10245 14346
10245 22121
10247 183
10247 10246
10249 40620
10249 49453
10251 7420
10251 10250
10253 10143
10253 10252
10255 34093
10255 10254
10257 3654
10257 16342
10259 3689
10259 10258
10261 736
10261 23045
10263 29273
10263 10262
10265 28797
10265 10264
10267 10269
10267 10266
10269 47785
10269 34443
10271 3216
10271 29839
10273 2088
10273 49765
10275 1152
10275 10274
10277 28611
10277 42732
10279 10529
10279 21823
10281 42188
10281 22619
10283 20883
10283 15442
10285 10284
10287 49193
10287 10286
10289 9646
10289 10288
10291 33843
10291 10290
10293 28917
10293 10292
10295 20468
10297 47795
10297 10296
10299 7165
10301 10058
10301 29645
10303 1876
10303 16298
10305 20330
10305 13758
10307 30
10307 10306
10309 10527
10311 23041
10311 10310
10313 48695
10313 22927
10315 10525
10317 16894
10317 10316
10319 8094
10319 10318
10321 7530
10323 16688
10323 10322
10325 27559
10325 14584
10327 16624
10327 27633
10329 29903
10331 47703
10331 17149
10333 7719
10333 13667
10335 1049
10335 10334
10337 23441
10337 10336
10339 10117
10339 48597
10341 8200
10341 27391
10343 22847
10343 10342
10345 35213
10345 10344
10347 33971
10347 35561
10349 29191
10349 10348
10351 1769
10351 10350
10353 13884
10353 29009
10355 16600
10355 10354
10357 20341
10357 16316
10359 8458
10359 47567
10361 3592
10361 35873
10363 16718
10363 41400
10365 35563
10365 35545
10367 9107
10367 41742
10369 16888
10371 42264
10371 23019
10373 23063
10373 10372
10375 48237
10377 14094
10377 10376
10379 47207
10381 2275
10381 10380
10383 10256
10383 22149
10385 7902
10385 10384
10387 7090
10387 15778
10389 15512
10389 16120
10391 3686
10391 16402
10393 36005
10394 2014
10394 29873
10395 7174
10395 48865
10396 16514
10397 15720
10398 778
10398 41926
10399 14922
10399 26926
10400 8354
10400 10015
10401 2215
10401 2138
10402 20434
10402 14288
10403 8957
10403 1472
10404 7154
10404 17205
10405 47217
10405 2760
10406 1404
10406 14020
10407 3276
10408 41014
10408 48205
10409 15802
10409 3446
10410 8342
10410 2752
10411 2633
10411 1388
10412 29783
10412 48093
10413 22571
10413 14806
10414 9346
10414 2270
10415 15348
10415 2562
10416 43
10416 2028
10417 47197
10417 2142
10418 3077
10418 3656
10419 7175
10419 29257
10420 7506
10421 7737
10422 40053
10422 36329
10423 8972
10423 27957
10424 35601
10424 23361
10425 14118
10425 49747
10426 23696
10426 21561
10427 30227
10428 43184
10429 7600
10429 48457
10430 36083
10430 2552
10431 36321
10431 8551
10432 1970
10432 27189
10433 48609
10433 47869
10434 9204
10434 1332
10435 22135
10435 9401
10436 14180
10436 9194
10437 1850
10437 9222
10438 9145
10438 20955
10439 7788
10439 30231
10441 40888
10441 15602
10442 9896
10442 9344
10443 10528
10444 49609
10445 10536
10446 8334
10446 30356
10447 27035
10448 7126
10449 40258
10449 36773
10450 9362
10450 9783
10451 9155
10452 10489
10453 7691
10454 7539
10454 9986
10455 10338
10455 10116
10456 27507
10456 10188
10457 9014
10458 2913
10458 10405
10459 33863
10460 10451
10460 10509
10461 27033
10461 7550
10462 7444
10462 22091
10463 18086
10463 46313
10464 17109
10464 33557
10465 10486
10465 5031
10466 20180
10466 17542
10467 44235
10467 43683
10468 7069
10468 6523
10469 45635
10469 4672
10470 38911
10470 4116
10471 152
10471 25665
10472 38013
10472 18194
10473 52193
10473 5962
10474 39303
10474 4654
10475 5766
10475 67
10476 39787
10476 6080
10477 4769
10477 4831
10478 18870
10478 4624
10479 25819
10479 53064
10480 43370
10480 10607
10481 17756
10481 6824
10482 31268
10482 3966
10483 43457
10483 4500
10484 13119
10485 7191
10485 11509
10486 6319
10486 18094
10487 10589
10487 51259
10488 50913
10488 3922
10489 9878
7296 21501
10490 14542
7390 10490
10491 16668
7400 30366
7408 10492
10493 16320
7492 10493
10494 9106
7592 10494
10495 10362
7618 33827
10496 36291
7634 10496
10497 14688
7640 20336
10498 10148
7690 53148
10499 16892
7710 15208
10500 20785
10501 20667
7746 20821
10502 47103
7748 48333
10503 10245
7834 10503
10504 27029
7880 35299
10505 10198
8004 41476
10506 2940
8024 23794
10507 9335
8106 14262
8110 14730
10509 22873
8220 10509
10510 10122
8252 29611
10511 2356
8314 42568
10512 15746
8408 10512
10513 34317
8456 10513
10514 15592
8468 20775
10515 28529
8572 47529
10516 14622
8590 13904
10517 320
8638 10517
10518 47189
8690 10518
10519 40526
8716 10519
10520 9944
8802 33961
10521 8478
8832 21677
10522 9007
8854 10522
10523 3099
8924 10523
10524 42834
10525 10543
9022 49061
10526 10520
9026 10526
10527 10308
9374 21833
10528 40604
9392 33999
10529 9358
9458 41726
10530 15024
9526 22047
10531 8474
9530 10531
10532 8404
9542 10532
10533 14258
9586 20333
10534 10441
9712 22201
10535 10448
9724 14046
10536 47905
10537 41760
9792 27555
10538 872
10539 34785
9978 43426
10540 14790
9994 10540
10541 35369
10088 10541
10542 10208
10294 15788
10543 9012
10314 41316
10545 17826
10545 37655
10547 19208
10547 19238
10549 5292
10549 11767
10551 12969
10553 13331
10553 17480
10555 11515
10555 45483
10557 4880
10557 10556
10559 10695
10559 10558
10561 4848
10561 38187
10563 5204
10563 10562
10565 19484
10565 10564
10567 5897
10567 11025
10569 4402
10571 24493
10571 11359
10573 6556
10573 12059
10575 5156
10575 12625
10577 5366
10579 7258
10579 18530
10581 6700
10581 26841
10583 4887
10583 10582
10585 10661
10585 18066
10587 6375
10587 12387
10589 31120
10589 11627
10591 6689
10591 10590
10593 11525
10593 11897
10595 51457
10597 46669
10597 18514
10599 52207
10599 25911
10601 6865
10601 10600
10603 11505
10603 18800
10605 6509
10605 10604
10607 6796
10609 39399
10609 10608
10611 51857
10611 10610
10613 13011
10615 43903
10615 17108
10617 5778
10617 19168
10619 5492
10619 11001
10621 11645
10621 10620
10623 25449
10623 10622
10625 52315
10627 11291
10627 43609
10629 24895
10629 10663
10631 23727
10631 10765
10633 10691
10633 11029
10635 12505
10635 17123
10637 18316
10639 25167
10639 17416
10641 23911
10641 10640
10643 6940
10643 17536
10645 5888
10645 10644
10647 33575
10647 31434
10649 6928
10649 50363
10651 6075
10651 10650
10653 6262
10653 11459
10655 37785
10655 25237
10657 33498
10657 11975
10659 45629
10659 18782
10661 5637
10661 24925
10663 13477
10663 51433
10665 19624
10665 46618
10667 45623
10667 11909
10669 3947
10669 10668
10671 12187
10671 53168
10673 10465
10673 10672
10675 31154
10675 11271
10677 45587
10679 25533
10679 17928
10681 10680
10683 10478
10683 31576
10685 18816
10685 10684
10687 39843
10689 6369
10689 10688
10691 26153
10691 12807
10693 6664
10693 17664
10695 38427
10695 45173
10697 18464
10697 51359
10699 5893
10699 13689
10701 4383
10701 10700
10703 5566
10703 50885
10705 4706
10705 10704
10707 19782
10707 10706
10709 11649
10711 46341
10711 10710
10713 37717
10715 10487
10715 10714
10717 3908
10717 11427
10719 7050
10719 10718
10721 4673
10721 11849
10723 18244
10723 11431
10725 5981
10725 10724
10727 19398
10727 52775
10729 31388
10729 39829
10731 18748
10731 17722
10733 38943
10733 19646
10735 5675
10735 12577
10737 32806
10739 6141
10741 5867
10741 10740
10743 46491
10743 39769
10745 543
10747 4003
10749 5842
10749 33186
10751 36845
10751 13503
10753 26727
10753 32294
10755 6524
10755 25561
10757 436
10757 10879
10759 37561
10759 32394
10761 17824
10761 10760
10763 19698
10763 20298
10765 32610
10767 31672
10767 24529
10769 31084
10769 10768
10771 4324
10771 45517
10773 4803
10773 44287
10775 6592
10775 12613
10777 18474
10777 10776
10779 39475
10779 37053
10781 39407
10781 23825
10783 43845
10783 10782
10785 39567
10785 10784
10787 10786
10789 45531
10791 6145
10791 10790
10793 25555
10793 18374
10795 6993
10795 12319
10797 6154
10797 10973
10799 4892
10799 17956
10801 38017
10801 38085
10803 37111
10803 10802
10805 11419
10805 10804
10807 6716
10809 45843
10809 10808
10811 33404
10811 12783
10813 133
10815 38641
10815 30430
10817 19772
10817 50991
10819 30964
10819 10818
10821 4730
10821 45681
10823 52349
10823 13571
10825 17412
10825 12449
10827 18144
10827 26471
10829 11367
10829 18196
10831 12733
10831 10830
10835 24707
10835 25325
10837 24989
10837 18836
10839 51191
10839 17538
10841 622
10841 24027
10843 30486
10843 10842
10845 44205
10845 11135
10847 19046
10847 36849
10849 5172
10849 24931
10851 32888
10851 12277
10853 5328
10855 11211
10855 37367
10857 36847
10857 13677
10859 30342
10859 26307
10861 26225
10861 13696
10863 50597
10863 10862
10865 4257
10865 37087
10867 4644
10867 25295
10869 33577
10869 10868
10871 5386
10871 12243
10873 17820
10873 45079
10875 4334
10875 11907
10877 5636
10879 10756
10879 32170
10881 11147
10881 10880
10883 33014
10883 10882
10885 4034
10885 10884
10887 37635
10887 19246
10889 13607
10889 24013
10891 23995
10891 38473
10893 31316
10893 24521
10895 10752
10895 11277
10897 70
10897 45043
10899 514
10899 18952
10901 5203
10901 44213
10903 7262
10903 13741
10905 25563
10907 4062
10907 44609
10909 5432
10909 13069
10911 44497
10911 24187
10913 10912
10915 53095
10915 38403
10917 13341
10917 10916
10919 31450
10919 37089
10921 43789
10921 10920
10923 31702
10923 10922
10925 17121
10925 11235
10927 45785
10927 25483
10929 32070
10929 26229
10931 17724
10931 10930
10933 23903
10933 10932
10935 45957
10937 4610
10937 10936
10939 6942
10939 11023
10941 11035
10941 10940
10943 19976
10943 10942
10945 36941
10945 17218
10947 49872
10947 27124
10949 556
10949 11265
10951 25233
10951 10950
10953 19840
10955 31068
10955 38413
10957 24933
10959 39869
10959 25527
10961 6220
10961 23923
10963 6100
10963 39799
10965 50941
10965 38335
10967 10677
10967 10966
10969 53173
10969 12127
10971 5339
10971 19800
10973 32110
10973 10972
10975 18564
10975 39911
10977 17758
10977 10976
10979 18864
10979 43489
10981 6622
10981 11979
10983 46608
10983 37505
10985 5186
10985 17488
10987 43621
10987 10986
10989 6149
10989 10988
10991 6400
10991 25337
10993 32438
10993 10992
10995 52121
10995 45899
10997 24743
10997 18230
10999 5214
10999 33180
11001 10618
11001 11633
11003 5970
11003 44833
11005 45475
11005 18432
11007 17840
11007 23887
11009 18810
11009 45817
11011 5593
11011 11010
11013 11567
11013 11012
11015 6342
11015 38533
11017 4039
11017 45437
11019 6954
11019 11739
11021 18612
11021 51737
11023 17856
11023 19570
11025 18650
11025 13485
11027 12859
11027 11026
11029 25829
11029 27005
11031 31512
11033 6450
11033 25153
11035 19304
11035 30331
11037 51063
11039 5883
11039 11038
11041 32126
11041 11040
11043 6473
11043 11042
11045 23730
11045 12055
11047 13349
11047 26905
11049 12179
11049 49875
11051 25419
11051 23729
11053 19580
11053 25151
11055 50859
11055 26325
11057 18146
11057 11056
11059 18688
11059 11058
11061 13577
11061 12989
11063 50379
11063 11062
11065 18294
11065 11064
11067 12623
11067 11066
11069 19644
11069 11068
11071 6584
11071 25627
11073 30524
11073 37263
11075 18608
11075 32912
11077 17996
11077 24333
11079 4870
11079 11078
11081 25789
11081 30978
11083 4635
11083 11082
11085 3890
11085 11084
11087 621
11087 13523
11089 10488
11089 12477
11091 5990
11091 30940
11093 32684
11093 25523
11095 12591
11095 11094
11097 18452
11097 51817
11099 45157
11099 30341
11101 12675
11101 11100
11103 51895
11103 11102
11105 19466
11105 20517
11107 4605
11107 11106
11109 31308
11111 5689
11111 39903
11113 6729
11113 11112
11115 17852
11115 49961
11117 26677
11117 11116
11119 43791
11119 11118
11121 18736
11121 24071
11123 25281
11123 45627
11125 26493
11127 5234
11127 25441
11129 51
11129 11128
11131 4505
11131 11130
11133 30928
11135 37369
11135 25717
11137 25503
11137 32402
11139 11815
11139 11138
11141 6315
11141 13407
11143 43481
11143 13717
11145 19040
11145 11144
11147 4918
11147 32280
11149 6879
11149 11148
11151 46323
11151 12401
11153 3882
11153 17610
11155 12169
11155 11859
11157 19444
11157 17674
11159 52907
11159 11158
11161 36846
11161 13561
11163 4574
11163 25125
11165 30327
11165 11429
11167 5650
11169 19856
11169 12519
11171 4770
11171 11170
11173 24081
11173 44633
11175 12561
11175 52625
11177 5152
11177 32484
11179 5882
11179 11775
11181 4893
11181 11180
11183 6290
11183 50581
11185 6955
11185 11184
11187 6795
11187 45009
11189 32154
11189 11188
11191 6851
11191 11190
11193 5282
11193 19528
11195 33330
11195 23979
11197 52581
11197 11196
11199 11605
11199 13716
11201 5069
11201 11200
11203 5099
11203 11202
11205 11204
11207 18118
11207 11206
11209 4851
11209 11208
11211 6082
11211 31868
11213 13712
11213 31762
11215 11403
11215 13693
11217 12891
11217 11216
11219 39757
11219 17914
11221 11741
11221 18832
11223 13111
11227 593
11227 11226
11229 10593
11229 13829
11231 38967
11231 18006
11233 5600
11235 12471
11237 6639
11237 11236
11239 18434
11239 18884
11241 38471
11241 17118
11243 13065
11245 6182
11245 26379
11247 13335
11247 11629
11249 33242
11249 13678
11251 43615
11253 146
11253 19026
11255 44611
11255 11254
11257 4587
11257 11256
11259 4664
11259 26743
11261 4830
11261 24599
11263 45023
11263 11262
11265 39741
11265 39735
11267 4105
11267 11266
11269 39607
11269 11268
11271 10674
11271 31894
11273 44189
11273 26185
11275 7225
11275 12483
11277 51885
11277 11276
11279 6231
11279 11955
11281 6910
11281 12375
11283 18334
11283 11282
11285 5008
11287 53019
11289 11288
11291 6062
11291 39429
11293 11951
11293 11292
11295 4759
11295 11294
11297 50483
11297 13047
11299 38155
11299 43388
11301 24041
11301 12425
11303 4954
11303 12973
11305 4145
11305 11304
11307 37305
11307 11306
11309 11007
11309 50309
11311 19672
11311 52463
11313 26195
11313 30450
11315 31718
11315 11314
11317 12163
11317 11316
11319 4260
11319 19520
11321 36861
11321 39007
11323 13830
11323 25935
11325 12093
11325 51135
11327 662
11327 11326
11329 12437
11329 17250
11331 10833
11331 30992
11333 13833
11333 11332
11335 43463
11335 19504
11337 36969
11337 11336
11339 11733
11339 26365
11341 50491
11341 11340
11343 6748
11343 26277
11345 24045
11345 37815
11347 13835
11347 19794
11349 31266
11351 4674
11351 12111
11353 11987
11353 17532
11355 19454
11355 11354
11357 31106
11357 11356
11359 10570
11359 13427
11361 5643
11361 17628
11363 11360
11363 13475
11365 24609
11367 5307
11367 11366
11369 7253
11369 40101
11371 52567
11371 11370
11373 5522
11373 25539
11375 5124
11375 19254
11377 24645
11377 25937
11379 17390
11379 32106
11381 11101
11381 11380
11383 24941
11383 12287
11385 5140
11385 17264
11387 19938
11387 11386
11389 3878
11389 37517
11391 7067
11391 11390
11393 37573
11393 11392
11395 5554
11395 12569
11397 12317
11397 24935
11399 23947
11399 26982
11401 6692
11401 31170
11403 19714
11403 20405
11405 45647
11405 12125
11407 4894
11407 18596
11409 44585
11409 51853
11411 18854
11411 33470
11413 12429
11415 11134
11415 18658
11417 39123
11417 11416
11419 3994
11419 19970
11421 38989
11421 38879
11423 5091
11423 11422
11425 30934
11425 12789
11427 44787
11427 46609
11429 23909
11431 10722
11431 11430
11433 12901
11433 24413
11435 30480
11435 25663
11437 39437
11437 11789
11439 18682
11439 12793
11441 6621
11441 11581
11443 13345
11443 24301
11445 6192
11445 17772
11447 11159
11447 11446
11449 13851
11449 13315
11451 5336
11451 11450
11453 6469
11453 13695
11455 5584
11455 37863
11457 5548
11457 13838
11459 17460
11459 11458
11461 25329
11461 11460
11463 5571
11463 51613
11465 4213
11465 38665
11467 6521
11467 11466
11469 12345
11469 12865
11471 39405
11471 31098
11473 4289
11473 37067
11475 37399
11475 50837
11477 19542
11479 26527
11479 11478
11481 11212
11483 45875
11483 51503
11485 5949
11485 11484
11487 33344
11487 11486
11489 50843
11489 11488
11491 18702
11491 11490
11493 6370
11493 39049
11495 11005
11495 30460
11497 20419
11497 19244
11499 3958
11499 11498
11501 4006
11501 39643
11503 31112
11503 18088
11505 10961
11505 11504
11507 19276
11509 5402
11509 25247
11511 37865
11511 12785
11513 39715
11513 11512
11515 6126
11515 11514
11517 523
11517 11516
11519 5982
11519 19956
11521 6052
11521 13319
11523 36848
11523 13836
11525 24635
11525 45209
11527 25571
11527 45995
11529 45003
11529 11528
11531 24157
11531 19338
11533 32956
11533 11532
11535 52443
11535 12603
11537 32000
11537 51091
11539 40075
11539 24837
11541 46616
11541 12549
11543 3956
11543 12887
11545 4687
11545 52213
11547 4308
11547 11546
11549 24737
11549 40161
11551 3902
11551 11550
11553 11369
11553 32046
11555 44255
11557 4120
11557 46227
11559 5023
11559 17576
11561 20162
11561 46509
11563 4433
11563 11562
11565 6730
11565 12851
11567 50583
11567 11566
11569 50331
11569 11619
11571 12993
11571 50071
11573 6398
11573 12355
11575 11809
11575 11574
11577 11169
11577 25259
11579 11572
11579 17456
11581 11440
11583 53097
11583 24727
11585 5270
11585 13299
11587 6683
11587 17568
11589 18588
11589 38129
11591 46529
11591 32066
11593 51845
11593 17510
11595 17710
11595 43817
11597 32796
11599 10596
11599 19318
11601 4341
11603 45933
11603 45579
11605 4930
11607 45445
11607 45829
11609 6722
11609 25401
11611 25145
11611 11610
11613 26511
11613 38593
11615 39765
11615 18546
11617 37987
11617 11616
11619 11568
11619 20186
11621 12269
11621 44023
11623 12583
11623 32970
11625 4069
11625 11624
11627 38127
11627 11626
11629 11246
11629 24405
11631 11707
11631 26121
11633 11000
11633 13453
11635 31066
11635 18724
11637 10978
11637 17976
11639 38081
11639 18020
11641 4764
11641 19216
11643 38225
11643 45889
11645 51927
11645 11644
11647 24145
11647 11646
11649 11648
11651 12871
11651 23987
11653 5125
11653 11652
11655 6297
11655 11654
11657 18720
11657 33650
11659 52391
11659 11658
11661 4512
11661 18978
11663 30538
11663 11662
11665 13531
11667 6746
11667 18410
11669 4683
11669 11668
11671 5057
11671 13181
11673 45815
11673 43829
11675 31732
11675 11674
11677 25731
11677 11676
11679 7180
11679 38121
11681 5132
11681 11680
11683 12721
11685 3992
11685 11684
11687 6790
11687 12079
11689 37395
11689 12405
11691 20410
11691 20184
11693 31228
11693 40192
11695 6857
11695 11694
11697 43487
11697 52809
11699 44241
11699 44815
11701 6102
11701 11700
11703 10820
11703 12961
11705 69
11705 11704
11707 5651
11707 11706
11709 51357
11709 11708
11711 153
11711 18750
11713 4699
11713 45463
11715 4479
11715 20046
11717 10960
11717 32486
11719 31966
11719 37081
11721 52413
11723 19118
11723 43573
11725 455
11725 19272
11727 4373
11729 51253
11729 26589
11731 17216
11731 11730
11733 30892
11733 11732
11735 25239
11735 11734
11737 7224
11737 11736
11739 11018
11739 43909
11741 3904
11743 12863
11743 31692
11745 11744
11747 45993
11747 18024
11749 11703
11749 44027
11751 26885
11751 11750
11753 5092
11753 45893
11755 18150
11755 11754
11757 7268
11757 25755
11759 12003
11759 11758
11761 17222
11761 11760
11763 53175
11763 11762
11765 26123
11765 45465
11767 52717
11767 24023
11769 5478
11769 13691
11771 24117
11771 11770
11773 37913
11773 33160
11775 11178
11775 38309
11777 24399
11777 11776
11779 5635
11779 12299
11781 6383
11783 6120
11783 11895
11785 37897
11785 39847
11787 5645
11787 26203
11789 11436
11789 17400
11791 39595
11791 11790
11793 39035
11793 26969
11795 4988
11795 26479
11797 23883
11797 11796
11799 46077
11799 11798
11801 17930
11801 31924
11803 6347
11805 19890
11805 32516
11807 4520
11807 20136
11809 5073
11809 11808
11811 4258
11811 11810
11813 5884
11813 19946
11815 17324
11815 24131
11817 24527
11817 52773
11819 12171
11819 37759
11821 43707
11821 43653
11823 33044
11823 17586
11825 11334
11825 13297
11827 11608
11827 11826
11829 12165
11829 32198
11831 5148
11831 50043
11833 11060
11833 11832
11835 19910
11835 11834
11837 12771
11837 12291
11839 6678
11839 45823
11841 24677
11841 26159
11843 17600
11843 11989
11845 608
11845 45349
11847 3972
11847 26027
11849 13621
11849 13750
11851 52465
11851 11850
11853 12653
11855 23733
11855 17786
11857 20142
11857 11856
11859 13597
11859 11858
11861 5706
11861 11860
11863 6516
11863 13347
11865 38535
11865 11864
11867 43927
11867 45871
11869 4218
11869 11868
11871 12075
11871 33426
11873 25427
11873 11872
11875 11387
11875 11874
11877 10878
11877 13107
11879 31142
11879 12523
11881 30584
11881 19134
11883 51855
11883 11882
11885 5274
11887 50755
11887 11886
11889 4881
11889 11888
11891 24151
11891 11890
11893 18518
11893 11892
11895 43929
11895 13295
11897 11896
11899 4617
11899 18132
11901 46507
11901 46347
11903 26071
11905 33150
11905 17952
11907 12235
11907 11906
11909 10666
11909 24745
11911 33644
11911 36865
11913 4345
11915 6128
11915 45535
11917 5227
11917 11916
11919 12419
11919 12985
11921 24863
11921 44765
11923 5326
11923 12193
11925 38961
11927 11915
11927 31568
11929 19640
11929 18042
11931 4974
11931 33400
11933 675
11933 32192
11935 31008
11935 12035
11937 13679
11937 17720
11939 6007
11939 11938
11941 32996
11943 5742
11943 25661
11945 11345
11945 32844
11947 44597
11947 11946
11949 17472
11949 12695
11951 4634
11951 37149
11953 6724
11953 52381
11955 25927
11955 11954
11957 45427
11957 11956
11959 53178
11961 6300
11961 13521
11963 5633
11963 11962
11965 39899
11965 32668
11967 52027
11967 37531
11969 4544
11969 18266
11971 10863
11971 11970
11973 26193
11973 11972
11975 10656
11975 33198
11977 31528
11977 11976
11979 10980
11979 12123
11981 5617
11981 11980
11983 4797
11983 12605
11985 7082
11985 11984
11987 32288
11987 11986
11989 37743
11989 17760
11991 13089
11991 19996
11993 25629
11993 19206
11995 37489
11995 20088
11997 5770
11997 12021
11999 4713
11999 11998
12001 25029
12003 4294
12003 18982
12005 51641
12005 12004
12007 24003
12007 45787
12009 7264
12009 12241
12011 19750
12011 19196
12013 20496
12013 12012
12015 5910
12015 37027
12017 33000
12019 32474
12019 31996
12021 11996
12021 25761
12023 45831
12023 12022
12025 18134
12027 26661
12027 12026
12029 26767
12031 30818
12031 24339
12033 39463
12033 12032
12035 11934
12035 12034
12037 630
12037 25885
12039 7212
12039 13707
12041 24473
12041 44905
12043 7181
12043 37985
12045 45221
12045 43711
12047 10466
12047 12046
12049 12267
12049 12048
12051 12050
12053 5644
12053 26031
12055 12054
12057 45049
12057 17360
12059 37991
12059 13285
12061 39247
12061 30416
12063 45687
12063 13681
12065 6497
12065 12064
12067 6891
12067 12066
12069 4628
12069 12068
12071 12897
12071 18258
12073 44521
12073 19204
12075 5608
12075 31608
12077 13401
12077 12076
12079 11686
12079 13031
12081 13403
12083 18180
12083 17596
12085 44687
12085 12084
12087 23737
12087 24681
12089 558
12089 20503
12091 24373
12091 12090
12093 571
12093 12092
12095 25893
12097 6228
12097 12407
12099 30528
12099 19386
12101 5185
12101 13419
12103 18666
12103 12229
12105 617
12105 12104
12107 31856
12107 18358
12109 12579
12109 13731
12111 17968
12111 12110
12113 23971
12113 12112
12115 6078
12115 12541
12117 51283
12117 24789
12119 5133
12119 51971
12121 3952
12121 12601
12123 18300
12123 12122
12125 39021
12127 10968
12127 12126
12129 5431
12129 13686
12131 11990
12131 44397
12133 40100
12133 39181
12135 5933
12135 12134
12137 5278
12137 32776
12139 12965
12139 12138
12141 13073
12141 38659
12143 5545
12145 4349
12145 23835
12147 10815
12147 39473
12149 11529
12149 12148
12151 24225
12151 33208
12153 20484
12153 12152
12155 19030
12155 19662
12157 18062
12157 12156
12159 37429
12159 12158
12161 10563
12161 12160
12163 11213
12163 13751
12165 11344
12165 12363
12167 17514
12167 17292
12169 128
12169 12168
12171 4240
12171 12957
12173 6754
12173 51115
12175 17246
12175 52295
12177 4252
12177 39713
12179 5027
12179 25081
12181 5061
12181 49888
12183 32220
12183 12182
12185 11759
12185 12184
12187 6644
12187 31264
12189 31400
12189 12188
12191 51217
12191 12190
12193 44759
12193 24457
12195 25411
12197 6196
12197 12617
12199 17714
12201 6072
12201 31508
12203 13575
12203 12202
12205 25437
12205 12681
12207 19412
12207 38865
12209 49879
12209 44011
12211 19330
12211 12210
12213 45791
12213 24193
12215 12421
12215 12214
12217 7205
12217 12216
12219 10647
12221 13409
12223 39199
12225 7222
12225 12224
12227 18718
12227 31210
12229 13281
12229 13583
12231 4734
12231 31742
12233 6985
12233 12232
12235 10874
12235 50497
12237 25197
12237 12236
12239 6964
12239 30896
12241 37723
12241 46181
12243 10870
12243 12242
12245 478
12245 37265
12247 4944
12247 26659
12249 19370
12249 24229
12251 4287
12251 12250
12253 17135
12253 13709
12255 4277
12255 38055
12257 33276
12257 24967
12259 5310
12259 12509
12261 38451
12261 12260
12263 23945
12263 12262
12265 12100
12265 50571
12267 19090
12267 45581
12269 63
12269 12268
12271 6741
12271 51209
12273 17910
12273 12272
12275 45271
12275 31488
12277 12729
12279 17266
12279 12278
12281 4788
12281 12280
12283 6946
12283 52075
12285 23803
12285 12284
12287 11382
12287 12286
12291 11836
12291 12290
12293 24469
12293 12292
12295 19614
12295 19300
12297 25309
12297 12296
12299 11778
12299 18284
12301 11243
12301 12300
12303 10741
12303 12302
12305 13729
12305 12511
12307 4697
12307 12306
12309 23889
12309 30335
12311 37449
12311 12310
12313 43379
12313 24613
12315 18744
12315 19658
12317 5450
12317 37117
12319 10794
12319 43717
12321 53103
12321 52347
12323 5086
12323 18058
12325 12315
12325 12324
12327 4393
12327 12326
12329 5223
12329 12328
12331 5740
12331 12330
12333 26737
12333 12332
12335 651
12335 20182
12337 31572
12337 18918
12339 10635
12339 44791
12341 26994
12341 24823
12343 43475
12343 12342
12345 4744
12345 32860
12347 25055
12347 13641
12349 18188
12349 18868
12351 20190
12353 37317
12353 26255
12355 11579
12355 13845
12357 26977
12357 19842
12359 39981
12359 12358
12361 12983
12361 13737
12363 12164
12363 32874
12365 5168
12365 30650
12367 4810
12367 44049
12369 17570
12369 39637
12371 31598
12371 37781
12373 33626
12373 53068
12375 38211
12375 43469
12377 18826
12377 37343
12379 12431
12379 12378
12381 11944
12381 13831
12383 24381
12383 12382
12385 51755
12385 19690
12387 19236
12389 33184
12389 12388
12391 20140
12391 18936
12393 19342
12393 12392
12395 20224
12397 46307
12397 12396
12399 33164
12399 19522
12401 11150
12401 50465
12403 678
12403 31810
12405 37165
12405 37127
12407 17762
12407 12406
12409 12645
12409 12408
12411 37745
12411 12410
12413 31374
12413 33458
12415 46583
12415 13489
12417 18454
12419 40096
12419 24791
12421 4554
12421 33336
12423 10545
12423 12422
12425 31550
12425 12424
12427 45383
12427 13840
12429 45155
12429 13711
12431 23919
12433 31882
12433 36860
12435 44053
12435 12641
12437 45985
12437 46001
12439 43601
12439 39945
12441 17798
12441 12440
12443 10697
12443 12442
12445 7227
12445 12444
12447 49880
12447 44393
12449 10824
12449 12448
12451 575
12451 13145
12453 19564
12453 12452
12455 487
12455 12454
12457 5051
12457 12456
12459 23905
12459 12458
12461 5394
12461 52469
12463 4813
12463 12462
12465 4017
12465 18056
12467 4167
12467 25867
12469 18228
12469 12468
12471 11234
12471 19866
12473 5583
12473 19908
12475 51775
12475 12474
12477 25085
12477 12476
12481 17958
12481 12480
12483 26913
12483 27025
12485 13173
12485 50067
12487 39991
12487 12486
12489 6440
12489 19618
12491 11672
12491 13353
12493 23731
12493 32020
12495 4507
12495 12494
12497 19230
12497 12496
12499 30692
12499 12498
12501 20120
12501 12500
12503 601
12503 51749
12505 18526
12505 12504
12507 38073
12507 12506
12509 23953
12509 38921
12511 51395
12513 30328
12513 13866
12515 24109
12515 12514
12517 37147
12517 12516
12519 11168
12519 20032
12521 12743
12521 12520
12523 11878
12523 26323
12525 5758
12525 24305
12527 31336
12527 12526
12529 40086
12529 33272
12533 26209
12533 12532
12535 25425
12535 31026
12537 31994
12537 12536
12539 18212
12539 12538
12541 19060
12541 19988
12543 18276
12543 18674
12545 7257
12545 30456
12547 5142
12547 30476
12549 11540
12549 46407
12551 24349
12551 12550
12553 4585
12553 44715
12555 4414
12555 20500
12557 12482
12559 30828
12559 12558
12561 32740
12561 23975
12563 39011
12563 17860
12565 12001
12567 12248
12567 12566
12569 11394
12569 37373
12571 5840
12571 17654
12573 46599
12573 37321
12575 30712
12575 12574
12577 10734
12577 12757
12579 20320
12581 32710
12581 12580
12583 19758
12583 46095
12585 32552
12585 26111
12587 31092
12587 12586
12589 20420
12589 46339
12591 18342
12591 13283
12593 46275
12593 12759
12595 5916
12595 24341
12597 23929
12597 12596
12599 7184
12599 32936
12601 45643
12601 17458
12603 38561
12603 51677
12605 11982
12605 17846
12607 18046
12607 12606
12609 7248
12609 26881
12611 12374
12611 43735
12613 18272
12613 12612
12615 17588
12615 52253
12617 12196
12617 12616
12619 31080
12619 24311
12621 3901
12621 12620
12623 17918
12623 17934
12625 52825
12625 26161
12627 11953
12627 12626
12629 4235
12629 12628
12631 10645
12631 18860
12633 4204
12633 12632
12635 518
12635 12634
12637 19838
12637 46693
12639 23973
12639 12638
12641 23851
12643 32194
12645 11004
12645 24291
12647 31078
12647 12646
12649 5958
12649 37941
12651 4457
12651 12650
12653 13303
12653 23917
12655 6647
12655 45015
12657 19514
12657 12656
12659 46533
12659 12658
12661 46433
12661 12660
12663 11503
12665 25289
12665 12669
12667 19376
12667 12666
12669 12664
12669 12668
12671 17214
12671 12909
12673 17374
12673 37847
12675 6614
12675 19408
12677 24125
12677 39913
12679 5685
12679 33653
12681 39623
12683 18466
12683 12682
12685 6952
12685 24325
12687 6893
12687 12686
12689 13849
12689 37195
12691 25041
12691 12690
12693 39639
12693 12692
12695 11948
12695 12694
12697 4885
12697 12696
12699 4138
12699 32298
12701 6028
12701 12700
12703 36939
12703 24401
12705 5845
12705 12704
12707 53108
12707 51777
12709 4329
12709 12708
12711 33316
12711 36863
12713 3898
12713 12712
12715 46139
12715 12714
12717 6130
12717 18242
12719 4007
12719 12718
12721 44075
12721 12720
12723 17782
12723 12722
12725 44249
12725 52359
12727 17244
12727 17682
12729 11225
12729 17119
12731 5459
12731 12730
12733 11021
12733 12732
12735 12734
12737 7045
12737 12736
12739 4004
12739 19760
12741 4065
12741 12740
12743 11452
12743 12742
12745 6768
12745 13211
12747 18216
12749 3917
12749 18000
12751 5110
12751 26113
12753 17648
12753 12752
12755 5473
12755 24657
12757 13099
12757 12756
12759 19136
12759 39239
12761 18858
12761 19002
12763 26349
12763 13859
12765 33138
12765 12764
12767 4153
12767 19460
12769 51059
12769 39901
12771 38891
12771 50809
12773 13093
12773 12772
12775 11065
12775 20048
12777 50981
12777 26423
12779 5198
12779 26835
12781 38987
12783 10810
12783 12782
12785 26319
12785 12784
12787 51983
12787 12786
12789 11424
12789 46081
12791 51171
12791 12790
12793 17684
12793 12792
12795 5225
12795 12794
12797 11922
12797 17638
12799 19258
12801 10702
12801 33290
12803 24541
12803 12802
12805 39545
12807 49971
12807 13595
12809 37945
12809 12808
12811 18624
12811 24973
12813 10924
12813 25253
12815 6906
12815 12814
12817 37565
12817 51553
12819 12963
12819 32814
12821 5780
12821 24549
12823 10892
12823 17236
12825 31024
12825 39599
12827 4772
12827 26721
12829 11636
12829 12828
12831 5101
12833 51337
12833 12832
12835 19860
12835 12834
12837 4404
12837 12836
12839 50557
12839 30674
12841 45607
12841 12840
12843 5909
12843 12842
12845 52679
12847 51511
12847 12846
12849 39537
12849 18398
12851 11564
12851 12850
12853 12308
12853 25263
12855 12899
12855 12854
12857 19998
12857 51631
12859 38843
12859 12858
12861 19200
12861 12860
12863 6404
12863 24139
12865 12881
12865 13735
12867 24097
12867 49871
12869 24649
12871 44761
12871 12870
12873 50441
12873 18092
12875 19058
12877 11752
12877 12876
12879 31050
12879 25467
12881 23891
12883 51465
12883 13435
12885 7208
12885 18796
12887 11542
12887 19000
12889 30806
12889 12888
12891 32036
12891 12890
12893 60
12893 32712
12895 19834
12895 12894
12897 5898
12897 13469
12899 18878
12899 12898
12901 4267
12901 12900
12903 44573
12903 12902
12905 19712
12907 17764
12907 12906
12909 12670
12909 20316
12911 24655
12913 37205
12913 26425
12915 18690
12917 4309
12917 12916
12919 5527
12919 12918
12921 485
12921 12920
12923 30878
12923 19962
12925 25961
12925 12924
12927 11441
12927 12926
12929 13289
12931 38737
12933 6590
12935 11862
12935 18032
12937 51943
12937 12936
12939 13025
12939 43685
12941 10800
12941 13461
12943 37901
12943 45757
12945 38563
12945 38725
12947 11787
12947 18190
12949 5886
12949 32952
12951 6882
12951 38255
12953 39447
12955 4701
12957 18544
12957 18148
12959 12762
12959 17800
12961 17906
12961 25647
12963 26639
12963 38349
12965 66
12965 31138
12967 52835
12967 12966
12969 10867
12969 43583
12971 5833
12971 44089
12973 13125
12973 12972
12975 50031
12975 13631
12977 51339
12977 18812
12979 17346
12979 12978
12981 32900
12981 13429
12983 5456
12985 40115
12985 12984
12987 12684
12987 39367
12989 11833
12989 12988
12991 50351
12991 12990
12993 17938
12993 12992
12995 5946
12995 39863
12997 24917
12997 27102
12999 50231
12999 12998
13001 24343
13001 52751
13003 4924
13003 32216
13005 4366
13005 24879
13007 17334
13007 13006
13009 50131
13009 26321
13011 10612
13011 39391
13013 13183
13013 51281
13015 24385
13015 52123
13017 10571
13017 13016
13019 11099
13019 26557
13021 32424
13021 51537
13023 6815
13025 51211
13027 30850
13027 13026
13029 32842
13029 38069
13031 12078
13031 32558
13033 4799
13033 33564
13035 31960
13035 32794
13037 6842
13037 38271
13039 17326
13039 13038
13041 12186
13041 18856
13043 5620
13043 39561
13045 25945
13045 38331
13047 11296
13047 46471
13049 6966
13049 13048
13051 18026
13051 13050
13053 18710
13055 10646
13057 50479
13057 13056
13059 26147
13059 19074
13061 33561
13061 50999
13063 7189
13063 43821
13065 31496
13065 13639
13067 4760
13067 50415
13069 10908
13069 32090
13071 4357
13071 13070
13073 5316
13075 13415
13075 37881
13077 50411
13077 43507
13079 13078
13081 5517
13083 17670
13085 50115
13085 13084
13087 5749
13087 13086
13089 7223
13089 32964
13091 4533
13091 13090
13093 32412
13093 44993
13095 19786
13097 39707
13099 12576
13099 31656
13101 17870
13101 13100
13103 6534
13103 32286
13105 5116
13105 13104
13107 12205
13107 27002
13109 38467
13109 13108
13111 5358
13111 13599
13113 44901
13113 46610
13115 52459
13115 27004
13117 18114
13117 44907
13119 17974
13119 24265
13121 39563
13121 19018
13123 51967
13123 13122
13125 18138
13125 13124
13127 52841
13127 24483
13129 6025
13129 26303
13131 17132
13131 17770
13133 19154
13133 13132
13135 19584
13135 13134
13137 45497
13137 13136
13139 5406
13139 13138
13141 45303
13141 32980
13143 32718
13143 17920
13145 38937
13147 5709
13147 13146
13149 24501
13149 13148
13151 17482
13151 33548
13153 3893
13153 13152
13155 13154
13157 10903
13159 6488
13159 24271
13161 6864
13161 45713
13163 3926
13163 13162
13165 13269
13165 13164
13167 5443
13167 13166
13169 11848
13171 44015
13171 44655
13173 17392
13173 13172
13175 5578
13175 13174
13177 6575
13177 13176
13179 37051
13179 13178
13181 11670
13181 38781
13183 4876
13183 13834
13185 6733
13185 13184
13187 5495
13187 13186
13189 17668
13191 26968
13191 43783
13193 39193
13193 13680
13195 43465
13195 24245
13197 4956
13197 37981
13199 31642
13199 18872
13201 52579
13201 19078
13203 31800
13203 13202
13205 5564
13205 30918
13207 4542
13207 46187
13209 5370
13209 31366
13211 38261
13211 13210
13213 11186
13213 26043
13215 4464
13215 13214
13217 32746
13217 13216
13219 19148
13219 25723
13221 24839
13221 13220
13223 30706
13223 13222
13225 20052
13227 49935
13227 13226
13229 4185
13229 13228
13231 10694
13231 13230
13233 45385
13233 32726
13235 10657
13235 13234
13237 23847
13237 26981
13239 26711
13239 18458
13241 5839
13241 13240
13243 24853
13243 24907
13245 30402
13245 13244
13247 4056
13247 50405
13249 39047
13249 13248
13251 4409
13251 52929
13253 5628
13253 32238
13255 44567
13255 13254
13257 12565
13257 13747
13259 20379
13259 17984
13261 20403
13261 50855
13263 25727
13263 13262
13265 18340
13265 45467
13267 5262
13267 24497
13269 26155
13269 13856
13271 17134
13273 31754
13273 13272
13275 13274
13277 4261
13277 13276
13279 12778
13279 19622
13281 12102
13283 45543
13283 13282
13285 43445
13285 13284
13287 5705
13287 38717
13289 20278
13289 33558
13291 4913
13291 45909
13293 11264
13293 31748
13295 44713
13295 17866
13297 11824
13297 50461
13299 13423
13299 51425
13301 33114
13301 19182
13303 11852
13303 19854
13305 6115
13305 20284
13307 13057
13307 17582
13309 18820
13309 13308
13311 40111
13311 38559
13313 6021
13313 25111
13315 26345
13317 18048
13317 13316
13319 12487
13319 44077
13321 17220
13321 13320
13323 31402
13323 13842
13325 6435
13325 31840
13327 6594
13327 13326
13329 24085
13329 13609
13331 6922
13331 20220
13333 18534
13333 13332
13335 5943
13335 13334
13337 6341
13337 13336
13339 33104
13341 18554
13341 13847
13343 13208
13343 43827
13345 6902
13345 36995
13347 18898
13347 13346
13349 4030
13349 19126
13351 5305
13351 13350
13353 12490
13353 13352
13355 17994
13355 13354
13357 17240
13357 37169
13359 43651
13359 13358
13361 6530
13361 13360
13363 39589
13363 23732
13365 6301
13365 13364
13367 26983
13367 50013
13369 25849
13369 52241
13371 17492
13371 17502
13373 40081
13373 24173
13375 11310
13375 13527
13377 43675
13377 13376
13379 39627
13379 13378
13381 18834
13381 31820
13383 13063
13383 44929
13385 18152
13385 38327
13387 24841
13387 13386
13389 52087
13389 13445
13391 4347
13391 13390
13393 50971
13393 44701
13395 25343
13395 18022
13397 37831
13397 13396
13399 20000
13399 20421
13401 5690
13401 13400
13403 19170
13403 45657
13405 6024
13405 30532
13407 11140
13407 13406
13409 11300
13409 45565
13411 11870
13411 32022
13413 6961
13413 50499
13415 4978
13415 13414
13417 26971
13417 18412
13419 37415
13419 13418
13421 7242
13421 18292
13423 52481
13423 44009
13425 32886
13425 13424
13427 11358
13427 25043
13429 12980
13429 33110
13431 19458
13431 13430
13433 12124
13433 25087
13435 12882
13435 18318
13437 44429
13437 38735
13439 11929
13439 51835
13441 45139
13441 13440
13443 31774
13443 31420
13445 25689
13445 37719
13447 4217
13447 13446
13449 46121
13449 18400
13451 7196
13451 50929
13453 19944
13453 25931
13455 45335
13455 32686
13457 45873
13457 13456
13459 32882
13459 13458
13461 12940
13461 52983
13463 32858
13463 43985
13465 7218
13465 13464
13467 5149
13467 13466
13469 30652
13469 13468
13471 44137
13471 13470
13473 10549
13473 13472
13475 11362
13475 13474
13477 11761
13477 24663
13479 45085
13479 39629
13481 38111
13481 32534
13483 44421
13483 13505
13485 11024
13485 45327
13487 11587
13487 44389
13489 25173
13491 3938
13491 13490
13493 7055
13493 13492
13495 5530
13495 13494
13497 5176
13499 23739
13499 19830
13501 18232
13501 13500
13503 13502
13505 19336
13505 13878
13507 6872
13507 13746
13509 26339
13509 39207
13511 5536
13511 50871
13513 13422
13513 17430
13515 3959
13515 13514
13517 11239
13517 13516
13519 18174
13519 50895
13521 18438
13521 25095
13523 11086
13523 26431
13525 27112
13525 13524
13527 50995
13527 13526
13529 51693
13531 11664
13531 17290
13533 30492
13533 38357
13535 45853
13535 24011
13537 5177
13537 52987
13541 6202
13541 17408
13543 38909
13543 13542
13545 13519
13545 13544
13547 6565
13547 19674
13549 4636
13549 17464
13551 12030
13551 26405
13553 20520
13555 19050
13555 18824
13557 13877
13559 52427
13561 24247
13563 37471
13563 13562
13565 51769
13565 19734
13567 25501
13567 32760
13569 10551
13569 20256
13571 10822
13571 46685
13573 10896
13573 13637
13575 18914
13575 31804
13577 5466
13577 13576
13579 25307
13581 44127
13581 36971
13583 12228
13583 18844
13585 30562
13585 24429
13587 13568
13587 20401
13589 6110
13589 13588
13591 37769
13591 13590
13593 45883
13593 52963
13595 12806
13595 18956
13597 37073
13597 51607
13599 50401
13599 13827
13601 20351
13603 6179
13603 13602
13605 6451
13605 13604
13607 5296
13609 13328
13609 13873
13611 44509
13611 13610
13613 4742
13613 46249
13615 584
13615 13614
13617 38893
13617 13616
13619 23865
13619 38251
13621 10720
13623 19918
13623 46664
13625 19538
13625 24185
13627 12340
13627 13626
13629 4829
13629 13628
13631 32030
13631 19344
13633 5285
13633 13632
13635 32706
13635 25461
13637 20094
13637 17478
13639 52229
13639 13638
13641 26083
13641 17678
13643 6418
13645 37605
13645 52663
13647 17474
13647 38835
13649 39635
13649 37673
13651 12206
13651 40001
13653 33250
13653 24927
13655 7260
13655 18382
13657 4745
13657 31538
13659 50853
13659 32824
13660 332
13660 22419
13661 21393
13661 904
13662 10406
13662 3510
13663 27399
13663 1390
13664 8074
13664 22353
13665 42012
13665 2460
13666 14320
13666 2714
13667 10500
13667 3462
13668 35267
13668 894
13669 27637
13669 8422
13670 8345
13670 13753
13671 13812
13671 8372
13672 36737
13673 22745
13673 3738
13674 10455
13674 29219
13675 34793
13675 10242
13676 30017
13676 8582
13677 13745
13677 38323
13678 26703
13678 30882
13679 19390
13679 4486
13680 45711
13681 4976
13682 13536
13682 6829
13683 12930
13683 17742
13684 5939
13684 4908
13685 36839
13685 5346
13686 12128
13686 25379
13687 12095
13687 574
13688 11363
13688 5642
13689 51463
13690 12400
13690 38125
13691 37939
13691 5908
13692 493
13692 6286
13693 4562
13694 25301
13694 5661
13695 12521
13695 32846
13696 44503
13696 6686
13697 38853
13697 5306
13698 23735
13698 18926
13699 7024
13699 32310
13700 7210
13700 5212
13701 26975
13701 17318
13702 6046
13703 6537
13704 17804
13704 24025
13705 7220
13706 6717
13706 52187
13707 12038
13707 10852
13708 12631
13708 24231
13709 51437
13710 52179
13710 27110
13711 51953
13712 12105
13713 13852
13714 44755
13714 11580
13715 52247
13716 17694
13716 25505
13717 11142
13718 17436
13719 37183
13719 32810
13720 32112
13720 17432
13721 40093
13721 19850
13722 25519
13722 25771
13723 10816
13723 4467
13724 30860
13724 26625
13725 7179
13725 12393
13726 25797
13726 25613
13727 13749
13727 13055
13728 7220
13728 12350
13729 26337
13729 32172
13730 11297
13731 12391
13731 12578
13732 52365
13732 43901
13733 11876
13733 30714
13734 19742
13734 24523
13735 26143
13735 25451
13736 5528
13736 49929
13737 39231
13737 12982
13738 32762
13738 33591
13739 6539
13739 13072
13740 4823
13740 25381
13741 44135
13741 46429
13742 50235
13742 26463
13743 12427
13743 13280
13744 6831
13746 13727
13746 53151
13747 17262
13747 18482
13748 20026
13748 13683
13749 13752
13749 13539
13750 13169
13750 13742
13751 17364
13751 11480
13752 13874
13752 19790
7330 16466
13754 3083
7338 29143
13755 7297
7340 48881
13756 3360
7388 27827
13757 10326
7406 36595
7486 13758
13759 7843
7490 13759
13760 3255
13761 1603
7616 27583
13762 14814
7628 13762
13763 21169
7676 49237
13764 40346
7780 13978
13765 9074
7816 42564
13766 8741
7956 13766
13767 8963
8046 13767
13768 13790
8066 17003
13769 29941
8080 13769
13770 2754
8084 15506
13771 1673
8096 13771
13772 29209
8122 22669
13773 7632
8272 13773
13774 28059
8338 22681
8348 13775
13776 15180
8374 13776
13777 27841
8388 14512
13778 20791
8428 13778
13779 2059
8502 13779
13780 21595
8588 15380
13781 10507
8672 13781
13782 42282
8724 13782
13783 27235
8774 13783
13784 1620
8818 34023
13785 3028
8826 13785
13786 29229
8838 13786
13787 8498
8844 13787
13788 35715
8932 40348
13789 13768
8960 13789
13790 29149
8961 13790
13791 1911
8962 13791
13792 2151
13793 8296
9040 40282
13794 14830
9062 13794
13795 47403
9178 27417
13796 15738
13797 10459
13798 36369
9328 13798
13799 9341
9340 13799
13800 9371
9370 13800
13801 2954
9376 13801
13802 7984
9388 34057
13803 20879
9422 13803
13804 9291
9488 28195
13805 16744
9580 34851
13806 27377
9588 13806
13807 7429
9596 35055
13808 49235
9740 48059
13809 10521
9750 22781
13810 36549
9754 13810
13811 10450
9782 13811
13812 8517
9820 13812
13813 16340
13814 8299
9844 13814
13815 1697
9848 13815
13816 10538
9860 28605
13817 14312
13818 3296
9902 14698
13819 41486
9966 36577
13820 1787
10006 15166
13821 9256
10052 47337
13822 9947
10054 13822
13823 40142
10298 14540
13824 2182
10320 13824
13825 29997
10378 15386
13826 7918
10392 20649
13827 13598
10568 50123
13828 45501
10576 13828
13829 11228
10592 46489
13830 32062
10636 38687
13831 12380
10676 19482
13832 11311
10698 13832
13833 4702
10712 19694
13834 13182
10738 13834
13835 6810
10746 18776
13836 51071
13837 3962
10856 50527
13838 25083
10904 13838
13839 13508
10918 46251
13840 12426
10956 43857
13841 38337
11076 13841
13842 13322
11108 18676
13843 27073
11166 38159
13844 11604
11198 26915
13845 51099
11214 13845
13846 13110
11222 13846
13847 13340
11232 39813
13848 32480
11286 20378
13849 11120
11348 18632
13850 13433
11404 13857
13851 27130
13852 32410
11554 37885
13853 30876
11596 44311
13854 33396
11600 13854
13855 43373
13856 13268
11740 30832
13857 13850
12062 13857
13858 13402
12080 13858
13859 32144
12094 13859
13860 5769
12194 13860
13861 52523
12198 24739
13862 18930
12386 20394
13863 27115
12428 33182
13864 26873
12430 37961
13865 12780
12624 13865
12640 13866
13867 13518
12746 26003
13868 19234
13869 26617
12804 13869
13870 17624
12830 17114
13871 6424
12844 26437
13872 25955
12952 40171
13873 18484
13022 18392
13874 13506
13054 13874
13875 26169
13082 13875
13876 516
13192 37323
13877 27000
13366 25341
13878 13504
13496 30656
13879 45851
13880 24821
13606 43699
13882 2120
13882 15146
13884 48763
13884 13883
13886 16350
13886 22165
13888 20911
13890 8823
13890 13889
13892 1467
13892 13891
13894 7680
13894 20891
13896 35067
13896 13895
13898 17051
13898 14474
13900 387
13900 33867
13902 3488
13902 15332
13904 53144
13904 21241
13906 3394
13906 14504
13908 1965
13908 22327
13910 14280
13910 16982
13912 29435
13912 13911
13914 20334
13914 27647
13916 48131
13916 13915
13918 310
13918 28499
13920 27181
13920 13924
13922 23141
13922 13921
13924 13919
13924 16194
13926 41816
13926 41660
13928 2934
13928 27193
13930 15088
13930 47603
13932 277
13932 42738
13934 7162
13934 13933
13936 36583
13938 13937
13940 7518
13940 22373
13942 43392
13942 35775
13944 8152
13944 33895
13946 28823
13946 21675
13948 326
13948 13947
13950 1909
13950 16380
13952 8365
13952 46803
13954 1555
13954 23503
13956 17065
13956 15404
13958 41670
13958 13957
13960 14322
13960 48197
13962 9972
13962 13961
13964 10331
13964 13963
13966 2277
13966 13965
13968 22525
13968 13967
13970 3023
13970 36191
13972 8377
13972 28299
13974 8521
13974 14158
13976 3523
13976 43052
13978 48673
13978 13977
13980 8355
13980 49385
13982 20845
13982 21091
13984 998
13984 15864
13986 20983
13986 35701
13988 2928
13988 14380
13990 1333
13990 13989
13992 3877
13992 13991
13994 21733
13994 13993
13996 14668
13998 49767
14000 1030
14000 34069
14002 207
14002 34691
14004 29343
14004 14003
14006 43348
14006 40037
14008 36351
14008 14007
14010 41902
14010 43354
14012 23107
14012 14011
14014 8009
14014 14013
14016 9463
14016 15198
14018 9203
14018 14316
14020 35417
14020 22453
14022 239
14022 49896
14026 2281
14026 14025
14028 8805
14028 14027
14030 2975
14030 14029
14032 35575
14032 29361
14034 9916
14034 30113
14036 15458
14036 28291
14038 20969
14038 23253
14040 29497
14040 14039
14042 17160
14044 930
14044 14043
14046 10535
14046 34075
14048 43411
14048 14047
14050 35433
14052 16870
14052 14051
14054 28669
14054 16790
14056 27563
14056 14055
14058 3306
14060 8778
14060 30249
14062 8692
14062 48561
14064 14240
14064 14063
14066 2425
14066 17007
14068 14460
14068 15236
14070 233
14072 20829
14072 27903
14074 26942
14074 22553
14076 1682
14076 14808
14078 9305
14080 7538
14082 14594
14084 1704
14084 29757
14086 2447
14086 14085
14088 42546
14088 21503
14090 42658
14090 14089
14092 712
14092 14091
14094 1339
14094 14093
14096 34071
14096 14364
14098 3429
14098 14097
14100 40588
14100 14099
14102 2852
14102 14101
14104 7561
14104 14103
14106 8160
14108 16000
14108 14107
14110 3050
14110 21947
14112 35903
14112 14111
14114 3421
14116 15134
14116 14115
14118 8360
14118 23157
14120 1834
14120 14119
14122 3822
14122 14121
14126 2703
14126 46759
14128 22839
14128 29685
14130 1644
14130 40772
14132 40918
14132 49109
14134 29899
14134 14133
14136 35131
14136 22229
14138 3852
14138 14137
14140 40650
14140 40047
14142 27383
14142 16946
14144 22147
14144 28099
14146 20449
14148 14109
14148 42976
14150 8617
14150 14652
14152 291
14152 30087
14154 8042
14154 14452
14156 15108
14156 27969
14158 13973
14158 20463
14160 22085
14160 28465
14162 29089
14162 49563
14164 9490
14164 14163
14166 3240
14166 14328
14168 40040
14168 21985
14170 2112
14170 14169
14172 2359
14172 14171
14174 48265
14174 22835
14176 41424
14178 3029
14180 2258
14180 49645
14182 771
14182 49601
14184 34095
14184 28479
14186 7521
14186 14185
14188 2422
14188 14187
14190 8745
14192 14528
14192 21421
14194 49555
14194 48215
14196 3263
14196 17010
14198 3710
14198 14197
14200 41868
14200 36293
14202 29161
14202 14201
14204 23009
14204 20967
14206 8756
14206 14972
14208 20683
14208 40148
14210 16558
14210 21755
14212 3518
14212 47381
14214 36407
14214 23309
14216 29995
14218 35373
14218 20981
14220 1061
14220 42720
14222 2337
14222 14221
14224 7875
14224 14223
14226 2848
14226 22489
14228 9151
14228 14227
14230 46721
14230 15450
14232 13756
14232 14231
14234 40054
14234 36699
14236 648
14236 14235
14238 766
14238 16984
14240 2939
14240 14239
14242 9110
14242 42812
14244 9270
14246 2785
14246 40868
14248 8843
14250 21531
14250 41942
14252 9119
14252 41546
14254 20951
14254 22519
14256 9780
14256 21237
14258 29739
14260 22483
14260 22715
14262 10507
14262 16318
14264 41672
14266 15862
14266 14265
14268 9494
14268 27683
14270 22795
14270 35551
14272 3625
14272 14271
14274 238
14274 14273
14276 35123
14276 21085
14278 9573
14278 14277
14280 7314
14280 20921
14282 9231
14282 14281
14284 17072
14284 16076
14286 2189
14286 14285
14288 2208
14290 26935
14290 21071
14292 8462
14292 15780
14294 23529
14294 41796
14296 29975
14296 14295
14298 9905
14298 14297
14300 22895
14300 14299
14304 47671
14304 14303
14306 41778
14306 28247
14308 49139
14308 14307
14310 2671
14310 14309
14312 2167
14312 14311
14314 1972
14314 14313
14316 46917
14316 14315
14318 29283
14318 34667
14320 42710
14320 15766
14322 8644
14322 47831
14324 42616
14324 14323
14326 28267
14326 28289
14328 22933
14328 14327
14330 8772
14330 16932
14332 7601
14332 41676
14334 23075
14334 14333
14336 10126
14336 16104
14338 3064
14338 36363
14340 1638
14340 14339
14342 46651
14342 42312
14344 28179
14344 14343
14346 9768
14346 14345
14348 48149
14348 14347
14350 23125
14350 28039
14352 36211
14352 14351
14354 9359
14354 28683
14356 15096
14358 14882
14358 14357
14360 3616
14362 33953
14364 14095
14364 15824
14366 8008
14366 14365
14368 3160
14368 14367
14370 41266
14370 23095
14372 3473
14372 14371
14374 8782
14374 42322
14378 16190
14378 14377
14380 36589
14380 14379
14382 48269
14384 7742
14384 14383
14386 20797
14386 14385
14388 14956
14388 49846
14390 9702
14390 28149
14392 16578
14392 41116
14394 29221
14394 42628
14396 7980
14396 49081
14398 16140
14398 29779
14400 36289
14400 14399
14402 16186
14402 14401
14404 3876
14404 14403
14406 1494
14406 14405
14408 3863
14408 16988
14410 22733
14410 14409
14412 16602
14412 14411
14414 1471
14414 14413
14416 27503
14416 16900
14418 1167
14418 15406
14420 1080
14420 16322
14422 8697
14422 14421
14424 41138
14426 2068
14426 27531
14428 14462
14428 16960
14430 13793
14430 14429
14432 3494
14432 22005
14434 14128
14434 14433
14436 8203
14438 47443
14438 22981
14440 15432
14442 34333
14442 42850
14444 36223
14444 16958
14446 36123
14446 23679
14448 8044
14450 3272
14450 22523
14452 15870
14452 14451
14454 27785
14456 20727
14456 43417
14458 9627
14458 14457
14460 10529
14460 14459
14462 2133
14462 14461
14464 40848
14464 14463
14466 34325
14466 14465
14468 15116
14468 30302
14470 35305
14470 20691
14472 1708
14472 16678
14474 36275
14476 29531
14476 14475
14478 17089
14480 46567
14480 36517
14482 1506
14482 28431
14484 3499
14484 14483
14486 40634
14486 34607
14488 1905
14488 23169
14490 7996
14490 16528
14492 14491
14494 9853
14494 14493
14496 3547
14496 28953
14498 21993
14498 42984
14500 15360
14500 14499
14502 2404
14502 16358
14504 13905
14504 15682
14506 15772
14506 14505
14508 36033
14508 14507
14510 3664
14510 21527
14512 27795
14512 14511
14514 1960
14514 35695
14516 8265
14516 14515
14518 2536
14518 47033
14520 875
14520 14519
14522 8017
14522 21159
14524 2179
14524 14523
14526 21841
14526 15204
14528 8676
14528 14527
14530 9895
14530 14529
14532 15032
14534 27293
14534 14533
14536 15226
14536 14535
14538 8316
14540 13823
14540 14539
14542 9464
14542 14541
14544 23177
14544 16400
14546 3544
14546 14545
14548 17183
14548 14547
14550 17143
14552 16860
14552 14551
14554 27046
14554 33957
14556 9748
14556 14555
14558 9980
14558 16272
14560 7107
14560 14559
14562 9453
14562 14561
14564 10107
14564 14563
14566 3090
14566 22341
14568 20759
14568 14567
14572 16810
14572 34469
14574 47031
14574 14573
14576 7854
14576 29691
14578 2888
14578 27285
14580 22167
14580 41272
14582 23397
14582 47027
14584 21443
14584 15392
14586 48081
14588 10113
14588 21741
14590 28513
14590 35581
14592 2502
14594 27379
14594 14593
14596 22645
14596 16642
14598 41232
14598 20741
14600 296
14600 14599
14602 3441
14604 10007
14604 36639
14606 8057
14606 41730
14608 22667
14608 43072
14610 7584
14610 40290
14612 8869
14612 14611
14614 2762
14614 20973
14616 1952
14616 14615
14618 29181
14618 14617
14620 1464
14620 34895
14622 16338
14624 16446
14624 22105
14626 10366
14626 14625
14628 3840
14628 14627
14630 1161
14630 14629
14632 29039
14632 14631
14634 3004
14634 14633
14636 2630
14636 15576
14638 49719
14638 49860
14640 1978
14640 14639
14642 48189
14642 14641
14644 21573
14644 14643
14646 27967
14646 28715
14648 3236
14648 47329
14650 9942
14650 15518
14652 29479
14652 28799
14654 2662
14654 23513
14656 9965
14656 14655
14658 8921
14658 14657
14660 7496
14660 23053
14662 775
14662 14661
14664 8231
14664 17027
14666 9804
14666 47169
14668 23491
14668 16168
14670 10329
14670 14669
14672 9883
14672 14671
14674 29005
14674 14673
14676 1123
14676 14675
14678 8571
14678 14677
14680 3266
14682 30067
14684 16652
14684 15584
14686 33516
14686 27243
14688 14687
14690 7094
14690 27048
14692 14974
14694 20873
14694 14693
14696 9294
14696 14695
14698 13818
14698 23645
14700 34215
14700 14699
14702 3534
14702 42766
14704 16762
14704 43042
14706 372
14706 14705
14708 15176
14708 30171
14710 14418
14710 28693
14712 2884
14712 35149
14714 2855
14714 14713
14716 7171
14716 17019
14718 14404
14718 36267
14720 34313
14720 47297
14722 21729
14722 14721
14724 9410
14724 48905
14726 47461
14726 27449
14728 21597
14728 14727
14730 10508
14730 47095
14732 29385
14732 14731
14734 7149
14734 14733
14736 21041
14738 2767
14738 14737
14740 35985
14740 48035
14742 1968
14742 28569
14744 21795
14746 35141
14748 28115
14748 14747
14750 48057
14750 41632
14752 21871
14752 14751
14754 29113
14754 35047
14756 8128
14756 16724
14758 40124
14758 17186
14760 10503
14760 14759
14762 274
14762 14761
14764 16672
14766 36826
14766 36205
14768 8490
14768 14767
14770 9286
14770 27867
14772 8998
14772 29667
14774 15462
14774 14773
14776 14775
14778 22181
14778 42236
14780 795
14780 21619
14782 23788
14784 1510
14784 14783
14786 2475
14786 14785
14788 49595
14790 7504
14790 41718
14792 15158
14792 17096
14794 33915
14794 14793
14796 9522
14796 27877
14798 8812
14800 2808
14800 14799
14802 22993
14802 14801
14804 15326
14804 28271
14806 53146
14808 47427
14808 23427
14810 47385
14810 20847
14812 7675
14812 14811
14814 16146
14814 42644
14816 49671
14816 29595
14818 15098
14818 26927
14820 9954
14820 47669
14822 23149
14822 14821
14824 36797
14824 40416
14826 1882
14826 14825
14828 2698
14828 33897
14830 2584
14830 29905
14832 22893
14832 14831
14834 2863
14834 14833
14836 41190
14836 14835
14838 27649
14838 14837
14840 96
14840 36659
14842 2620
14842 42712
14844 8666
14844 22821
14846 40672
14846 14845
14848 2510
14848 22605
14850 2936
14850 14849
14852 8463
14852 14851
14854 21417
14854 34725
14856 21725
14856 14855
14858 1563
14858 27423
14860 7422
14860 22221
14862 3872
14864 2814
14866 14930
14866 28113
14868 48013
14868 15980
14870 7107
14870 22831
14872 8817
14874 2070
14874 27965
14876 23021
14876 14875
14878 16464
14880 985
14880 14879
14882 3275
14882 14881
14884 9241
14884 17033
14886 40552
14886 14885
14888 9763
14890 9620
14890 22949
14892 8196
14892 21895
14894 41438
14894 15526
14896 21857
14896 27627
14898 7465
14898 14897
14900 1679
14900 14899
14902 2135
14902 14901
14904 36379
14904 14903
14906 35425
14906 14905
14908 97
14908 49908
14910 1887
14910 48995
14912 23537
14912 14911
14914 10542
14914 35243
14916 10520
14916 35471
14918 14917
14920 29449
14920 14919
14924 214
14924 14923
14926 3621
14926 14925
14928 14269
14928 14927
14930 10042
14930 28849
14932 8470
14932 14931
14934 1526
14934 14933
14936 48533
14936 28165
14938 26946
14938 34803
14940 10073
14940 40398
14942 40434
14942 27061
14944 48097
14944 14943
14946 29709
14946 48155
14948 10234
14948 20963
14950 22283
14950 21135
14952 7418
14952 16574
14954 7872
14954 14953
14956 34505
14956 14955
14958 27757
14960 46773
14960 14959
14962 21117
14962 17141
14964 48677
14966 1894
14966 23185
14968 46883
14968 20615
14970 16028
14970 46554
14972 28941
14972 14971
14974 48459
14976 36045
14976 14975
14978 1085
14978 16424
14980 1032
14980 14979
14982 9977
14982 14981
14984 27207
14984 14983
14986 2077
14986 22905
14988 16680
14988 14987
14990 22727
14990 16716
14992 21843
14992 48069
14994 8779
14994 14993
14996 34
14996 21005
14998 3756
14998 14997
15000 16550
15000 14999
15002 8288
15002 28145
15004 15003
15006 2078
15006 47739
15008 41872
15008 15007
15010 46967
15010 15009
15012 21653
15012 15011
15014 2200
15014 15742
15016 1796
15018 36305
15018 15017
15020 34997
15020 15019
15022 8154
15022 23003
15024 10228
15026 10110
15026 21051
15028 362
15028 15027
15030 14706
15030 17001
15032 2174
15032 27609
15034 965
15034 15033
15036 16154
15038 3211
15038 15037
15040 3121
15040 15039
15042 16210
15042 15041
15044 15043
15046 48863
15046 20447
15048 14480
15048 15047
15050 28913
15050 15049
15052 7096
15054 15626
15054 34087
15056 1185
15056 21047
15058 15290
15058 34783
15060 773
15060 15059
15062 22735
15062 41852
15064 9081
15064 15063
15066 15065
15068 2535
15068 15067
15070 10235
15070 15069
15072 28767
15072 15071
15074 21469
15074 15073
15076 2773
15076 15075
15078 2803
15078 15077
15080 27165
15080 42718
15082 13943
15082 22555
15084 10031
15086 13771
15086 15085
15088 27745
15088 35969
15090 16364
15090 15089
15092 1016
15092 17036
15094 21791
15094 41886
15096 29407
15096 22481
15098 15097
15100 14556
15100 21489
15102 14684
15102 15101
15104 40352
15104 15103
15106 9738
15106 15105
15108 21431
15108 20465
15110 3847
15110 15109
15112 1619
15112 15111
15114 36810
15114 29653
15116 29245
15116 15115
15118 17159
15118 15117
15120 7159
15120 15119
15122 48435
15122 35241
15124 863
15124 21227
15126 8195
15126 15125
15128 15604
15130 29547
15130 40598
15132 9713
15132 15131
15134 2922
15134 15662
15136 41756
15136 49001
15138 14179
15138 15137
15140 3627
15140 15139
15142 9353
15142 15141
15144 3465
15144 15143
15146 16604
15146 22699
15148 1851
15148 15147
15150 27463
15150 15149
15152 35133
15152 40284
15154 21963
15154 15153
15156 21255
15156 46556
15158 14042
15160 2656
15160 49903
15162 15161
15164 16026
15164 35451
15166 13820
15166 15165
15168 35723
15168 15167
15170 8072
15170 15169
15172 2579
15172 34303
15174 7140
15174 33877
15176 1160
15176 28181
15178 20344
15178 29565
15180 9612
15180 47737
15182 30299
15182 27809
15186 7005
15186 15185
15188 2846
15188 16144
15190 22747
15190 35737
15192 15756
15192 15191
15194 8010
15194 21263
15196 8251
15196 15195
15198 42040
15200 23629
15202 7814
15202 21753
15204 40396
15204 15203
15206 14372
15206 15205
15208 49101
15208 48445
15210 3608
15210 15350
15212 9262
15212 21811
15214 9349
15216 3521
15216 15215
15218 28749
15218 22131
15220 16722
15220 15598
15222 3209
15222 15221
15224 8020
15224 35087
15226 707
15226 47065
15228 40304
15228 15227
15230 36447
15230 30364
15232 2964
15232 49583
15234 17066
15234 15233
15236 14067
15236 15368
15238 2914
15238 49047
15240 2870
15240 48201
15242 7154
15242 28135
15244 42848
15244 46933
15246 1663
15246 40308
15248 3635
15248 28599
15250 13782
15250 15249
15252 1569
15252 15251
15254 916
15254 15253
15256 8142
15256 15992
15258 36417
15258 36745
15260 3102
15260 15259
15262 1028
15262 16084
15264 3214
15264 15263
15266 40468
15266 22705
15268 9342
15268 36421
15270 7414
15270 15269
15272 20567
15272 15271
15274 7485
15274 15273
15276 15706
15276 36273
15278 10159
15278 15277
15280 33711
15280 15279
15282 337
15282 21125
15284 15542
15284 15283
15286 48479
15286 22833
15288 49907
15288 15287
15290 14873
15290 30375
15292 3332
15294 7725
15296 2901
15296 42270
15298 2481
15298 30389
15300 10534
15300 47205
15302 8633
15302 15301
15304 14913
15304 34413
15306 9275
15306 15305
15308 23379
15308 41956
15310 21617
15310 26938
15312 1675
15312 15702
15314 8940
15314 23245
15316 15001
15316 15315
15318 36505
15318 23031
15320 47351
15320 28705
15322 9590
15322 48143
15324 28585
15324 15323
15326 48011
15326 23455
15328 53123
15328 20467
15330 2344
15330 15916
15332 13901
15332 15331
15334 105
15334 46761
15336 1596
15338 34247
15338 20713
15340 40232
15340 15339
15342 3070
15342 15341
15344 15548
15344 15343
15346 2909
15346 15345
15348 22689
15348 15347
15350 15209
15350 36907
15352 14250
15352 15351
15354 27927
15356 14141
15358 40262
15358 15357
15360 9992
15360 15359
15362 281
15362 15454
15364 2472
15364 15363
15366 7802
15366 21919
15368 15235
15368 35357
15370 49005
15372 29287
15374 15998
15374 15373
15376 43032
15376 15375
15378 7135
15378 22497
15380 13780
15382 47463
15382 49067
15384 42898
15384 15383
15386 40546
15386 22217
15388 9444
15388 21327
15390 15389
15392 49233
15392 16846
15394 48065
15394 15393
15396 48301
15396 20735
15398 16854
15398 15397
15400 48665
15400 15399
15402 34559
15402 16268
15404 13955
15406 14417
15406 17004
15408 23199
15408 28093
15410 21271
15410 15409
15412 21133
15412 27369
15414 35805
15414 42668
15416 9100
15416 21745
15418 9982
15418 15854
15420 22219
15420 33689
15422 48089
15422 15421
15424 40570
15424 27773
15426 7810
15426 46995
15428 122
15428 28381
15430 2039
15430 15429
15432 10044
15432 21399
15434 9264
15434 15484
15436 28281
15436 22301
15438 10501
15440 47515
15440 35721
15442 21801
15442 15441
15444 42214
15444 27547
15446 9336
15446 16238
15448 1967
15450 30233
15450 15449
15452 15394
15452 15451
15454 15361
15454 48859
15456 3644
15456 22177
15458 809
15458 15457
15460 22911
15460 21039
15462 1495
15462 41192
15464 8770
15464 16752
15466 21
15468 28003
15468 15467
15470 1255
15470 15469
15472 47335
15474 3806
15474 15473
15476 35585
15476 15475
15478 34123
15478 15477
15480 8798
15480 15479
15482 28957
15482 23183
15484 21831
15484 15483
15486 48559
15486 15485
15488 15079
15488 17191
15490 7866
15490 15489
15492 17203
15492 16880
15494 35913
15494 15493
15496 15718
15496 15495
15498 7751
15498 27843
15500 28675
15500 15499
15502 41012
15502 27064
15504 40898
15504 23423
15506 13770
15506 15505
15508 3035
15508 15507
15510 2583
15510 17009
15512 8650
15512 47959
15514 3435
15514 15513
15516 8743
15516 49917
15518 43429
15518 15517
15520 1856
15522 34349
15522 15521
15524 29567
15524 28091
15526 29129
15526 15525
15528 7115
15530 43242
15530 15529
15532 8950
15532 48993
15534 7654
15534 34441
15536 41866
15536 15535
15538 3267
15540 42332
15540 15539
15542 16628
15542 42612
15544 7817
15544 15543
15546 14436
15546 17050
15548 7157
15550 2826
15550 15549
15552 2008
15552 35837
15554 40157
15556 48443
15556 15555
15558 29631
15558 15557
15560 14760
15560 15559
15562 2321
15562 15561
15564 9109
15564 22677
15566 23225
15566 15565
15568 15926
15568 42510
15570 780
15570 49261
15572 16784
15572 15571
15574 36141
15574 36031
15576 28899
15576 15575
15578 15129
15578 49343
15580 49263
15580 47759
15582 9544
15584 47579
15584 22367
15586 2581
15586 21311
15588 9082
15588 29145
15590 15938
15590 17031
15592 9482
15592 15591
15594 14920
15594 15593
15596 23591
15596 16262
15598 30109
15600 21821
15600 40760
15602 9322
15602 16924
15604 22771
15604 15603
15606 14817
15606 16482
15608 28419
15608 15607
15610 23035
15610 40288
15612 15564
15614 29523
15614 15613
15616 42754
15618 2263
15618 35251
15620 47921
15620 40478
15622 9072
15622 21477
15624 1499
15624 35111
15626 1651
15626 15625
15628 9147
15628 15627
15630 15239
15630 40584
15632 16856
15632 34105
15634 9920
15634 23447
15636 1017
15636 15635
15638 3420
15638 15637
15640 15390
15640 17064
15642 956
15642 15641
15644 7363
15646 16428
15646 46839
15648 48999
15648 15647
15650 41350
15650 15649
15652 3711
15652 15651
15654 7345
15654 15653
15656 15655
15658 1617
15658 15657
15660 8098
15660 47585
15662 22431
15662 34289
15664 23684
15664 28169
15666 2421
15666 15665
15668 20693
15668 15667
15670 41712
15672 33861
15672 28447
15674 9835
15674 15673
15676 17179
15678 13807
15678 15677
15680 22081
15680 40158
15682 28959
15682 21323
15684 16496
15684 15683
15686 1091
15686 16976
15688 1919
15688 27155
15690 2597
15690 21097
15692 8350
15692 20853
15694 14490
15694 15693
15696 8905
15698 256
15698 15697
15700 7300
15700 28673
15702 15311
15702 48239
15704 7529
15704 15703
15706 7994
15706 16198
15708 9311
15708 15707
15710 28009
15710 33520
15712 10186
15712 21149
15714 41772
15714 15713
15716 21727
15716 21709
15718 3613
15718 15717
15720 2185
15720 15719
15722 1125
15722 15721
15724 9570
15724 49471
15726 28625
15726 17063
15728 2523
15728 17008
15730 9751
15730 22031
15732 2006
15732 21301
15734 14570
15734 17053
15736 9449
15736 15735
15738 42530
15738 20589
15740 27403
15740 27953
15742 15013
15742 15828
15744 33615
15744 40862
15746 10184
15746 16452
15748 1898
15748 15762
15750 16230
15750 15749
15752 36149
15752 48581
15754 3187
15754 15753
15756 3463
15756 46899
15758 22291
15758 15757
15760 27931
15760 15759
15762 42514
15762 43355
15764 1659
15764 15763
15766 29447
15766 23359
15768 9824
15768 40300
15770 2217
15770 15769
15772 913
15772 15771
15774 885
15774 15773
15776 29001
15776 29699
15778 10386
15778 27439
15780 14291
15780 48855
15782 270
15784 9995
15784 35175
15786 3588
15786 15785
15788 14914
15788 16808
15790 41554
15790 47799
15792 8530
15792 22285
15794 30203
15794 36573
15796 8260
15796 28525
15798 2366
15800 2865
15800 30073
15802 48751
15802 16938
15804 1327
15804 15803
15806 15805
15808 40524
15808 15807
15810 10219
15810 15809
15812 3424
15812 22683
15814 2047
15814 41782
15816 9006
15816 17087
15818 1216
15818 15817
15820 2968
15820 15819
15822 14369
15822 15821
15824 15823
15826 1477
15826 15825
15828 27831
15828 48923
15830 10277
15830 15829
15832 10020
15832 15831
15834 23005
15834 15833
15836 13896
15836 15835
15838 120
15838 15837
15840 41874
15840 27911
15842 2418
15842 48497
15844 1275
15844 15843
15846 22161
15846 15845
15848 3802
15848 15847
15850 8742
15850 15849
15852 36093
15852 15851
15854 27607
15856 2205
15856 35633
15858 36537
15858 15857
15860 1480
15860 16202
15862 3519
15862 15861
15864 22679
15864 35263
15866 43258
15866 29457
15868 22
15868 15867
15870 22863
15870 16664
15872 7757
15874 33529
15874 29813
15876 896
15876 42072
15878 48849
15878 27693
15880 30007
15880 15898
15882 16240
15882 15881
15884 29303
15884 15883
15886 9770
15886 27533
15888 8103
15890 34433
15890 15889
15892 14193
15892 27839
15894 29683
15894 16124
15896 21873
15898 20459
15900 9609
15900 15899
15902 29085
15902 29171
15904 22953
15904 48187
15906 8841
15906 15905
15908 23405
15908 36527
15910 3237
15910 15909
15912 2267
15912 15911
15914 21409
15914 15913
15916 49515
15916 15915
15918 9765
15918 15917
15920 16412
15920 22399
15922 23237
15924 47537
15924 15923
15926 2376
15926 23023
15928 9996
15928 36677
15930 1146
15932 28275
15932 15931
15934 3337
15934 15933
15936 42494
15936 15935
15938 47985
15938 27052
15940 9839
15940 33891
15942 29773
15944 3145
15944 15943
15946 15247
15946 21721
15948 2634
15948 15947
15950 28803
15950 15949
15952 47757
15952 15951
15954 42384
15954 47015
15956 2978
15956 35895
15958 15644
15958 27233
15960 2651
15960 15959
15962 1039
15962 15961
15964 9218
15964 15963
15966 3754
15966 15965
15968 9208
15968 42350
15970 10072
15970 23113
15972 34389
15972 15971
15974 3154
15974 15973
15976 2544
15976 15975
15978 1051
15978 15977
15980 14867
15980 23013
15982 13802
15982 15981
15984 10151
15984 15983
15986 2251
15988 28573
15988 15987
15990 16038
15990 34655
15992 21723
15992 16476
15994 7362
15994 23553
15996 35403
15996 15995
15998 3141
16000 47987
16000 33969
16002 27781
16002 21213
16004 15299
16004 21691
16006 8064
16006 16786
16008 33911
16008 41226
16010 3434
16010 17162
16012 8405
16012 16011
16014 15034
16014 16013
16016 13774
16016 16015
16018 7150
16018 16017
16020 49791
16020 16019
16022 15121
16022 16021
16024 1676
16024 28839
16026 47013
16026 42750
16028 16027
16030 1871
16030 16029
16032 8341
16032 30225
16034 1582
16034 16033
16036 29689
16036 16035
16038 3634
16038 16037
16040 7895
16040 16039
16042 1244
16042 22213
16044 22469
16044 30037
16046 15566
16048 14534
16048 16047
16050 14674
16050 16049
16052 36687
16052 16051
16054 953
16054 16053
16056 8264
16056 16055
16058 46913
16058 21547
16060 36445
16060 35919
16062 2807
16062 16061
16064 9731
16064 16063
16066 10369
16066 16065
16068 23275
16068 16067
16070 40632
16070 16069
16072 16560
16072 41938
16074 1299
16076 48071
16078 666
16078 16077
16080 48807
16080 23213
16082 40138
16082 16081
16084 15261
16084 30117
16086 48991
16086 21205
16088 8482
16088 28681
16090 3150
16090 16089
16092 7620
16092 16091
16094 3365
16094 29299
16096 9492
16096 16404
16098 7447
16098 33623
16100 27629
16100 16099
16102 286
16102 16101
16104 48095
16104 16103
16106 36701
16106 16105
16108 1314
16108 16107
16110 9235
16110 16109
16112 48043
16112 16414
16114 16522
16114 16113
16116 17174
16116 47145
16118 13929
16118 49119
16120 10388
16120 41744
16122 3492
16122 16121
16124 15893
16124 23001
16126 9993
16126 16125
16128 21571
16128 16127
16130 9384
16130 21921
16132 7903
16134 46945
16134 16133
16136 43272
16136 16296
16138 17060
16140 28745
16142 40
16142 16141
16144 15187
16144 23595
16146 7892
16146 29945
16148 7503
16148 22855
16150 1766
16150 34373
16152 14575
16152 16151
16154 8036
16154 16153
16156 21145
16156 16155
16158 1443
16158 16157
16160 14159
16160 16584
16162 3109
16162 16161
16164 20633
16164 16163
16166 29871
16166 20443
16168 14667
16168 16167
16170 8287
16170 49141
16172 16776
16172 16171
16174 26936
16174 21081
16176 9507
16176 16175
16178 8089
16178 22647
16180 8827
16180 16179
16182 189
16182 20543
16184 17166
16184 16183
16186 7712
16186 35061
16188 2950
16188 16187
16190 2961
16190 16189
16192 29643
16192 40238
16194 14024
16194 16193
16196 8592
16196 17157
16198 47825
16200 17086
16200 16199
16202 34751
16202 16201
16204 8406
16204 29317
16206 43094
16206 22347
16208 7970
16208 23563
16210 35181
16210 16209
16212 23704
16212 22707
16214 33667
16216 16384
16216 40430
16218 49507
16218 16217
16220 47581
16220 16994
16222 40648
16222 16221
16224 2611
16224 34561
16226 3723
16226 16225
16228 8555
16228 16227
16230 2610
16230 29591
16232 23119
16234 9686
16234 28029
16236 35363
16236 23353
16238 48937
16238 48947
16240 3172
16240 35227
16242 9555
16242 16241
16244 26931
16244 20687
16246 36087
16246 16245
16248 16586
16248 16247
16250 22879
16252 1610
16252 30191
16254 3706
16254 16253
16256 8929
16256 16255
16258 42436
16258 16257
16260 9679
16260 16259
16262 40432
16264 27044
16264 16263
16266 30349
16266 36297
16268 34185
16268 16267
16270 28349
16270 16269
16272 14557
16272 16368
16274 7952
16274 16273
16276 9221
16276 22557
16278 35941
16278 16277
16280 28923
16280 17030
16282 1124
16282 16281
16284 43114
16284 16283
16286 22975
16286 34515
16288 13888
16288 27279
16290 28813
16290 16289
16292 7653
16292 17097
16294 40940
16294 28175
16296 22755
16296 16295
16298 20464
16300 36041
16302 10127
16302 16301
16304 28199
16304 16303
16306 16800
16306 42542
16308 2119
16308 16307
16310 182
16310 16309
16312 1775
16312 16311
16314 1633
16314 16313
16316 16315
16318 14261
16318 16317
16320 8268
16320 34713
16322 29791
16322 27589
16324 8364
16324 47131
16326 36885
16326 21761
16328 30253
16328 16327
16330 21915
16330 16329
16332 40528
16332 16331
16334 9926
16334 16440
16336 13814
16336 16636
16338 10150
16338 16337
16340 8693
16340 34885
16342 14554
16342 16341
16344 36185
16344 35009
16346 23475
16346 16345
16348 47681
16348 20961
16350 7650
16350 21917
16352 15875
16352 40123
16354 21815
16354 16353
16356 34519
16356 16355
16358 34119
16358 29133
16360 2282
16360 29311
16362 3804
16362 16361
16364 9606
16364 16363
16366 29355
16366 42928
16368 16271
16368 43160
16370 3662
16370 16369
16372 16394
16372 16371
16374 14252
16374 16373
16376 8925
16376 16375
16378 7848
16378 16377
16380 13949
16380 16866
16382 3873
16382 34391
16384 9694
16384 21359
16386 27907
16386 16385
16388 22599
16388 29677
16390 13665
16390 35921
16392 859
16392 16391
16394 40782
16394 16393
16396 769
16396 16395
16398 15834
16398 16397
16400 14543
16402 10390
16402 16401
16404 21557
16404 16403
16406 16252
16408 9174
16408 41540
16410 16083
16410 42190
16412 29253
16412 40522
16414 20663
16416 22049
16416 23073
16418 1450
16418 21633
16420 14752
16420 16419
16422 8816
16422 28659
16424 20897
16424 16423
16426 2071
16428 3857
16428 17088
16430 7647
16430 29499
16432 27631
16432 16431
16434 10283
16434 16433
16436 7648
16438 34327
16438 17144
16440 16582
16440 16439
16442 16261
16442 27361
16444 1822
16444 16443
16446 1415
16446 16445
16448 22759
16448 16447
16450 20469
16450 16682
16452 22329
16452 16451
16454 15622
16454 16453
16456 1107
16456 16455
16458 8689
16458 20437
16460 1545
16460 16459
16462 43232
16462 41714
16464 1434
16464 23281
16466 13753
16466 29279
16468 8949
16468 16467
16470 16556
16470 49181
16472 2942
16472 28313
16474 2302
16474 42876
16476 47745
16476 35249
16478 42864
16480 7522
16480 28915
16482 20539
16482 21283
16484 22057
16484 16483
16486 1830
16486 16485
16488 48015
16490 36880
16492 7667
16494 10197
16494 48861
16496 248
16496 16495
16498 3367
16498 16497
16500 33965
16500 36833
16502 8324
16502 16501
16504 33681
16504 16503
16506 8240
16506 22011
16508 1168
16510 10081
16510 29517
16512 21543
16512 16511
16514 91
16514 16513
16516 7750
16516 16515
16518 17178
16518 16517
16520 1445
16520 16519
16522 29721
16522 16521
16524 9132
16524 17048
16526 27777
16526 16525
16528 14489
16528 27487
16530 3224
16530 16529
16532 40874
16532 48455
16534 28593
16534 16533
16536 3298
16536 34619
16538 42932
16538 16537
16540 27185
16540 16539
16542 17196
16544 10517
16544 16543
16546 15050
16546 16545
16548 27993
16548 16547
16550 14741
16550 33925
16552 3619
16552 16551
16554 34569
16556 2492
16556 16555
16558 338
16558 16557
16560 8090
16560 20559
16562 33951
16564 48451
16564 21949
16566 3597
16566 16565
16568 23221
16568 16567
16570 15810
16570 16569
16572 9080
16572 16571
16574 21631
16574 35817
16576 15503
16578 8602
16578 16577
16580 3798
16580 16579
16582 21545
16582 22197
16584 43102
16584 23247
16586 3668
16588 47667
16588 16587
16590 1281
16590 16589
16592 1625
16592 27977
16594 16593
16596 20685
16596 16595
16598 49503
16598 16597
16600 2565
16600 16599
16602 48997
16602 16601
16604 43110
16606 29439
16606 16605
16608 15668
16608 16607
16610 16998
16612 35875
16612 21305
16614 10118
16614 20531
16616 29939
16616 16615
16618 10540
16618 16617
16620 16460
16620 16619
16622 47151
16622 16621
16624 23559
16624 47627
16626 15872
16628 22505
16630 27731
16632 16532
16632 16631
16634 16463
16634 16633
16636 16335
16636 28933
16638 23701
16638 22097
16640 3459
16640 34275
16642 14595
16642 16641
16644 43054
16646 22187
16646 27845
16648 23105
16648 30321
16650 47281
16650 40744
16652 47123
16652 40536
16654 8554
16654 20623
16656 3872
16656 16655
16658 2471
16658 16657
16660 3875
16660 20939
16662 10295
16664 35927
16664 16663
16666 20557
16666 26930
16668 28263
16668 28679
16670 1721
16670 16669
16672 21441
16672 16671
16674 381
16674 16673
16676 36673
16676 16675
16678 14471
16678 16677
16680 21667
16680 16679
16682 48573
16682 28031
16684 3877
16684 42576
16686 8181
16686 16685
16688 8452
16688 40494
16690 1792
16690 41254
16692 2962
16692 16691
16694 27291
16694 20943
16696 27347
16696 16695
16698 3038
16698 43270
16700 26916
16700 16699
16702 22587
16702 48233
16704 3763
16704 16703
16706 10154
16706 27066
16708 9343
16708 16707
16710 15214
16710 16709
16712 2619
16712 16711
16714 17181
16716 14989
16716 47147
16718 22225
16718 26940
16720 16150
16720 27363
16722 20455
16722 28661
16724 14755
16724 34395
16726 20629
16726 16725
16728 1431
16728 16727
16730 21973
16732 10531
16732 21031
16734 15356
16736 10349
16736 16735
16738 41110
16738 27859
16740 3159
16740 16739
16742 2965
16742 16741
16744 29659
16744 16743
16746 22013
16746 16745
16748 887
16748 16747
16750 21507
16750 27527
16752 35375
16752 22897
16754 2571
16754 16753
16756 1847
16756 16755
16758 7168
16758 21341
16760 9437
16760 16759
16762 2108
16762 20749
16764 22209
16764 33675
16766 695
16766 16765
16768 16590
16768 16767
16770 48361
16770 16769
16772 47063
16772 27829
16774 9691
16774 16773
16776 27505
16776 28403
16778 373
16778 35107
16780 49035
16780 41054
16782 3852
16784 2202
16784 42520
16786 16005
16786 16785
16788 347
16788 21307
16790 16789
16792 2489
16792 16791
16794 2032
16794 41996
16796 28863
16796 22809
16798 1432
16798 16797
16800 2514
16800 17148
16802 36479
16802 16801
16804 28927
16804 20591
16806 7693
16806 16805
16808 28137
16808 40044
16810 3310
16810 16809
16812 27689
16812 16811
16814 8034
16814 43302
16816 30308
16816 16815
16818 21965
16818 23137
16820 36111
16820 29837
16822 23784
16822 41870
16826 35553
16826 41566
16828 3718
16828 21711
16830 7152
16830 16829
16832 39
16832 16831
16834 35129
16834 21185
16836 9432
16836 16835
16838 8647
16838 29199
16840 15309
16840 36553
16842 21593
16842 16841
16844 9615
16844 16843
16846 28615
16846 16845
16848 35195
16848 16847
16850 27049
16850 40042
16852 28595
16852 16851
16854 1579
16854 16853
16856 7364
16856 16855
16858 9928
16858 23357
16860 9971
16860 16859
16862 9395
16862 29405
16864 16456
16864 16863
16866 16379
16866 16865
16868 14434
16870 13994
16872 7662
16872 41248
16874 20581
16874 34657
16876 9956
16876 28755
16878 34845
16878 35205
16880 34707
16882 2753
16882 41574
16884 35639
16884 16883
16886 29575
16886 30311
16888 16850
16888 23377
16890 20673
16890 29923
16892 9240
16894 9021
16894 16893
16896 8856
16896 29197
16898 3002
16898 16897
16900 14415
16900 29281
16902 22697
16902 42124
16904 47167
16904 35309
16906 23109
16906 27587
16908 3678
16908 23435
16910 213
16910 16909
16912 3014
16912 16911
16914 9306
16914 16913
16916 16349
16916 34175
16918 852
16918 42274
16920 7281
16920 16919
16922 36313
16922 16921
16924 15601
16924 27847
16926 22261
16928 1029
16928 16927
16930 7727
16930 16929
16932 27491
16932 33519
16934 34961
16934 16933
16936 28439
16936 16935
16938 41992
16938 16937
16940 9577
16940 16939
16942 15792
16942 16970
16944 8363
16944 16943
16946 16266
16946 16945
16948 16072
16948 16947
16950 41206
16950 47541
16952 48913
16952 47181
16954 9078
16954 21943
16956 16875
16956 27849
16958 42690
16960 14427
16960 35713
16962 9452
16962 36067
16964 1274
16964 35085
16966 1192
16966 16965
16968 21373
16968 16967
16970 16941
16970 21623
16972 7111
16972 16971
16974 2049
16974 16973
16976 47481
16976 42674
16978 41210
16978 40730
16980 1063
16980 16979
16982 13909
16984 14758
16984 16983
16986 3457
16986 16985
16988 14407
16988 20563
16990 16239
16990 42084
16992 29023
16992 34081
16994 16219
16994 28477
16996 23497
16996 17037
16998 36817
16998 34031
17000 8585
17000 16999
17001 29119
17001 14026
17002 16566
17002 283
17003 49771
17003 42246
17004 15405
17004 27591
17005 14942
17006 23557
17006 1068
17007 28315
17008 21275
17008 47791
17009 22415
17009 2582
17010 15942
17010 1752
17011 27365
17011 7623
17012 9421
17012 2378
17013 28389
17013 2440
17014 17192
17015 21817
17015 3873
17016 10440
17016 23662
17017 10524
17017 47725
17018 15676
17018 36001
17019 23700
17019 22071
17020 20429
17020 1814
17021 2025
17021 2024
17022 15199
17022 365
17023 17093
17024 20767
17024 8123
17025 27411
17025 8018
17026 16142
17026 2284
17027 17176
17028 1621
17028 1120
17029 7587
17029 8192
17030 40490
17030 9599
17031 7474
17032 29349
17032 36898
17033 16200
17033 10499
17034 17101
17035 22289
17035 9468
17036 17095
17036 9628
17037 9664
17038 9441
17038 27803
17039 2697
17039 23099
17040 9255
17040 7665
17041 13956
17041 9024
17042 36836
17042 28643
17043 47619
17044 30047
17044 13923
17045 14041
17046 27935
17046 14550
17047 35571
17049 7372
17050 22359
17050 15400
17051 15726
17051 42694
17052 20857
17053 48837
17053 17156
17054 964
17055 1843
17056 33941
17056 14877
17057 27541
17058 9657
17059 23787
17060 34581
17060 17161
17061 8139
17061 22923
17062 14743
17062 30179
17063 47291
17064 15639
17064 8368
17065 14934
17065 17155
17066 7157
17067 47003
17067 49661
17068 17185
17069 2548
17069 46859
17070 16748
17070 21447
17071 1492
17071 30385
17072 17188
17073 36513
17074 41510
17074 16139
17075 23773
17076 48527
17076 16299
17077 2010
17078 42398
17079 20659
17079 16435
17080 20653
17080 17152
17081 14745
17081 16507
17082 8671
17082 16627
17083 23547
17084 17170
17084 16733
17085 1832
17087 17184
17088 17014
17088 2802
17089 17102
17089 29307
17090 17044
17091 7619
17091 17020
17092 15663
17092 7760
17093 17151
17094 17054
17094 17103
17095 30015
17095 42424
17096 17045
17096 41222
17097 17013
17097 17022
17098 17068
17099 28211
17099 35183
17100 3129
17100 42980
17101 17092
17101 14456
17102 17023
17102 30282
17103 41404
17103 14621
17104 7239
17104 30784
17105 30323
17105 3912
17106 17892
17106 13271
17107 3984
17107 5997
17108 32608
17108 5582
17109 5541
17109 20122
17110 52721
17110 5696
17111 6171
17111 13589
17112 5518
17112 12109
17113 11569
17113 6926
17114 13870
17114 11501
17115 6823
17115 3960
17116 38423
17116 4082
17117 45321
17117 11036
17118 53186
17118 10840
17119 12728
17119 10850
17120 19536
17120 24249
17121 5850
17121 12813
17122 6986
17122 11595
17123 12809
17123 4332
17124 18892
17124 5491
17125 11285
17126 13843
17126 12478
17127 13730
17127 12530
17128 26069
17128 6676
17129 13694
17129 6378
17130 12499
17130 13080
17131 18814
17131 594
17132 12635
17132 13130
17133 7197
17133 12798
17134 13270
17134 17131
17135 17126
17135 23977
17136 1482
13887 20975
17137 20424
17138 41844
13997 17138
17139 20427
17140 27211
14053 49603
17141 14961
17142 1818
14065 42788
17143 14549
14069 47079
17144 20436
17145 20793
14113 17145
17146 15941
14195 34507
17147 29347
17148 16799
14243 17195
17149 10330
14247 17149
17151 17168
14301 27509
17152 16491
14355 29215
17153 17143
14363 17153
17154 20457
14423 48183
17155 15403
14531 17155
17156 3615
14569 17156
17157 16195
14591 28995
17158 15415
14681 22969
17159 7768
14735 36109
17160 43248
14791 17160
17161 41410
17162 16009
14861 22417
17163 14022
17164 23792
14883 17204
17165 3074
14921 42034
17166 16169
14957 17187
17167 16205
15035 28235
17168 14477
15293 17168
17169 8000
17170 20451
17171 34033
15369 17171
17172 1014
15465 42108
17173 47855
15481 41794
17174 20919
15519 22155
17175 16036
15553 17175
17176 14663
15581 34121
17177 8974
15589 17177
17178 2304
15643 28399
17179 23307
15675 17179
17180 17154
17181 17202
15725 17181
17182 35815
15781 17182
17183 22365
15797 36511
17184 21699
15815 29885
17185 8858
15871 36697
17186 14757
15997 28867
17187 21787
16045 22561
17188 3728
16075 49395
17189 20641
16405 17189
17190 21035
16413 27659
17191 28871
16425 20537
17192 1914
16427 17192
17193 2446
16477 30384
17194 22325
16489 36433
17195 28641
16523 22223
17196 9682
16541 17196
17197 14249
16575 40150
17198 8282
16585 22407
17199 14553
16603 21799
17200 2908
16625 17200
17201 49325
16629 22115
17202 9608
16749 28801
17203 35349
16879 48429
17204 41774
16891 42918
17205 16
16957 29195
17206 8454
16995 17206
17208 7227
17208 30842
17210 12255
17210 17209
17212 24557
17212 17211
17214 26555
17214 39653
17216 18112
17216 17215
17218 32568
17218 17217
17220 551
17220 17219
17222 30536
17222 18578
17224 24647
17224 26613
17226 45659
17226 17225
17228 27144
17228 17227
17230 4098
17230 32802
17232 33304
17232 18274
17234 6779
17236 12822
17236 18512
17238 26005
17238 17512
17240 5165
17240 18402
17242 5701
17242 17241
17244 6394
17244 31072
17246 32650
17246 17245
17248 26967
17248 17308
17250 45333
17250 32002
17252 12818
17252 43715
17254 13573
17254 17253
17256 20086
17256 39841
17258 44953
17258 17257
17260 6820
17260 18254
17262 13724
17262 17261
17264 13015
17264 38289
17266 11729
17266 32054
17268 43378
17268 20482
17270 51025
17270 17269
17272 45761
17272 38521
17274 3909
17274 17273
17276 4263
17276 30718
17278 20472
17280 6312
17282 6203
17282 17281
17284 37495
17284 26435
17286 4997
17286 50407
17288 31246
17288 17746
17290 13530
17290 43733
17292 31462
17292 20365
17294 52371
17296 33462
17296 17295
17298 32716
17298 17297
17300 23809
17300 17299
17302 5050
17302 17301
17304 5866
17304 17303
17306 13232
17306 43625
17308 49923
17310 6479
17310 17309
17312 24475
17312 26565
17314 7088
17314 17313
17316 24813
17318 26473
17318 17317
17320 30710
17320 32866
17322 31042
17322 17321
17324 5114
17324 37239
17326 5869
17326 17325
17328 24331
17328 30912
17330 5327
17330 40009
17332 23897
17332 17331
17334 4063
17334 17333
17336 52461
17338 25899
17338 43811
17340 6302
17340 17339
17342 5017
17342 17341
17344 13457
17344 17343
17346 19702
17346 19294
17348 19448
17348 39687
17350 7063
17350 17349
17352 7066
17352 17351
17354 26585
17356 44855
17356 17355
17358 32892
17358 51335
17360 32670
17360 17359
17362 17740
17362 20144
17364 53155
17364 18126
17366 23734
17366 44917
17368 6438
17370 19452
17370 44789
17372 11711
17372 18014
17374 4388
17374 17373
17376 6690
17376 20004
17378 39773
17378 51617
17380 52869
17380 17808
17382 32838
17382 26651
17384 24671
17384 17383
17386 38217
17386 26569
17388 46183
17388 17387
17390 52989
17390 17389
17392 31298
17394 50931
17394 17393
17396 12441
17398 6189
17398 24107
17400 24667
17400 32820
17402 44821
17402 17401
17404 3957
17404 17403
17406 6797
17406 17405
17408 37271
17408 17407
17410 39655
17410 17409
17412 11613
17412 50627
17414 4777
17414 17413
17416 17526
17416 17415
17418 11070
17418 31556
17420 10851
17420 31516
17422 10480
17422 17421
17424 6038
17424 37441
17426 5625
17426 27086
17428 51925
17428 17427
17430 13512
17430 50193
17432 18950
17432 17988
17434 13848
17434 17978
17436 46173
17436 17435
17438 11290
17438 25305
17440 33424
17442 11397
17442 17441
17444 12535
17444 19808
17446 3954
17446 37797
17448 30622
17448 19862
17450 24147
17450 17449
17452 20423
17452 37251
17454 12679
17454 17453
17456 11578
17456 18988
17458 17338
17458 17457
17460 23915
17460 19978
17462 33392
17462 24345
17464 38867
17464 52089
17466 11966
17466 45595
17468 5239
17468 19598
17470 39733
17470 17469
17472 4911
17472 46079
17474 11414
17474 32688
17476 5647
17476 17475
17478 38619
17478 17477
17480 32032
17480 25909
17482 52117
17484 39667
17484 17483
17486 26251
17486 17485
17488 17652
17488 17487
17490 19706
17490 17489
17492 11698
17492 51007
17494 12346
17494 50567
17496 3991
17496 37755
17498 32538
17498 24705
17500 51079
17500 52977
17502 13370
17502 31658
17504 46499
17504 18004
17506 39875
17506 20359
17508 11937
17508 17507
17510 11592
17510 37989
17512 17237
17512 37159
17514 6350
17514 19068
17516 51681
17516 17515
17518 32060
17518 17517
17520 12233
17520 17519
17522 33042
17522 17521
17524 4462
17524 17523
17526 51543
17528 44883
17528 20474
17530 68
17530 17529
17532 39365
17532 17531
17534 13459
17534 45741
17536 50903
17536 25431
17538 52941
17538 17537
17540 5405
17540 52317
17542 26887
17542 19222
17544 13127
17544 52231
17546 18436
17546 52797
17548 511
17548 17547
17550 11867
17550 17549
17552 539
17552 17551
17554 45319
17554 17553
17556 17802
17556 17555
17558 10958
17558 33012
17560 5765
17560 17559
17562 17365
17562 44913
17564 11395
17564 30454
17566 26683
17566 30608
17568 11586
17568 17878
17570 18598
17570 44481
17572 17902
17572 17592
17574 38317
17574 37697
17576 11558
17576 32502
17578 32974
17578 17577
17580 30522
17580 17784
17582 51351
17582 26357
17584 5421
17584 17583
17586 11822
17586 17585
17588 56
17588 17587
17590 5175
17590 26699
17592 17571
17592 25463
17594 6715
17594 17593
17596 12082
17596 25845
17598 13374
17598 24083
17600 4236
17600 32008
17602 5721
17602 17601
17604 30664
17604 25703
17606 5319
17606 17605
17608 4184
17608 17607
17610 11152
17610 25793
17612 18984
17612 17611
17614 43773
17614 38707
17616 13309
17616 17615
17618 50783
17618 45267
17620 39969
17620 24761
17622 11957
17622 17621
17624 7025
17624 17623
17626 45379
17628 13688
17628 17627
17630 13655
17630 17629
17632 13371
17632 17631
17634 5309
17634 17633
17636 37587
17638 24179
17638 17864
17640 24449
17640 33432
17642 32854
17642 49876
17644 38431
17644 46101
17646 6822
17646 17942
17648 7221
17648 27011
17650 33244
17650 50417
17652 10984
17652 17651
17654 33318
17654 50413
17656 11851
17656 17655
17658 11398
17658 19884
17662 6860
17662 17728
17664 31094
17664 17663
17666 7249
17666 50639
17668 13188
17668 43881
17670 13875
17670 17669
17672 4528
17672 17671
17674 12305
17674 17673
17676 50905
17676 24369
17678 13640
17678 17677
17680 10876
17680 17750
17682 13233
17682 17681
17684 20204
17684 44955
17686 43382
17686 44871
17688 25215
17688 17972
17690 18986
17690 17689
17692 6193
17692 17691
17694 13225
17696 18616
17696 20390
17698 26199
17698 17697
17700 40112
17700 39185
17702 50349
17702 17701
17704 5579
17704 17703
17706 24633
17708 24957
17708 17707
17710 4600
17710 25569
17712 26455
17712 17940
17714 13861
17714 17713
17716 31406
17716 17715
17718 5257
17718 36837
17720 33484
17720 50825
17722 53166
17722 26579
17724 6236
17724 26313
17726 51239
17726 32440
17728 17661
17728 18140
17730 4244
17730 17774
17732 43376
17732 18938
17734 5874
17734 30576
17736 43959
17738 13706
17738 39543
17740 37091
17740 17739
17742 5258
17742 17741
17744 6653
17744 32076
17746 33592
17746 33270
17748 6805
17748 18240
17750 17679
17750 24049
17752 26571
17752 20357
17754 4192
17754 17753
17756 13265
17756 17755
17758 427
17758 17757
17760 25473
17760 17759
17762 12096
17762 44145
17764 50391
17764 24233
17766 4639
17766 17765
17768 12568
17768 39549
17770 13579
17770 17769
17772 12389
17772 32176
17774 25553
17774 18582
17776 25313
17776 17775
17778 38791
17780 19488
17780 24503
17782 51289
17782 44525
17784 17579
17784 17783
17786 30868
17788 26205
17788 17787
17790 30630
17790 17789
17792 4981
17792 17791
17794 26851
17794 17793
17796 13860
17796 24803
17798 36855
17798 39805
17800 17812
17800 44965
17802 13118
17802 17801
17804 12041
17804 17803
17806 5036
17806 17805
17808 17379
17810 31546
17810 17809
17812 12958
17812 44405
17814 51487
17814 44151
17816 19468
17816 32790
17818 7237
17818 51035
17820 11535
17820 17819
17822 6260
17822 52687
17824 19178
17824 17823
17826 20024
17826 32156
17828 20172
17828 19898
17830 24375
17830 36852
17832 6240
17832 24111
17834 52695
17834 17833
17836 4365
17836 32556
17838 4833
17838 17837
17840 522
17840 17839
17842 169
17842 17841
17844 43843
17844 17843
17846 44043
17846 25059
17848 4839
17848 17847
17850 13478
17850 31504
17852 37867
17852 17851
17854 10637
17854 17853
17856 10938
17856 17890
17858 5693
17858 17857
17860 12562
17860 18420
17862 11523
17862 17861
17864 18108
17864 17863
17866 13294
17866 18248
17868 32804
17868 17867
17870 6431
17870 17869
17872 6284
17872 39155
17874 25615
17874 17873
17876 25655
17876 30730
17878 17567
17878 18178
17880 38609
17880 17879
17882 19986
17882 24951
17884 3995
17884 17883
17886 5181
17886 17885
17888 4895
17888 17887
17890 18428
17890 17889
17892 31282
17892 18644
17894 10743
17894 45519
17896 17702
17896 17895
17898 24029
17898 26291
17900 39349
17900 17899
17902 26215
17902 17901
17904 628
17904 17903
17906 11702
17906 39823
17908 44121
17908 17907
17910 5481
17910 26175
17912 4194
17912 43885
17914 11218
17914 46413
17916 19248
17916 17915
17918 3970
17918 26561
17920 25493
17920 17919
17922 20272
17922 37473
17924 531
17924 38663
17926 5815
17926 17925
17928 24783
17930 5038
17930 19348
17932 18910
17932 17931
17934 13509
17934 17933
17936 6666
17936 17935
17938 563
17938 31446
17940 30638
17940 38363
17942 17645
17942 38229
17944 46351
17946 4230
17946 20082
17948 18968
17948 17947
17950 23845
17950 24005
17952 39753
17952 17951
17954 6225
17954 17953
17956 10798
17956 19124
17958 37035
17958 25777
17960 31722
17960 18542
17962 12886
17962 37765
17964 24435
17966 11454
17966 18324
17968 11350
17968 17967
17970 31562
17970 52509
17972 31694
17972 17971
17974 6578
17974 17973
17976 12829
17976 17975
17978 17433
17980 31942
17982 10725
17982 17981
17984 13258
17986 4424
17986 37819
17988 17431
17988 30624
17990 25567
17990 46699
17992 13830
17992 51199
17994 6619
17994 39891
17996 506
17996 26529
17998 5725
17998 17997
18000 12748
18000 17999
18002 24113
18004 17503
18004 18003
18006 11230
18008 25137
18008 31720
18010 27087
18010 31696
18012 12052
18012 30812
18014 17371
18016 6013
18016 18015
18018 17249
18018 50695
18020 13471
18020 39317
18022 13394
18022 44515
18024 46053
18024 18023
18026 4620
18026 37927
18028 11631
18028 18027
18030 31062
18030 18234
18032 26265
18032 31018
18034 4548
18034 18033
18036 5072
18036 19942
18038 18218
18038 18037
18040 39933
18042 11928
18042 18848
18044 26261
18044 18043
18046 4558
18046 36919
18048 32282
18048 26593
18050 4964
18050 18049
18052 6915
18052 18606
18054 6212
18054 18053
18056 12464
18056 18055
18058 12322
18058 18057
18060 5368
18060 18059
18062 37295
18062 18061
18064 31290
18064 18063
18066 20068
18066 18065
18068 18628
18068 18067
18070 39709
18070 18069
18072 19900
18072 18071
18074 46614
18074 45827
18076 5085
18076 18075
18078 24169
18080 4971
18080 45707
18082 12053
18082 18081
18084 18992
18084 30804
18086 127
18086 18085
18088 11502
18088 33096
18090 36997
18090 27117
18092 12872
18092 18091
18094 5030
18094 50733
18096 13117
18096 18095
18098 27019
18098 24359
18100 18430
18100 18806
18102 52199
18102 18101
18104 4046
18104 18103
18106 4037
18106 18105
18108 17637
18108 38997
18110 33570
18112 3993
18114 20074
18114 18113
18116 50701
18116 18362
18118 6101
18118 18117
18120 45533
18120 20367
18122 11088
18122 31342
18124 45167
18126 17363
18126 18646
18128 12343
18128 18127
18130 5247
18130 18129
18132 11898
18132 19778
18134 37835
18134 25641
18136 13734
18136 37167
18138 11302
18138 25713
18140 51185
18140 18192
18142 25269
18142 18662
18144 33628
18144 18143
18146 13479
18146 18145
18148 31360
18148 38267
18150 19112
18150 18186
18152 19704
18152 18151
18154 11443
18154 18153
18156 26996
18156 32702
18158 13659
18158 18157
18160 6703
18160 45753
18162 37553
18162 18161
18164 12435
18164 31074
18166 32456
18166 18680
18168 52325
18168 18167
18170 6030
18170 25023
18172 45675
18172 43659
18174 5860
18174 18346
18176 24279
18176 18175
18178 17877
18178 26843
18180 24461
18180 43467
18182 500
18182 18181
18184 13646
18184 18183
18186 18149
18186 52791
18188 564
18188 24267
18190 12946
18190 18189
18192 18139
18192 24391
18194 4036
18194 18193
18196 10828
18196 33100
18198 6968
18198 50965
18200 38849
18200 18199
18202 17609
18202 26719
18204 18896
18204 18203
18206 7212
18206 19636
18208 39703
18208 18207
18210 13537
18210 18209
18212 5998
18212 18211
18214 5581
18214 18213
18216 12979
18216 45857
18218 11817
18218 18217
18220 17557
18220 44649
18222 20104
18222 50377
18224 5178
18224 18223
18226 4835
18226 18225
18228 51819
18228 26035
18230 10996
18232 5971
18232 45541
18234 18029
18234 39727
18236 30866
18236 25887
18238 25897
18238 37041
18240 17747
18240 38817
18242 52493
18242 51119
18244 4160
18244 18243
18246 10959
18248 17865
18248 18247
18250 12724
18250 18249
18252 26327
18252 50641
18254 17259
18254 18622
18256 45509
18258 12070
18258 38447
18260 17939
18260 18259
18262 12023
18262 18261
18264 4657
18264 33308
18266 11968
18268 7272
18270 24259
18270 18269
18272 10774
18272 18271
18274 44065
18274 24661
18276 12348
18276 18275
18278 40181
18278 18277
18280 18041
18280 18279
18282 30394
18282 18281
18284 25063
18284 25469
18286 11753
18286 18285
18288 18916
18288 18287
18290 31778
18292 13420
18292 46531
18294 7233
18294 18293
18296 43889
18296 18295
18298 5390
18298 50875
18300 43873
18300 18299
18302 11047
18302 18301
18304 18250
18306 10652
18306 18976
18308 6411
18308 18307
18310 19420
18310 18309
18312 25871
18312 25287
18314 5396
18316 4668
18316 19104
18318 13434
18318 18317
18320 5484
18320 24637
18322 17270
18322 18321
18324 17965
18324 30932
18326 6232
18326 43447
18328 43385
18328 37653
18330 19432
18332 11669
18332 18331
18334 6167
18334 18333
18336 39527
18336 18335
18338 4606
18338 45215
18340 4394
18340 24897
18342 6123
18342 18341
18344 5745
18346 26189
18346 33474
18348 610
18348 18347
18350 7263
18350 18349
18352 50207
18352 18351
18354 4412
18354 39985
18356 4044
18356 24289
18358 12106
18358 45969
18360 50935
18360 23819
18362 18115
18362 50685
18364 6000
18364 18363
18366 598
18366 46171
18368 12119
18368 18367
18370 4418
18370 24919
18372 18714
18372 50803
18374 25657
18374 26687
18376 20473
18376 18375
18378 4857
18378 39825
18380 12927
18380 18379
18382 30504
18382 36857
18384 30906
18386 12266
18386 46261
18388 11278
18388 37725
18390 11921
18390 18389
18392 43375
18392 39593
18394 4966
18394 25737
18396 19878
18396 18395
18398 12848
18398 18397
18400 13448
18400 31178
18402 17239
18402 25681
18404 23965
18404 25791
18406 18510
18406 18405
18408 18572
18410 11666
18410 18409
18412 23831
18414 4270
18414 31830
18416 12153
18418 18804
18418 44505
18420 51053
18420 51299
18422 17473
18422 25965
18424 17418
18424 18423
18426 51573
18426 37753
18428 24105
18428 32602
18430 144
18430 18429
18432 12409
18432 18431
18434 4232
18434 25277
18436 4595
18436 18435
18438 11960
18438 43831
18440 4656
18440 18439
18442 50737
18442 18441
18444 10692
18444 25365
18446 30462
18448 17626
18448 20373
18450 5559
18450 33536
18452 11683
18452 18451
18454 38685
18454 18946
18456 12914
18456 46191
18458 13238
18458 18457
18460 50229
18460 51691
18462 12843
18462 37931
18464 5084
18464 18463
18466 4028
18466 44689
18468 31816
18468 18524
18470 17311
18470 39401
18472 24979
18472 18471
18474 44013
18474 18473
18476 6144
18476 25573
18478 49963
18478 18477
18480 12115
18480 18479
18482 12564
18482 31126
18484 18483
18486 24995
18486 18485
18488 17461
18488 18487
18490 7215
18490 18489
18492 6443
18492 18491
18494 18163
18494 39431
18496 25725
18498 38859
18498 49877
18500 50449
18500 18499
18502 6638
18502 50643
18504 51841
18504 19404
18506 11328
18506 18505
18508 4208
18508 24799
18510 18970
18510 19426
18512 24623
18512 46109
18514 11599
18514 18513
18516 10711
18516 19556
18518 18954
18518 18517
18520 24999
18520 18519
18522 31990
18522 30488
18524 20164
18524 23742
18526 18758
18526 18538
18528 24983
18528 30990
18530 46597
18530 31888
18532 38479
18532 18531
18534 37237
18534 18533
18536 6472
18536 52851
18538 18525
18538 18537
18540 5754
18540 18539
18542 32242
18542 18541
18544 12170
18544 18543
18546 11614
18546 18545
18548 11537
18548 18547
18550 5387
18550 18549
18552 7245
18552 30414
18554 5507
18554 18553
18556 6449
18556 18555
18558 17871
18558 44123
18560 12707
18560 52091
18562 5472
18562 19360
18564 25457
18564 30582
18566 38173
18566 18565
18568 11433
18568 18567
18570 17884
18570 18569
18572 18571
18574 52807
18574 32554
18576 38757
18576 43879
18578 20310
18578 18577
18580 6974
18580 24321
18582 17773
18582 38829
18584 18502
18584 19144
18586 32828
18586 43757
18588 4858
18590 33408
18590 18589
18592 4522
18592 18591
18594 5671
18594 18593
18596 11406
18596 50821
18598 5217
18598 18597
18600 30740
18600 19846
18602 6320
18602 19848
18604 30864
18604 38591
18606 18051
18606 32200
18608 6984
18608 18607
18610 25697
18610 18609
18612 6161
18612 44201
18614 17562
18616 12338
18618 39915
18618 18617
18620 23811
18620 18619
18622 25299
18622 18621
18624 5009
18624 19218
18626 52975
18626 18625
18628 4413
18628 18627
18630 39383
18630 18629
18632 32348
18632 18928
18634 19324
18634 20402
18636 75
18636 38845
18638 12329
18638 24747
18640 6759
18640 18639
18642 52729
18642 18641
18644 17891
18644 45235
18646 18125
18646 51935
18648 17305
18648 43923
18650 10566
18650 32622
18652 24209
18652 26045
18654 5680
18654 18653
18656 18099
18656 26863
18658 13647
18658 26009
18660 11465
18660 18659
18662 18141
18662 43917
18664 52881
18664 18663
18666 13743
18666 18665
18668 51577
18668 50529
18670 26403
18670 20490
18672 12661
18672 24585
18674 17484
18674 18673
18676 13842
18676 19590
18678 24001
18680 39995
18680 18679
18682 39253
18682 24561
18684 17391
18684 18683
18686 38209
18686 18685
18688 6294
18688 18687
18690 46604
18690 39559
18692 27131
18692 37079
18694 37467
18696 11691
18696 18906
18698 679
18698 39791
18700 25671
18700 18699
18702 6601
18702 18701
18704 17342
18704 52899
18706 13061
18706 18705
18708 6482
18708 18707
18710 5914
18712 4276
18712 32544
18714 46385
18714 31124
18716 20495
18718 12013
18720 32598
18720 18719
18722 39103
18722 18721
18726 18725
18728 6322
18728 32142
18730 23983
18730 18729
18732 45433
18732 18731
18734 11006
18736 11773
18736 18735
18738 38189
18738 18737
18740 5417
18740 18739
18742 25775
18742 18741
18744 33216
18744 18743
18746 490
18746 24295
18748 6721
18748 18747
18750 32472
18750 24555
18752 50883
18752 18751
18754 30400
18756 13088
18756 24019
18758 51083
18758 18757
18760 37499
18760 18759
18762 38755
18762 18761
18764 17397
18764 20395
18766 12970
18766 51619
18768 31326
18768 23931
18770 18323
18770 31270
18772 40200
18772 25471
18774 12077
18774 18773
18776 13835
18776 50241
18778 12172
18778 31582
18780 10796
18780 18779
18782 10658
18782 18781
18784 23738
18784 19464
18786 12101
18786 18785
18788 7044
18788 46267
18790 39173
18790 46523
18792 18536
18792 18791
18794 25105
18794 19726
18796 25903
18796 39797
18798 13878
18798 45729
18800 18799
18802 37231
18802 18801
18804 6924
18804 18803
18806 37171
18806 45345
18808 4372
18808 39255
18810 17530
18810 18809
18812 12976
18814 10744
18816 6710
18816 36975
18818 5164
18820 6222
18820 19544
18822 6166
18822 18821
18824 13554
18824 18823
18826 46377
18830 44823
18830 24365
18832 25763
18832 18831
18834 44527
18834 31646
18836 10836
18836 52519
18838 13067
18838 18837
18840 7188
18840 18839
18842 24901
18842 18841
18844 25891
18844 18843
18846 4987
18846 18845
18848 18280
18848 45133
18850 17437
18850 44625
18852 4254
18852 18851
18854 4718
18854 24793
18856 13040
18856 18855
18858 6786
18858 23899
18860 12630
18860 37623
18862 30824
18862 19650
18864 596
18864 18863
18866 18846
18866 39697
18868 32736
18868 18867
18870 13357
18870 18869
18872 13198
18874 12175
18874 18873
18876 26787
18876 18875
18878 24355
18878 32768
18880 51533
18880 18879
18882 5802
18882 52843
18884 11238
18886 13101
18886 20499
18888 43389
18888 38861
18890 46455
18892 45077
18892 18891
18894 44775
18894 18893
18896 4789
18896 18895
18898 12935
18898 18897
18900 24809
18900 45001
18902 24275
18902 18901
18904 25011
18904 25823
18906 26603
18906 18905
18908 19096
18908 18907
18910 12665
18910 18909
18912 25019
18914 11556
18914 24629
18916 19654
18918 17516
18918 18917
18920 13159
18920 18919
18922 24495
18922 18921
18924 32136
18924 18923
18926 18925
18928 18631
18928 18927
18930 43749
18932 6444
18932 20364
18934 25089
18934 31276
18936 26051
18936 18935
18938 18937
18940 6609
18940 26609
18942 11129
18942 18941
18944 38119
18944 18943
18946 18453
18946 25097
18948 18947
18950 11802
18950 19424
18952 10898
18952 18951
18954 6306
18954 24961
18956 30588
18956 20174
18958 7250
18958 30614
18960 38457
18960 44227
18962 26495
18962 18961
18964 37965
18966 13454
18966 20382
18968 24865
18968 18967
18970 17725
18970 20477
18972 26139
18972 18971
18974 11420
18974 24573
18976 31566
18976 37751
18978 50603
18978 18977
18980 45211
18980 18979
18982 12002
18982 25267
18984 5015
18984 25933
18986 17505
18986 32388
18988 26015
18988 24423
18990 26903
18990 18989
18992 5864
18992 38101
18994 10962
18994 18993
18996 5576
18996 26131
18998 20084
18998 18997
19000 17962
19000 18999
19002 32342
19002 19001
19004 7228
19004 19003
19006 6039
19006 19005
19008 45135
19008 19007
19010 473
19010 19009
19012 52531
19012 19011
19014 44097
19014 19013
19016 5756
19016 26441
19018 50297
19018 19017
19020 6271
19020 19019
19022 39575
19022 36977
19024 6554
19024 53025
19026 26723
19026 39895
19028 4583
19028 19027
19030 5444
19030 39203
19032 11109
19032 19031
19034 6770
19034 19033
19036 3931
19036 19035
19038 38401
19040 30802
19040 37979
19042 7237
19042 24695
19044 13480
19044 25621
19046 44785
19048 17660
19048 20418
19050 6010
19050 19049
19052 19934
19052 19051
19054 23869
19054 19814
19056 18643
19056 19156
19058 45259
19058 19057
19060 51261
19060 19059
19062 17704
19062 19061
19064 23736
19064 25801
19066 26519
19066 33268
19068 43513
19068 39941
19070 33070
19070 19069
19072 18798
19072 31162
19074 13058
19074 19073
19076 25445
19078 13200
19078 19077
19080 24433
19080 25675
19082 468
19082 25357
19084 23849
19084 40025
19086 4164
19086 19085
19088 13157
19088 19087
19090 11844
19090 30716
19092 45075
19092 19091
19094 4601
19094 19093
19096 6514
19096 52351
19098 38135
19098 45615
19100 19752
19100 19099
19102 37967
19102 19101
19104 18315
19104 19103
19106 6336
19106 19105
19108 26061
19108 19107
19110 4677
19110 19109
19112 6044
19112 19111
19114 12273
19114 19113
19116 39269
19116 19115
19118 19102
19118 25959
19120 18734
19120 20392
19122 453
19122 19121
19124 52597
19124 19123
19126 13348
19126 26813
19128 5403
19128 19127
19130 3953
19130 32318
19132 17640
19134 38703
19134 52051
19136 12592
19138 4663
19138 19137
19140 5088
19140 20166
19142 37713
19142 25319
19144 18583
19144 37905
19146 5475
19146 19145
19148 37059
19148 19147
19150 27006
19150 25879
19152 17316
19152 19151
19154 141
19154 32778
19156 26605
19156 20498
19158 4783
19158 20036
19160 4849
19160 39261
19162 33478
19164 19163
19166 33108
19166 39439
19168 10616
19170 5508
19170 19169
19172 19188
19172 20400
19174 17763
19174 31806
19176 6591
19176 19175
19178 4552
19178 25599
19180 33260
19180 19179
19182 32988
19182 20356
19184 5477
19184 19183
19186 26643
19186 24059
19188 17451
19190 31842
19190 19189
19194 5930
19194 19193
19196 12010
19196 19195
19198 4871
19198 19252
19200 11318
19200 44795
19202 23815
19202 19201
19204 12072
19204 43441
19206 11992
19206 43689
19208 5698
19208 52551
19210 450
19212 4423
19212 19211
19214 52105
19214 19213
19216 11640
19216 24881
19218 18623
19218 50657
19220 37803
19220 19219
19222 17541
19222 24285
19224 18165
19224 19223
19226 43993
19226 19776
19228 52619
19228 19227
19230 4602
19230 46678
19232 19231
19234 6493
19234 19233
19236 10586
19236 30636
19238 10546
19238 19237
19240 6224
19240 19239
19242 18210
19242 26869
19244 11496
19246 10886
19246 19245
19248 11477
19248 43372
19250 37943
19250 24977
19252 19197
19252 26707
19254 31724
19254 37115
19256 38589
19256 19255
19258 4862
19258 20508
19260 37915
19262 11289
19262 20414
19264 6761
19264 19263
19266 6399
19266 19265
19268 38771
19268 19267
19270 50157
19270 19269
19272 11724
19272 20170
19274 6204
19274 39027
19276 37615
19276 19275
19278 11690
19278 52129
19280 39169
19280 19279
19282 17941
19282 43913
19284 19630
19284 26067
19286 19285
19288 18807
19288 51483
19290 6054
19290 19994
19292 18602
19292 19291
19294 17345
19294 26525
19296 39387
19296 19295
19298 11126
19298 19297
19300 12294
19300 19299
19302 17584
19302 19301
19304 25633
19306 5619
19306 19305
19308 6420
19308 30446
19310 6008
19310 39565
19312 11203
19312 39351
19316 12768
19316 37733
19318 51695
19318 51005
19320 26563
19322 18794
19322 31002
19324 11577
19326 19146
19326 24201
19328 19327
19330 50439
19330 19329
19332 53180
19334 5880
19334 19476
19336 13482
19336 38027
19338 25881
19338 19337
19340 31510
19340 19339
19342 17348
19342 19341
19344 24923
19344 33006
19346 31438
19346 19345
19348 33376
19348 30894
19350 5753
19350 19349
19352 12938
19352 44809
19354 18871
19356 39907
19356 19355
19358 5968
19358 24953
19360 45045
19360 52951
19362 17924
19362 37371
19364 44969
19364 19363
19366 44735
19368 40092
19368 32340
19370 6706
19370 19369
19372 52919
19374 26219
19374 19373
19376 31624
19376 19375
19378 24723
19378 26992
19380 5376
19382 18078
19382 20381
19384 36957
19384 19383
19386 12098
19386 19385
19388 24403
19388 19387
19390 604
19390 43955
19392 17598
19392 19391
19394 4149
19394 31022
19396 12091
19396 26059
19398 46107
19398 19397
19400 11737
19400 19399
19402 32870
19404 18503
19404 50817
19406 13437
19406 19405
19408 53164
19408 19407
19410 7261
19410 24687
19412 5090
19414 26401
19414 19413
19416 26101
19416 20056
19418 27138
19420 31306
19420 19419
19422 25339
19424 18949
19424 19423
19426 44085
19426 19524
19428 11157
19430 33026
19430 19429
19432 13129
19432 20386
19434 161
19434 19433
19436 17535
19436 26363
19438 4619
19438 39165
19440 44517
19440 31652
19442 5192
19442 49937
19444 4840
19444 19443
19446 19670
19448 12218
19448 19447
19450 12547
19450 24855
19452 24833
19452 30744
19454 589
19454 19453
19456 37435
19456 19455
19458 23939
19458 32662
19460 19844
19460 19459
19462 11273
19462 19461
19464 30452
19466 18670
19468 11014
19468 19467
19470 24947
19470 24273
19472 45525
19472 19471
19474 24065
19474 19473
19476 50831
19476 20058
19478 20511
19478 46207
19480 11050
19480 24377
19482 24691
19482 19481
19484 31628
19484 24531
19486 6951
19488 149
19488 19487
19490 39133
19490 19489
19492 6852
19492 33642
19494 13425
19494 19493
19496 31706
19496 19495
19498 30596
19498 26295
19500 31594
19500 19499
19502 46419
19502 19501
19504 33252
19504 19503
19506 45503
19506 19505
19508 19507
19510 615
19510 19509
19512 12383
19512 19511
19514 6055
19514 19513
19516 590
19516 44873
19518 533
19518 19517
19520 12861
19520 19519
19522 12817
19522 24873
19524 26515
19524 19523
19526 45033
19526 24515
19528 11192
19528 19812
19530 38249
19530 19529
19532 10709
19532 20361
19534 11224
19534 19533
19536 51429
19536 19535
19538 19034
19540 5512
19540 27097
19542 46075
19542 19541
19544 20148
19544 24481
19546 18712
19546 19545
19548 24149
19548 24057
19550 5937
19550 19549
19552 12717
19552 31356
19554 38341
19554 46291
19556 18515
19556 19555
19558 4731
19558 19557
19560 24153
19560 23991
19562 25975
19562 19561
19564 38819
19564 19563
19566 39209
19566 19565
19568 18633
19568 25051
19570 11022
19570 33390
19572 11647
19572 19571
19574 39943
19574 19573
19576 11843
19576 19575
19578 25619
19578 31982
19580 23881
19580 19579
19582 24123
19582 19581
19584 12950
19584 24309
19586 25439
19586 26861
19588 11697
19588 26795
19590 20194
19590 33188
19592 46439
19592 45311
19594 45005
19594 44081
19596 50245
19596 51205
19598 31230
19598 20349
19600 18508
19600 19599
19602 39191
19602 19601
19604 30518
19604 52215
19606 24997
19606 19605
19608 11935
19608 19607
19610 11947
19610 19609
19612 24313
19612 19611
19614 38269
19614 19613
19616 45227
19616 19615
19618 12488
19618 25109
19620 12570
19620 24319
19622 13278
19622 45207
19624 17125
19624 20417
19626 6295
19626 25739
19628 11747
19628 19627
19630 4977
19630 19629
19632 20518
19634 4903
19634 19633
19636 18205
19636 39297
19638 24603
19638 19637
19640 44763
19640 19639
19642 17692
19642 19641
19644 3897
19644 19643
19646 10732
19646 19645
19648 6206
19648 24307
19650 18861
19650 19649
19652 31914
19652 19651
19654 25855
19654 19653
19656 39283
19656 19655
19658 44487
19658 37925
19660 24653
19660 19659
19662 13367
19662 19661
19664 4814
19664 33102
19666 50125
19666 19665
19668 24781
19668 20494
19670 19445
19672 31580
19672 33214
19674 13546
19674 25435
19676 24987
19678 39323
19678 19677
19680 13720
19680 19679
19682 11522
19682 30994
19684 6237
19684 19683
19686 31016
19686 19968
19688 46289
19688 43819
19690 12384
19690 32190
19692 13095
19692 20348
19694 13833
19694 37903
19696 12083
19696 51883
19698 45153
19698 19697
19700 10763
19700 19699
19702 12178
19702 19701
19704 12200
19704 31940
19706 5174
19706 43803
19708 37139
19708 30972
19710 6655
19710 19709
19712 31346
19714 11803
19716 25199
19718 7229
19718 19717
19720 31202
19720 19719
19722 6571
19722 19721
19724 18204
19724 19723
19726 45241
19726 19725
19728 12588
19730 11723
19730 19729
19732 31280
19732 19731
19734 13564
19734 19733
19736 4864
19736 37677
19738 33314
19738 33583
19740 4168
19740 19739
19742 5045
19742 19741
19744 13098
19744 19743
19746 5572
19746 19745
19748 4629
19748 19747
19750 6402
19750 19749
19752 13533
19752 19751
19754 6368
19754 19753
19756 26483
19756 36991
19758 6766
19760 18566
19760 19759
19762 25421
19762 19761
19764 32260
19764 50653
19766 5112
19766 19765
19768 25119
19768 19767
19770 11531
19770 39633
19772 26333
19772 33206
19774 4961
19774 19773
19776 19225
19776 19775
19778 18131
19778 38999
19780 30676
19780 19779
19782 11807
19782 38585
19784 13263
19784 19783
19786 7041
19786 19785
19788 25491
19788 44767
19790 18296
19790 19789
19792 12619
19792 19791
19794 38823
19794 19793
19796 25875
19796 19795
19798 31728
19800 10970
19800 19799
19802 4945
19802 19801
19804 7269
19804 37525
19806 45029
19806 19805
19808 17443
19808 19807
19810 30668
19812 32316
19812 19811
19814 19813
19816 38391
19816 26285
19818 576
19818 39801
19820 25565
19820 19819
19822 25579
19822 30856
19824 37273
19824 19823
19826 4206
19826 25225
19828 17785
19828 19827
19830 19829
19832 5465
19832 19831
19834 43527
19834 19833
19836 32432
19836 19835
19838 4117
19838 30550
19840 19839
19842 19841
19844 31796
19844 19843
19846 18599
19846 31410
19848 26275
19848 20200
19850 52761
19850 53106
19852 46153
19852 19851
19854 39089
19854 39435
19856 32452
19856 19855
19858 45997
19858 19857
19860 24015
19860 19859
19862 17447
19862 25323
19864 17844
19864 19863
19866 31314
19866 31054
19868 50367
19868 20491
19870 24725
19870 31978
19872 5323
19872 19871
19874 10759
19874 19873
19876 6172
19876 19875
19878 5658
19878 46241
19880 30420
19880 24817
19882 10583
19882 25643
19884 30544
19884 19883
19886 6363
19886 32300
19888 13864
19888 19887
19890 11156
19890 19889
19892 45549
19894 20516
19894 25045
19896 38183
19896 19895
19898 17827
19898 45609
19900 17233
19900 20481
19902 39577
19902 19901
19904 5832
19904 19903
19906 19414
19906 19905
19908 24717
19908 19907
19910 25283
19910 19909
19912 633
19912 43785
19914 7252
19914 31766
19916 37935
19916 31664
19918 52525
19918 19917
19920 581
19920 19919
19922 7084
19922 19921
19924 26771
19926 6351
19926 27142
19928 12223
19928 19927
19930 12056
19930 19929
19932 18504
19934 11244
19934 19933
19936 5144
19936 37551
19938 51249
19938 19937
19940 6361
19940 19939
19942 18035
19942 37589
19944 32690
19944 19943
19946 11812
19946 26507
19948 37557
19948 19947
19950 26629
19950 19949
19952 19974
19952 33010
19954 6299
19954 19953
19956 20393
19956 19955
19958 33008
19958 19957
19960 50183
19960 30734
19962 12922
19962 19961
19964 19893
19964 25123
19966 37061
19966 19965
19968 39469
19968 25711
19970 20244
19970 19969
19972 6769
19972 19971
19974 24217
19974 25811
19976 4222
19976 23823
19978 17459
19978 19977
19980 39723
19980 19979
19982 6846
19982 19981
19984 46519
19984 46305
19986 23843
19986 24043
19988 38857
19988 50447
19990 31392
19990 19989
19992 25091
19992 19991
19994 25003
19994 38905
19996 20288
19996 24031
19998 4800
20000 13292
20002 5118
20002 20001
20004 31828
20004 20003
20006 5723
20006 20005
20008 4949
20008 20007
20010 26705
20010 20009
20012 5435
20012 20011
20014 44265
20014 20013
20016 4746
20016 20015
20018 30336
20018 23927
20020 4408
20020 20513
20022 26411
20022 20021
20024 130
20024 24135
20026 38167
20026 20025
20028 11927
20028 20027
20030 20266
20030 39673
20032 12518
20032 44637
20034 12347
20034 26647
20036 19157
20036 39905
20038 4128
20038 51365
20040 6242
20040 31878
20042 32678
20042 20041
20044 52599
20044 24577
20046 38675
20046 24177
20048 12774
20048 32630
20050 51623
20050 20049
20052 13224
20052 52545
20054 25113
20054 20053
20056 24765
20056 20409
20058 19475
20058 25065
20060 37805
20060 40097
20062 6234
20062 20061
20064 24047
20064 45987
20066 4771
20066 20065
20068 10584
20068 43569
20070 39143
20070 20512
20072 13185
20072 20071
20074 4920
20074 33384
20076 17506
20076 20075
20078 6981
20078 20077
20080 5054
20080 45645
20082 17945
20082 20081
20084 4647
20084 20083
20086 11594
20088 11994
20088 30516
20090 45743
20092 13871
20092 20091
20094 13572
20094 23853
20096 10909
20096 20232
20098 13151
20098 20097
20100 31004
20100 20099
20102 38285
20102 20101
20104 12212
20104 20103
20106 13266
20106 20105
20108 5903
20108 20107
20110 52629
20110 20109
20112 6349
20114 10799
20114 26125
20116 25433
20116 20115
20118 4159
20118 20117
20120 4106
20120 46465
20122 20121
20124 11455
20124 20123
20126 18120
20126 20125
20128 13421
20128 20127
20130 33248
20132 20131
20134 20043
20134 31394
20136 11806
20138 7040
20138 20137
20140 12108
20140 51175
20142 31208
20142 37361
20144 20524
20146 12219
20146 33040
20148 38553
20148 50007
20150 31458
20150 20149
20152 6630
20152 39459
20154 4675
20154 24337
20156 17639
20156 24871
20158 4529
20158 20157
20160 31574
20160 20159
20162 4499
20162 44357
20164 20163
20166 19139
20166 20165
20168 25639
20168 20167
20170 43477
20170 20169
20172 50667
20172 44069
20174 18955
20174 20173
20176 19415
20178 19896
20178 39019
20180 33444
20180 33585
20182 12334
20182 36981
20184 19278
20186 26469
20186 20185
20188 30782
20188 20187
20190 4448
20190 20189
20192 18314
20192 39081
20194 18675
20194 20193
20196 26845
20196 20195
20198 4368
20198 51539
20200 24867
20200 33210
20202 6457
20202 20201
20204 11438
20204 30574
20206 39427
20206 20205
20208 25967
20208 20207
20210 51267
20210 20209
20212 18399
20212 20211
20214 17776
20214 20213
20216 5700
20216 25853
20218 44621
20218 20217
20220 38033
20220 24441
20222 13543
20224 10664
20224 45651
20226 38171
20226 20225
20228 18755
20230 17862
20230 51397
20232 31626
20232 37209
20234 45585
20234 51961
20236 11368
20238 38567
20238 20237
20240 10933
20240 20239
20242 43597
20242 46676
20244 11418
20244 26157
20246 11016
20246 20245
20248 52017
20248 32654
20250 10716
20250 26998
20252 25191
20252 20251
20254 10602
20254 20253
20256 13701
20256 25873
20258 32234
20258 20488
20260 4766
20260 25839
20262 26021
20262 51393
20264 43563
20264 20263
20266 30968
20266 25409
20268 12810
20268 39699
20270 4850
20270 43701
20272 521
20272 20271
20274 51247
20274 20273
20276 7203
20276 20275
20278 20277
20280 519
20280 20279
20282 10873
20282 46201
20284 13304
20284 20283
20286 12176
20286 20285
20288 12131
20288 32652
20290 4645
20290 20289
20292 4801
20292 20291
20294 619
20294 20293
20296 11182
20296 20295
20298 10762
20298 33088
20300 31328
20300 20299
20302 32826
20304 26489
20304 20303
20306 12320
20306 32770
20308 44939
20308 20307
20310 44183
20310 33056
20312 52631
20312 24411
20314 12598
20314 20313
20316 25049
20316 20315
20318 11220
20318 20483
20320 11821
20320 20319
20322 51497
20322 20486
20323 7135
20323 197
20324 41202
20324 1734
20325 7357
20325 33624
20326 46560
20326 28061
20327 13948
20327 9116
20328 1105
20328 9760
20329 16112
20329 1774
20330 7487
20330 10304
20331 1069
20331 8986
20332 20345
20332 17073
20333 10533
20333 14576
20334 34233
20334 13913
20335 16216
20335 2198
20336 10497
20336 40642
20337 15900
20337 16508
20338 3207
20338 30173
20339 40876
20339 8414
20340 30372
20340 7796
20341 1695
20341 10356
20342 34283
20342 16824
20343 21777
20343 1212
20344 8137
20344 15177
20345 15540
20345 14177
20346 19133
20346 17796
20347 20412
20347 4477
20348 20415
20348 12025
20349 19597
20349 5238
20350 24755
20350 24773
20351 4124
20351 163
20352 17813
20352 5974
20353 13249
20353 3924
20354 19261
20354 12845
20355 13389
20355 4378
20356 6680
20357 17751
20357 11071
20358 43386
20358 37671
20359 45947
20359 17680
20360 19623
20360 11284
20361 19531
20361 51811
20362 4509
20362 11912
20363 25637
20363 31852
20364 18931
20364 26581
20365 19496
20365 12166
20366 6073
20366 39147
20367 30333
20367 46211
20368 52483
20369 25577
20369 18072
20370 12484
20370 18684
20371 25995
20372 32338
20372 18912
20373 39485
20373 17625
20374 19047
20374 5771
20375 13844
20375 24851
20376 10947
20376 17807
20377 20479
20378 17434
20378 30736
20379 11940
20380 13275
20380 20416
20381 27129
20381 18162
20382 19586
20382 18255
20383 6061
20383 19678
20384 49884
20384 45617
20385 44317
20385 18313
20386 24205
20387 434
20388 50005
20389 25465
20389 44355
20390 17695
20390 52245
20391 40186
20392 23941
20392 19992
20393 11518
20393 25315
20394 39327
20394 50247
20395 43451
20395 6188
20396 50489
20396 19037
20397 19999
20397 19075
20398 11435
20398 50985
20399 12758
20400 19171
20401 13586
20401 37921
20402 19568
20402 19323
20403 31070
20403 25833
20404 10737
20404 20413
20405 25177
20406 26281
20406 27009
20407 32014
20407 43965
20408 51371
20408 20085
20409 20055
20409 20175
20410 4142
20410 45195
20411 17499
20411 20221
20412 4417
20412 26827
20413 19669
20413 31678
20414 20354
20414 51409
20415 19691
20415 12024
20416 18013
20416 5428
20417 46495
20417 32362
20418 20374
20418 17659
20419 5687
20419 20350
20420 13553
20420 20368
20421 19076
20421 20397
20422 20138
20422 18343
20423 33394
20423 39043
20424 29061
13935 33955
20425 14016
14015 49893
20426 1956
14023 42724
20427 15379
14049 28633
20428 2639
14081 20428
20429 14376
14105 20429
20430 21063
14175 20430
20431 8679
14189 27747
20432 1295
14215 20432
20433 14264
14263 20433
20434 10104
14287 20440
20435 16411
14359 28105
20436 35765
14375 20436
20437 16457
14447 27883
20438 22959
14585 20438
20439 14602
14601 20439
20440 20434
14725 34285
20441 27057
14763 20441
20442 2391
14787 23649
20443 16165
14805 35459
20444 3106
14863 36345
20445 13811
20446 16554
15015 20446
20447 16052
15045 20447
20448 7145
15051 20448
20449 14145
15213 20449
20450 33921
15335 20450
20451 16265
15355 20451
20452 8873
20453 16074
15527 23678
20454 1577
15595 20454
20455 20813
15597 20455
20456 40846
15669 49223
20457 23573
15705 20457
20458 15417
20459 16218
15897 20459
20460 27821
15929 20460
20461 9961
15985 20461
20462 3626
16137 49131
20463 21483
16213 20463
20464 10302
16297 20993
20465 21295
16487 23207
20466 23499
16609 20466
20467 20799
16643 20467
20468 33913
16661 20468
20469 7488
16781 20469
20470 9658
20471 2349
20472 10906
17277 26361
20473 23935
17293 20473
20474 43975
17315 20474
20475 437
17395 24985
20476 33034
17439 26267
20477 18969
17525 37645
17705 20478
20479 4020
17927 20479
20480 451
17963 20480
20481 50037
17983 20481
18005 32270
20483 24197
18109 51973
20484 23999
18111 25027
20485 18672
18123 20485
20486 20321
18229 43997
20487 6889
18245 25141
20488 52043
18303 20488
20489 44267
18329 24451
20490 18669
18415 20490
20491 30738
18449 24535
20492 24431
18495 39579
20493 18828
20494 19667
18693 20494
20495 6568
18715 20495
20496 18618
18717 26105
20497 25275
18723 20497
20498 19155
18813 36921
20499 39315
18817 46247
20500 12554
18825 53181
20501 37307
18827 25209
20502 5170
18889 46235
20503 12088
18915 45879
20504 11315
18963 20504
20505 4077
19135 51307
20506 46269
19161 20506
20507 19023
19167 20507
20508 44981
19181 25335
20509 19260
19259 38601
20510 30754
19313 20510
20511 4274
19371 20511
20512 20069
19379 37687
20513 20019
19401 31688
20514 31250
19411 39311
20515 24591
19417 24811
20516 31182
19427 20516
20517 11104
19465 20517
20518 5311
19631 20518
20519 11402
19713 25187
20520 39179
19727 32352
20521 7209
19923 31630
20522 37599
19931 43384
20523 5934
20111 51663
20524 17361
20143 33342
20525 11552
20235 20525
20527 27897
20527 20526
20529 8654
20529 22797
20531 16613
20531 30051
20533 49479
20533 20532
20535 1767
20535 33887
20537 36807
20537 29289
20539 15605
20539 29459
20541 1841
20541 28215
20543 16181
20543 20542
20545 27983
20545 20544
20547 9186
20547 20546
20549 47665
20549 20548
20551 7776
20551 29673
20553 23722
20553 33517
20555 15338
20555 20554
20557 8115
20559 27371
20559 20558
20561 7398
20561 49599
20563 16987
20563 20562
20565 35265
20565 20564
20567 10489
20567 20566
20569 1197
20569 20568
20571 9408
20571 20570
20573 759
20573 48975
20575 9636
20575 49725
20577 35769
20577 40051
20579 7850
20579 22205
20581 9828
20583 28321
20583 20582
20585 16389
20585 20584
20587 41382
20587 20586
20589 17164
20589 20588
20591 21019
20591 40318
20593 28491
20593 20592
20595 15436
20595 23257
20597 3059
20597 20596
20599 36129
20601 21103
20601 20600
20603 27771
20603 20602
20605 30251
20605 46563
20607 9044
20607 34203
20609 1537
20609 20608
20611 364
20611 20610
20613 8547
20613 20612
20615 14967
20615 20614
20617 3238
20617 34981
20619 7722
20619 20618
20621 13980
20621 20777
20623 49477
20623 22921
20625 104
20625 20624
20627 2398
20627 20626
20629 7761
20629 20628
20631 15470
20631 20630
20633 10196
20633 35593
20635 30288
20635 22633
20637 3049
20637 20636
20639 14289
20639 40790
20641 17165
20641 34137
20643 3481
20643 20642
20645 27221
20645 20644
20647 1855
20647 20646
20649 13826
20649 29621
20651 2725
20651 20650
20653 1842
20653 20652
20655 3177
20655 20654
20657 672
20657 20656
20659 1991
20659 20658
20661 14522
20661 20660
20663 16332
20665 30127
20665 42916
20667 20717
20667 23676
20669 8419
20669 20668
20671 8387
20671 48827
20673 16681
20673 22257
20675 8038
20675 20674
20677 7622
20677 21887
20679 27679
20679 36905
20681 1454
20681 20680
20683 123
20683 49057
20685 16591
20685 20684
20687 47767
20689 17154
20689 21007
20691 14469
20691 48349
20693 36339
20693 20692
20695 36835
20695 33945
20697 22231
20697 49615
20699 2930
20699 20698
20701 17025
20701 20700
20703 14578
20703 20702
20705 7419
20705 20704
20707 27483
20707 34127
20709 7434
20709 20708
20711 47993
20711 20710
20713 34947
20713 34311
20715 7151
20715 48407
20717 21845
20717 20716
20719 16461
20719 20718
20721 1761
20721 20720
20723 8510
20723 48393
20725 9616
20725 20724
20727 49017
20727 22321
20729 368
20729 20728
20731 2805
20731 20730
20733 14350
20733 20732
20735 36535
20737 1425
20737 20736
20739 1512
20739 20738
20741 14597
20741 20779
20743 1931
20743 20742
20745 22241
20745 20744
20747 29177
20747 20746
20749 16761
20749 27501
20751 28811
20751 47679
20753 3013
20753 20752
20755 2154
20755 20833
20757 2926
20757 27473
20759 1435
20759 20758
20761 2457
20763 9737
20763 20762
20765 9092
20765 20764
20767 13772
20767 20766
20769 9165
20769 20768
20771 20569
20771 35831
20773 29237
20773 20772
20775 10514
20775 20774
20777 20620
20777 28121
20779 20740
20779 21701
20781 719
20781 20780
20783 10361
20785 10332
20785 23664
20787 1448
20787 20786
20789 3549
20789 22445
20791 41066
20791 20790
20793 22315
20795 7150
20795 20794
20797 8675
20797 33973
20799 15327
20799 27667
20801 30229
20801 20800
20803 8472
20803 28549
20805 20715
20805 20804
20807 9801
20807 20806
20809 14486
20809 20808
20811 47661
20811 23027
20813 949
20813 20812
20815 8173
20815 20814
20817 1171
20817 20816
20819 14928
20819 20818
20821 15438
20823 22703
20823 27513
20825 16229
20825 35397
20827 14236
20827 23209
20829 9364
20829 27837
20831 9775
20831 40640
20833 33975
20835 1643
20835 20834
20837 28151
20837 27685
20839 34091
20841 7328
20841 23587
20843 40316
20843 20842
20845 9984
20845 20844
20847 14809
20847 35803
20849 1343
20849 27321
20851 2050
20853 15691
20853 35637
20855 23351
20855 27425
20857 3358
20857 20856
20859 47577
20859 34739
20861 15982
20861 27641
20863 3694
20863 49249
20865 16465
20865 29857
20867 48557
20867 20866
20869 33669
20869 20868
20871 10343
20871 35473
20873 9000
20873 23327
20875 7163
20875 20874
20877 20876
20879 10309
20879 20878
20881 1389
20881 20880
20883 9238
20883 21013
20885 3165
20885 23567
20887 7532
20887 20886
20889 27825
20889 20888
20891 13893
20891 20890
20893 49125
20893 21945
20895 2520
20895 47705
20897 14977
20897 36325
20899 8897
20899 20898
20901 29403
20901 20900
20903 34645
20903 20902
20905 8761
20905 23656
20907 15072
20909 23131
20909 20908
20911 9532
20911 20910
20913 7685
20913 29235
20915 14513
20915 41346
20917 13764
20917 20916
20919 1178
20919 20918
20921 14279
20921 21391
20923 48811
20925 3215
20927 23311
20929 3019
20929 20928
20931 3498
20931 20930
20933 7322
20933 20932
20935 49852
20935 47255
20937 7524
20937 20936
20939 16659
20941 30107
20941 20940
20943 16693
20943 20942
20945 34687
20945 20944
20947 1368
20947 48473
20949 48983
20951 20950
20953 2923
20953 20952
20955 9244
20955 35121
20957 22023
20957 20956
20959 1627
20959 20958
20961 16347
20963 33881
20965 46959
20965 49851
20967 33602
20969 1951
20969 20968
20971 16280
20971 20970
20973 14613
20973 20972
20975 17136
20975 42504
20977 40046
20977 29313
20979 28519
20979 34973
20981 14217
20981 36409
20983 8006
20983 21687
20985 34875
20985 28045
20987 13785
20987 20986
20989 7551
20991 34459
20991 20990
20993 20464
20993 29437
20995 16962
20995 20994
20997 27811
20997 20996
20999 1479
20999 40137
21001 796
21001 21000
21003 7828
21003 22721
21005 14995
21005 21004
21007 20688
21007 34497
21009 1780
21009 21008
21011 27241
21011 21010
21013 20882
21013 21012
21015 871
21015 21014
21017 34393
21017 21016
21019 16803
21019 42364
21021 42782
21023 36820
21023 34319
21025 9805
21025 28687
21027 14104
21027 21026
21029 20974
21029 46975
21031 16731
21031 36197
21033 343
21033 21032
21035 42638
21037 20458
21037 21036
21039 15459
21039 21038
21041 16662
21041 21040
21043 42606
21043 21042
21045 34735
21045 21347
21047 15055
21047 22357
21049 20869
21049 21048
21051 21959
21051 21050
21053 2445
21053 34097
21055 2320
21055 35971
21057 10165
21057 21056
21059 3516
21059 41732
21061 14780
21061 21060
21063 14176
21063 23669
21065 9582
21065 47525
21067 3632
21067 21066
21069 7121
21069 21299
21071 35789
21073 1136
21073 27253
21075 1785
21075 21074
21077 7102
21077 21076
21079 34001
21079 21078
21083 23011
21083 23707
21085 14275
21085 28417
21087 3846
21087 21086
21089 35945
21089 23187
21091 16212
21091 21090
21093 2861
21093 21092
21095 2041
21095 21094
21097 15689
21097 21096
21099 8235
21099 21098
21101 1828
21101 23551
21103 8562
21103 23025
21105 21199
21105 21104
21107 16901
21107 48003
21109 47755
21109 47937
21111 29095
21111 21110
21113 3573
21113 21112
21115 42128
21115 21114
21117 29669
21117 23685
21119 3531
21119 21118
21121 15728
21121 21120
21123 28901
21123 46561
21125 15281
21125 21124
21127 20664
21127 36731
21129 1864
21129 28987
21131 2129
21131 21130
21133 34675
21133 21132
21135 16294
21135 21134
21137 902
21139 13925
21139 22629
21141 35587
21141 21885
21143 30359
21145 1153
21145 21505
21147 27199
21147 21146
21149 15711
21149 22457
21151 9378
21151 28307
21153 9095
21153 40878
21155 33829
21157 9380
21157 21156
21159 14521
21159 21158
21161 3489
21161 21160
21163 22563
21163 34197
21165 33735
21165 21164
21167 2856
21167 21467
21169 9229
21169 47887
21171 1305
21171 48679
21173 8121
21175 14712
21175 21174
21177 1661
21179 16649
21179 22737
21181 15410
21181 21180
21183 15328
21183 21182
21185 16833
21185 22925
21187 16381
21187 21186
21189 48543
21189 21188
21191 29075
21191 21190
21193 43040
21193 22421
21195 16922
21195 21194
21197 2369
21197 21196
21199 2741
21201 30265
21203 7900
21203 36651
21205 16085
21207 17191
21207 34931
21209 48419
21211 10019
21211 36235
21213 21212
21215 42410
21215 23755
21217 15534
21217 21216
21219 36081
21219 33917
21221 43
21221 21220
21223 14342
21223 21222
21225 27287
21225 21224
21227 15123
21227 34965
21229 1060
21229 21955
21231 1217
21231 41558
21233 3164
21233 21232
21235 3618
21235 21234
21237 14255
21237 21236
21239 7331
21239 22637
21241 49195
21241 41002
21243 35495
21243 21615
21245 16622
21245 21244
21247 7546
21247 21246
21249 35989
21249 27853
21251 3716
21251 21250
21253 16738
21253 21252
21255 29401
21257 14618
21257 21256
21259 23667
21259 23619
21261 14912
21261 21260
21263 15193
21263 40428
21265 1896
21265 21264
21267 36733
21267 21266
21269 666
21269 21268
21271 10312
21271 21270
21273 833
21273 21272
21275 15727
21275 21875
21277 8797
21277 21276
21279 3386
21279 41182
21281 14596
21281 21280
21283 16481
21283 27537
21285 825
21285 21284
21287 3543
21287 42632
21289 16180
21289 21288
21291 7508
21291 21290
21293 15148
21293 21292
21295 15107
21295 22543
21297 9914
21297 21296
21299 36819
21301 36247
21301 28819
21303 49511
21303 21351
21305 34753
21307 16787
21309 3317
21309 21308
21311 42822
21311 40974
21313 3333
21313 21312
21315 1403
21315 21314
21317 230
21317 21316
21319 9746
21319 30039
21321 41118
21321 28517
21323 36171
21323 21322
21325 8879
21325 21324
21327 40992
21327 21326
21329 14996
21329 21328
21331 16963
21331 21330
21333 28205
21333 34131
21335 1901
21335 21334
21337 28017
21337 21336
21339 7846
21339 21338
21341 36521
21341 21340
21343 1516
21343 21342
21345 20579
21345 21344
21347 21044
21347 42156
21349 33620
21349 21348
21351 21302
21351 21350
21353 43154
21353 21352
21355 35979
21355 41140
21357 28063
21357 33683
21359 16383
21359 21358
21361 48091
21361 21360
21363 3373
21363 21362
21365 9181
21365 36065
21367 16365
21367 40414
21369 15868
21369 21368
21371 3448
21371 27723
21373 2678
21373 21372
21375 9
21375 22459
21377 20822
21377 28631
21379 16942
21379 21378
21381 16480
21381 21380
21383 21195
21383 21382
21385 3186
21387 22885
21387 21386
21389 29487
21389 21388
21391 48987
21391 21390
21393 13763
21393 21392
21395 1331
21395 21394
21397 7771
21397 21396
21399 15431
21399 22299
21401 9018
21401 22129
21403 9324
21403 22429
21405 15612
21405 23677
21407 840
21407 21406
21409 9315
21409 21408
21411 14454
21411 21410
21413 2449
21413 21412
21415 2048
21415 48369
21417 29815
21417 21416
21419 3315
21419 21418
21421 41790
21423 42878
21423 21422
21425 2907
21425 21424
21427 23159
21427 27429
21429 1500
21429 41662
21431 9630
21431 35193
21433 8967
21433 21432
21435 8916
21435 21434
21437 14998
21437 21436
21439 10393
21439 34487
21441 27039
21441 22055
21443 10324
21443 22915
21445 17193
21445 22695
21447 15895
21447 21446
21449 2780
21449 40942
21451 697
21451 48309
21453 383
21453 21452
21455 49845
21455 41172
21457 21719
21457 21456
21459 35717
21459 21458
21461 7337
21461 21460
21463 3748
21463 36203
21465 20442
21465 21464
21467 27889
21467 21466
21469 9448
21469 47413
21471 48027
21471 21470
21473 29569
21473 30310
21475 3629
21475 36277
21477 28817
21477 47343
21479 16222
21479 27623
21481 27707
21481 22295
21483 16214
21483 21482
21485 36489
21487 3565
21487 21486
21489 15099
21489 35339
21491 34151
21493 1222
21495 3582
21495 21494
21497 53046
21497 27051
21499 22825
21499 29555
21501 15272
21501 28761
21503 14087
21503 21897
21505 21144
21505 30387
21507 14344
21507 21506
21509 26945
21509 23389
21511 10257
21511 21510
21513 1889
21513 21512
21515 2953
21515 21514
21517 28537
21517 21516
21519 14040
21519 21518
21521 20907
21521 21520
21523 9121
21523 21522
21525 2317
21525 21524
21527 28571
21527 27605
21529 9394
21529 21528
21531 8540
21531 29605
21533 16007
21533 21532
21535 786
21535 34321
21537 14388
21537 28005
21539 7919
21539 21538
21541 14893
21541 21540
21543 206
21543 21542
21545 16333
21545 21544
21547 16057
21547 36765
21549 7679
21549 21548
21551 1684
21551 21550
21553 406
21553 21552
21555 8709
21555 21554
21557 22789
21557 21556
21559 10423
21559 21558
21561 8130
21563 15211
21565 2894
21565 34521
21567 48431
21569 8901
21571 1605
21571 21570
21573 3044
21573 34493
21575 15658
21575 21574
21577 14184
21577 21576
21579 14096
21579 21578
21581 3810
21581 21580
21583 28397
21585 41928
21585 21584
21587 2529
21587 21586
21589 21588
21591 2000
21591 21590
21593 9918
21593 21592
21595 9719
21595 23675
21597 47311
21597 27151
21599 28357
21599 27653
21601 3419
21601 21600
21603 9383
21603 21602
21605 13972
21605 21604
21607 7598
21607 21705
21609 41108
21611 47445
21611 21610
21613 34483
21613 21612
21615 22199
21615 21614
21617 35319
21619 14779
21619 42742
21621 15533
21621 28937
21623 16969
21623 21622
21625 1925
21625 21624
21627 28969
21627 21626
21629 30295
21629 27043
21631 14951
21631 49773
21633 40774
21633 47507
21635 22099
21637 8167
21637 28741
21639 698
21639 41166
21641 7456
21641 34825
21643 49333
21643 28191
21645 3271
21645 22233
21647 9898
21647 28295
21649 2365
21649 21648
21651 10396
21651 21650
21653 9198
21653 21652
21655 1741
21657 1729
21657 42460
21659 1338
21659 21658
21661 43006
21661 21660
21663 979
21663 21662
21665 15621
21665 21664
21667 2614
21667 33709
21669 3229
21669 21668
21671 1754
21671 22255
21673 8373
21675 13945
21675 21674
21677 13809
21677 41934
21679 16506
21679 21678
21681 17187
21681 21680
21683 1844
21683 21682
21685 22549
21685 21684
21687 29491
21687 27945
21689 7562
21689 21688
21691 16003
21691 46847
21693 2470
21693 21692
21695 16494
21695 21694
21697 22811
21697 21696
21699 28369
21699 27701
21701 20778
21701 21700
21703 1267
21703 40508
21705 42582
21705 42396
21707 723
21707 21706
21709 15715
21709 21708
21711 16827
21711 23121
21713 14604
21713 21712
21715 35949
21717 668
21717 21716
21719 23153
21719 21718
21721 15945
21721 21720
21723 15255
21723 48413
21725 29697
21725 49525
21727 2296
21727 21726
21729 47449
21729 21728
21731 13777
21731 21730
21733 893
21733 21732
21735 7801
21735 21734
21737 3336
21737 21736
21739 20795
21739 28887
21741 14587
21741 42194
21743 30209
21743 21742
21745 17158
21745 21744
21747 394
21747 21746
21749 2603
21749 21748
21751 20754
21751 33733
21753 15201
21755 14209
21755 48063
21757 47809
21757 21756
21759 41550
21761 16325
21761 21760
21763 28653
21763 47469
21765 2723
21767 8358
21767 40244
21769 8400
21769 27703
21771 30001
21771 21770
21773 42784
21773 41842
21775 8691
21775 21774
21777 16730
21777 21776
21779 35911
21779 30159
21781 48101
21781 21780
21783 9931
21783 40630
21785 793
21785 21784
21787 27955
21787 48655
21789 48439
21791 48273
21791 30135
21793 3496
21793 23761
21795 17062
21795 21794
21797 668
21797 21796
21799 33893
21801 10282
21801 21800
21803 46634
21803 21802
21805 14969
21805 35259
21807 3339
21807 21806
21809 418
21811 21563
21811 23697
21813 35649
21813 46987
21815 7930
21815 21814
21817 27191
21817 23057
21819 8898
21819 21818
21821 49283
21821 21820
21823 10278
21823 21822
21825 41810
21825 33679
21827 7147
21827 23652
21829 34207
21829 21828
21831 15433
21833 10527
21833 42026
21835 10051
21835 21834
21837 35327
21837 21836
21839 9462
21839 49369
21841 33707
21841 21840
21843 110
21843 21842
21845 8132
21845 21844
21847 8763
21847 34159
21849 26
21849 21848
21851 9901
21851 21850
21853 1877
21855 10075
21855 21854
21857 8302
21857 36309
21859 15794
21859 21858
21861 3552
21861 21860
21863 8579
21863 40234
21865 3387
21865 21864
21867 8952
21867 21866
21869 7119
21869 21868
21871 3111
21871 21870
21873 8928
21873 27267
21875 34005
21875 28201
21877 21609
21877 21876
21879 8065
21879 21878
21881 14664
21881 21880
21883 7990
21883 21882
21885 22609
21885 21884
21887 42062
21887 21886
21889 7744
21889 35583
21891 2883
21891 21890
21893 35041
21893 21892
21895 35095
21895 23535
21897 48355
21897 46775
21899 21053
21899 46647
21901 3568
21901 43268
21903 2157
21903 27455
21905 20765
21907 2654
21907 21906
21909 15856
21909 21908
21911 3148
21911 21910
21913 9503
21913 23658
21915 43256
21915 21914
21917 16916
21917 21916
21919 15365
21919 21918
21921 36327
21921 21920
21923 7014
21923 21922
21925 42360
21925 27059
21927 2153
21927 21926
21929 33785
21929 21928
21931 28341
21931 23321
21933 1458
21933 22089
21935 9915
21935 21934
21937 20686
21937 21936
21939 1341
21939 21938
21941 21601
21941 21940
21943 40532
21943 21942
21945 35863
21945 30071
21947 14148
21947 33873
21949 16563
21949 21948
21951 8116
21951 27789
21953 42164
21955 21228
21955 35957
21957 13984
21957 21956
21959 35539
21959 28131
21961 47305
21961 21960
21963 8145
21963 21962
21965 9960
21965 21964
21967 35115
21967 21966
21969 41112
21969 21968
21971 9528
21971 36249
21973 28001
21973 29275
21975 8809
21975 21974
21977 47397
21977 21976
21979 43228
21979 21978
21981 49323
21981 27987
21985 28979
21987 7991
21987 21986
21989 9500
21989 21988
21991 2601
21991 21990
21993 181
21993 28393
21995 9851
21995 21994
21997 14473
21997 21996
21999 2879
21999 29789
22001 708
22001 41964
22003 10526
22003 48901
22005 40914
22005 22004
22007 15587
22007 22006
22009 7558
22009 34155
22011 41088
22011 29979
22013 20699
22013 22012
22015 1583
22015 22014
22017 1258
22017 22016
22019 22018
22021 27709
22021 28413
22023 995
22023 22022
22025 1557
22025 22024
22027 7565
22027 22026
22029 14796
22029 22777
22031 15729
22031 22030
22033 21642
22033 22032
22035 49911
22035 26917
22037 17011
22037 22036
22039 29865
22039 27673
22041 20560
22043 1427
22043 23647
22045 34795
22045 47483
22047 36435
22047 30201
22049 15779
22049 22048
22051 9409
22051 22050
22053 28907
22053 22052
22055 22625
22057 8224
22057 36229
22059 35005
22059 34055
22061 15321
22061 28223
22063 1866
22063 42304
22065 33747
22065 22064
22067 9205
22067 23663
22069 1772
22069 48271
22071 42600
22073 1658
22073 22072
22075 16758
22075 29761
22077 7784
22077 23265
22079 16760
22079 41836
22081 358
22081 22080
22083 350
22083 22082
22085 7339
22085 22084
22087 35693
22087 22086
22089 35623
22089 22088
22091 8250
22091 27393
22093 9360
22093 40590
22095 49901
22095 22094
22097 16637
22099 21634
22099 23746
22101 8656
22101 46633
22103 14988
22103 47593
22105 14623
22105 22104
22107 41406
22107 22106
22109 994
22109 48709
22111 3297
22111 22110
22113 41380
22113 42706
22115 17201
22115 29955
22117 7425
22117 22116
22119 29399
22119 22118
22121 10244
22121 27343
22123 22511
22123 42894
22125 14192
22125 22124
22127 21629
22127 22126
22129 22128
22131 15217
22131 23654
22133 94
22133 22132
22135 393
22135 33606
22137 8153
22137 22136
22139 3123
22139 22138
22141 2254
22141 22140
22143 42212
22143 28119
22145 16468
22145 29087
22147 17075
22149 10382
22149 22148
22151 35687
22151 22150
22153 42978
22153 23315
22155 17174
22155 22154
22157 303
22157 22156
22159 10111
22159 22158
22161 408
22161 22160
22163 23055
22163 22162
22165 13885
22165 22164
22167 28023
22167 22166
22169 9125
22169 22168
22171 1088
22173 7413
22173 22172
22175 7977
22175 22174
22177 23145
22177 22176
22179 14392
22181 194
22181 22180
22183 21581
22183 22182
22185 22020
22185 28771
22187 2428
22187 22186
22189 29167
22189 43238
22191 20604
22191 22190
22193 27219
22193 22192
22195 27251
22195 22194
22197 16581
22197 27643
22199 21242
22199 22198
22201 15300
22201 35999
22203 27663
22203 27409
22205 20578
22205 22204
22207 8210
22207 41036
22209 40118
22209 22731
22211 23776
22213 41304
22213 43028
22215 2026
22215 22214
22217 36279
22217 22216
22219 41840
22219 22218
22221 48755
22221 22220
22223 42548
22223 42692
22225 22687
22227 3687
22227 22226
22229 14135
22229 47789
22231 1586
22231 22230
22233 21644
22233 22232
22235 49537
22235 40342
22237 23517
22237 22236
22239 2259
22239 22238
22241 8216
22241 29823
22243 1598
22243 27865
22245 7320
22245 22244
22247 48563
22247 22246
22249 48535
22249 22248
22251 1637
22251 22250
22253 7158
22253 22252
22255 27431
22255 22254
22257 21427
22257 42500
22259 35479
22259 22841
22261 16925
22261 22260
22263 22092
22263 22262
22265 15952
22265 22264
22267 28535
22267 22266
22269 48123
22269 47371
22271 3042
22271 40964
22273 2483
22273 22272
22275 7548
22275 49639
22277 10090
22277 35255
22279 8934
22279 22955
22281 23682
22281 22907
22283 22597
22285 22935
22285 22284
22287 7686
22287 22286
22289 14395
22289 29755
22291 8070
22291 34387
22293 21238
22293 47723
22295 49803
22297 9830
22297 22296
22299 21398
22299 22743
22301 15435
22301 29205
22303 2613
22303 22302
22305 9439
22305 22304
22307 41612
22307 22306
22309 20755
22311 21423
22311 22310
22313 22631
22313 49749
22315 41748
22315 28551
22317 35657
22317 22316
22319 49319
22319 22318
22321 20726
22321 22320
22323 47633
22323 22322
22325 16903
22325 22324
22327 13907
22327 47557
22329 15745
22329 22328
22331 14052
22331 23683
22333 53056
22333 49910
22335 15747
22335 27225
22337 9418
22337 23653
22339 20803
22339 22338
22341 35411
22341 22340
22343 2839
22343 23650
22345 8926
22345 22344
22347 17167
22347 22346
22349 36057
22349 22348
22351 22350
22353 2256
22353 28311
22355 34629
22355 23661
22357 21046
22357 34935
22359 15545
22359 22358
22361 41186
22361 22360
22363 49267
22363 34061
22365 3452
22365 41134
22367 15583
22367 22366
22369 14978
22369 22368
22371 36333
22371 22370
22373 23239
22373 22491
22375 1716
22375 22374
22377 36335
22377 22376
22379 3105
22379 22378
22381 7298
22381 22380
22383 7739
22383 47547
22385 28411
22385 22384
22387 3256
22387 22386
22389 2199
22391 30035
22391 22390
22393 1975
22393 22392
22395 21333
22395 22394
22397 16872
22397 22396
22399 29601
22399 22398
22401 27355
22401 22400
22403 14059
22403 22402
22405 976
22405 22404
22407 17198
22407 22406
22409 10491
22409 22408
22411 10259
22411 22410
22413 47927
22413 22412
22415 35253
22415 23091
22417 17162
22417 48463
22419 2424
22419 48575
22421 35579
22421 30245
22423 3740
22423 36707
22425 22273
22425 22424
22427 7682
22427 22426
22429 40574
22429 22428
22431 15133
22431 42394
22433 8369
22433 30055
22435 2501
22435 22434
22437 14398
22437 28337
22439 10418
22439 29175
22441 3617
22441 22440
22443 1918
22443 36373
22445 49473
22445 22444
22447 42816
22449 3269
22449 22448
22451 8099
22451 49553
22453 35043
22453 22452
22455 22673
22455 22454
22457 21148
22457 43018
22459 21374
22459 49205
22461 1348
22461 22460
22463 7917
22463 22462
22465 1095
22465 22464
22467 21497
22469 2441
22469 22468
22471 16898
22471 22470
22473 14716
22473 34117
22475 23779
22477 2755
22477 22476
22479 22478
22481 15095
22481 30063
22483 10394
22483 22482
22485 9998
22485 48423
22487 53044
22487 23347
22489 14225
22489 28731
22491 35523
22491 35293
22493 28193
22497 34839
22497 22496
22499 7955
22499 22498
22501 410
22503 49039
22505 8670
22507 21262
22507 22506
22509 47861
22509 23597
22511 23749
22515 10327
22515 22514
22517 27447
22517 35075
22519 14253
22519 35059
22521 1189
22521 22520
22523 34225
22523 22522
22525 22583
22525 22524
22527 47741
22529 2648
22529 23431
22531 16024
22531 22530
22533 9443
22533 22532
22535 9745
22535 22534
22537 23039
22537 22536
22539 9058
22539 27807
22541 3805
22541 22540
22543 21294
22545 47243
22545 22544
22547 36903
22547 47419
22549 954
22549 29533
22551 29793
22551 22550
22553 22552
22555 29633
22555 23643
22557 16275
22557 29797
22559 34577
22559 22558
22561 42470
22561 34767
22563 42154
22563 29211
22565 15914
22565 22564
22567 29613
22567 23395
22569 8635
22569 22568
22571 9176
22571 48739
22573 813
22573 48141
22575 42774
22575 43357
22577 823
22577 22576
22579 13917
22579 23339
22581 34949
22581 22580
22583 8294
22583 23527
22585 16651
22585 28249
22587 28667
22587 22586
22589 20565
22589 36449
22591 13767
22591 22590
22593 1451
22593 22592
22595 15631
22595 22594
22597 9470
22597 22596
22599 2989
22599 22598
22601 886
22601 36295
22603 2795
22603 23759
22605 20927
22605 22604
22607 1010
22607 41458
22609 21925
22609 22608
22611 47827
22611 22610
22613 21605
22613 40870
22615 9567
22615 22614
22617 8202
22617 22616
22619 10280
22619 23766
22621 8877
22621 22620
22623 867
22625 22054
22627 22256
22627 22626
22629 40808
22629 22628
22631 7144
22631 22630
22633 22632
22635 14723
22635 22634
22637 36719
22637 22636
22639 33715
22639 22638
22641 36691
22641 22640
22643 7630
22645 49715
22645 34187
22647 16177
22647 48875
22649 41578
22651 20456
22651 22650
22653 40976
22653 23409
22655 36177
22655 28713
22657 1593
22659 2052
22659 22658
22661 15274
22661 22660
22663 9202
22663 22662
22667 9788
22667 41416
22669 17024
22669 22668
22671 42610
22671 22670
22673 2387
22673 22672
22675 34671
22675 22674
22677 15563
22677 22676
22679 13983
22681 13774
22681 42552
22683 30129
22683 22682
22685 14210
22685 41888
22687 22224
22687 22686
22689 2563
22689 22688
22691 1463
22691 22690
22693 10021
22693 22692
22695 21444
22695 41340
22697 13757
22697 22696
22699 15145
22699 27405
22701 3630
22701 22700
22703 23615
22703 35739
22705 22704
22707 16211
22709 47917
22709 22708
22711 14692
22711 23672
22713 35377
22713 22712
22715 14259
22715 22714
22717 41126
22719 7371
22719 22718
22721 41244
22721 22720
22723 1386
22723 22722
22725 3508
22725 35569
22727 1349
22727 22726
22729 9618
22729 47223
22731 47945
22731 22730
22733 14606
22733 22732
22737 28665
22737 29169
22739 2442
22739 36099
22741 16185
22741 22740
22743 22298
22743 40268
22745 113
22745 22744
22747 3742
22747 22746
22749 407
22749 22748
22751 15793
22751 22750
22753 34551
22753 22752
22755 16135
22755 22754
22757 47797
22757 22756
22759 27567
22759 22758
22761 10062
22761 29251
22763 738
22763 23671
22765 7096
22765 22764
22767 22058
22767 28127
22769 9562
22769 22768
22771 23417
22771 23710
22773 10379
22773 22772
22775 15550
22775 22774
22777 22028
22777 22776
22779 293
22779 48401
22781 41434
22781 22780
22783 7877
22783 22782
22785 15062
22785 23718
22787 9708
22787 22786
22789 16095
22789 33939
22791 3221
22791 22790
22793 8075
22793 22792
22795 2162
22795 22794
22797 23369
22797 22796
22799 20820
22799 23745
22801 29875
22801 22800
22803 23401
22803 23459
22805 22292
22805 22804
22807 17099
22807 22806
22809 47099
22811 7971
22811 22810
22813 2342
22813 22812
22815 2717
22815 22814
22817 3353
22817 34887
22819 2537
22819 22818
22821 34347
22821 22820
22823 30115
22823 23763
22825 86
22825 34427
22827 27028
22827 22826
22829 8891
22829 22828
22831 27385
22831 22830
22833 15285
22833 34171
22835 14173
22835 35741
22837 47851
22837 23655
22839 879
22839 22838
22841 22258
22841 22840
22843 46577
22843 22842
22845 29387
22845 40954
22847 23613
22847 23477
22849 8573
22849 22848
22851 7124
22851 22850
22853 7695
22853 22852
22855 16147
22855 22854
22857 40266
22857 22856
22859 43278
22859 49271
22861 22779
22861 22860
22863 14153
22863 33879
22865 10038
22865 22864
22867 10291
22867 48405
22869 1849
22869 22868
22871 9654
22871 22979
22873 36365
22873 22872
22875 1870
22875 22874
22877 29521
22877 29719
22879 16249
22879 22878
22881 8060
22881 22880
22883 670
22883 22882
22885 8896
22885 22884
22887 15159
22887 22886
22889 22108
22889 22888
22891 8966
22891 29935
22893 190
22893 22892
22895 22397
22895 22894
22897 16751
22897 30153
22899 16964
22899 47077
22901 3048
22901 23463
22903 30304
22903 28443
22905 14985
22905 40576
22907 23071
22907 34605
22909 41094
22909 47425
22911 7821
22911 28671
22913 2817
22913 22912
22915 30021
22915 28133
22917 14160
22917 22916
22919 3507
22919 22918
22921 20622
22921 22920
22923 15083
22923 35703
22925 48711
22925 22924
22927 21181
22927 22926
22929 2177
22929 22928
22931 9882
22931 34253
22933 14165
22933 22932
22935 15791
22935 43008
22937 33699
22937 23007
22939 757
22939 48001
22941 22068
22941 22940
22943 23789
22945 3707
22945 22944
22947 1196
22947 22946
22949 14889
22949 22948
22951 16766
22951 22950
22953 1725
22953 22952
22955 23399
22955 22954
22957 9400
22957 22956
22959 13793
22959 22958
22961 2315
22961 22960
22963 9593
22963 22962
22965 232
22965 22964
22967 29341
22967 22966
22969 17158
22969 22968
22971 8239
22971 22970
22973 3593
22973 22972
22975 8660
22977 9777
22977 22976
22979 22870
22979 22978
22981 14437
22981 47401
22983 15950
22983 36902
22985 48515
22985 49857
22987 1488
22987 27495
22989 7093
22991 253
22991 22990
22993 1371
22993 22992
22995 40214
22995 22994
22997 23791
22999 2395
22999 28961
23001 16123
23001 28613
23003 36317
23003 23002
23005 2739
23005 23004
23007 22936
23007 41372
23009 3732
23009 23008
23011 27671
23013 28435
23013 23012
23015 48337
23015 23014
23017 2843
23017 23016
23019 10370
23019 23018
23021 3304
23021 28071
23023 42554
23023 23233
23025 34699
23025 23024
23027 20810
23027 49107
23029 21773
23029 23028
23031 15317
23031 23030
23033 13940
23033 23032
23035 14789
23035 47967
23037 837
23037 23036
23039 47183
23039 47545
23041 16020
23041 23040
23043 23042
23045 10260
23045 23044
23047 81
23047 23046
23049 3870
23049 23048
23051 1346
23051 23050
23053 21929
23053 35597
23055 9912
23055 23375
23057 28329
23057 23056
23059 9927
23059 49353
23061 1709
23061 23060
23063 1433
23063 23062
23065 7711
23065 23665
23067 33851
23067 23066
23069 9169
23069 23068
23071 22280
23071 49687
23073 16415
23073 29723
23075 7705
23075 23074
23077 1412
23077 40896
23079 46887
23079 23215
23081 8271
23081 23080
23083 23793
23085 29931
23085 23084
23087 21375
23087 23086
23089 2589
23089 23088
23091 22414
23091 23090
23093 1571
23093 23092
23095 15822
23095 23094
23097 276
23097 23096
23099 7580
23099 23098
23101 16689
23101 35289
23103 35855
23103 23102
23105 30261
23107 2076
23107 49591
23109 46931
23109 47117
23111 27273
23111 23110
23113 15969
23113 23363
23115 10335
23115 23114
23119 14143
23119 48241
23121 41478
23121 23120
23123 27949
23123 35785
23125 9314
23125 34419
23127 47657
23127 23126
23129 21849
23129 23128
23131 14632
23131 23130
23133 36181
23133 23132
23135 8787
23135 34067
23137 27521
23137 29309
23139 16818
23139 23138
23141 7132
23141 23140
23143 41132
23143 23142
23145 28015
23145 40388
23147 20332
23147 23146
23149 9976
23149 23148
23151 14244
23151 23150
23153 3125
23153 23152
23155 16573
23155 23154
23157 14117
23157 23156
23159 20672
23159 35549
23161 35105
23161 23160
23163 23017
23163 23162
23165 23164
23167 35081
23167 23166
23169 14487
23169 40152
23171 20616
23171 23170
23173 47837
23173 41548
23175 46885
23175 23174
23177 29077
23177 23680
23179 36259
23179 23178
23181 48297
23181 29193
23183 17005
23185 14965
23185 47769
23187 21088
23187 23186
23189 235
23189 23188
23191 10096
23191 28221
23193 10068
23193 23192
23195 3537
23195 23194
23197 49437
23197 23196
23199 49759
23199 23198
23201 43186
23201 47357
23203 937
23203 23202
23205 15764
23205 23204
23207 20465
23209 20826
23209 23208
23211 29025
23211 23210
23213 16079
23213 23212
23215 23078
23215 47645
23217 29775
23217 23216
23219 1685
23219 23218
23221 7169
23221 23220
23223 40860
23223 23222
23225 2245
23225 23224
23227 1078
23227 23764
23229 23271
23229 23228
23231 40908
23231 36311
23233 23022
23233 42414
23235 41960
23235 23670
23237 2756
23237 23236
23239 13939
23239 47863
23241 8273
23241 28985
23243 14196
23245 15313
23245 23244
23247 16583
23247 23246
23249 694
23249 40482
23251 34941
23251 41944
23253 16694
23253 23252
23255 3274
23255 23254
23257 20594
23257 23505
23259 27063
23261 23748
23263 10132
23263 23262
23265 47417
23265 27699
23267 15268
23267 23266
23269 28533
23271 14162
23271 23270
23273 2312
23273 23272
23275 3120
23275 23274
23277 3278
23277 35217
23279 21488
23279 23278
23281 16634
23281 23280
23283 9212
23283 23282
23285 41828
23285 23284
23287 23757
23289 13998
23291 2309
23291 23290
23293 21923
23293 23292
23295 28441
23295 23781
23297 20452
23297 23687
23299 23298
23301 3078
23301 29079
23303 9293
23303 23302
23305 3722
23305 23304
23307 15241
23307 23407
23309 15408
23309 23308
23311 14847
23311 47161
23313 29391
23313 23312
23315 22152
23315 23314
23317 28437
23319 34963
23319 36911
23321 30079
23321 40139
23323 2253
23323 49545
23325 13918
23325 23324
23327 36501
23327 41378
23329 22862
23329 23328
23331 21638
23331 23330
23333 8480
23333 33937
23335 8178
23335 23334
23337 23336
23339 22578
23339 23338
23341 8068
23341 23340
23343 9123
23343 23342
23345 48067
23345 36097
23347 22486
23349 2394
23349 23348
23351 15699
23351 41168
23353 33993
23353 40442
23355 14868
23355 23354
23357 16857
23357 23356
23359 15765
23359 23358
23361 7688
23361 23360
23363 23112
23363 23362
23365 53122
23365 23364
23367 8027
23367 47815
23369 27319
23369 47517
23371 8489
23371 23370
23373 21783
23373 27729
23375 23054
23375 36425
23377 16887
23379 27201
23379 23378
23381 8151
23381 23380
23383 8416
23383 23382
23385 7092
23385 23384
23387 22041
23387 23699
23389 21508
23391 28873
23393 41978
23395 22566
23395 23394
23397 15572
23399 22278
23399 35015
23401 14810
23401 23400
23403 1566
23403 23402
23405 14481
23405 35287
23407 23306
23407 23406
23409 22652
23409 23408
23411 8908
23411 41690
23413 20941
23413 23412
23415 18
23415 23414
23417 3180
23419 43210
23419 42676
23421 9226
23421 23420
23423 16576
23423 23422
23425 2957
23425 23424
23427 27032
23427 47009
23429 10153
23429 23428
23431 47377
23431 23430
23433 21957
23433 23432
23435 48767
23435 34741
23437 8813
23437 49659
23439 17176
23439 34913
23441 7586
23441 23440
23443 33781
23443 23442
23445 36457
23445 48661
23447 15633
23447 29589
23449 23448
23451 36669
23453 2420
23453 23452
23455 28547
23455 23454
23457 46799
23459 22802
23459 23458
23461 1781
23461 23460
23463 22900
23463 41986
23465 9543
23467 16343
23467 23466
23469 10408
23469 23468
23471 48495
23471 23470
23473 8935
23473 23472
23475 13807
23475 23474
23477 34015
23477 23476
23479 15511
23479 23478
23481 21070
23481 42778
23483 2676
23483 33987
23485 1422
23485 23484
23487 3838
23487 48335
23489 9265
23489 23488
23491 13995
23491 28387
23493 10414
23493 23492
23495 2169
23495 23494
23497 9665
23497 23496
23499 2423
23499 23498
23501 10399
23501 23500
23503 13953
23503 23502
23505 23256
23505 23504
23507 35409
23507 23506
23509 46949
23509 23508
23511 28407
23511 30303
23513 14653
23513 23512
23515 23079
23515 23514
23517 1261
23517 23516
23519 2701
23519 23518
23521 20750
23521 23569
23523 8759
23523 23522
23525 3856
23525 35975
23527 22582
23527 36271
23529 376
23529 23528
23531 16638
23533 10222
23533 23790
23535 49011
23535 23534
23537 35077
23537 23536
23539 8532
23539 29541
23541 14694
23541 29033
23543 2092
23543 23542
23545 9247
23545 23657
23547 16713
23547 34477
23549 22010
23549 23750
23551 27737
23551 23550
23553 15993
23553 48985
23555 42526
23555 40654
23557 1291
23557 23556
23559 3474
23559 23558
23561 728
23561 28999
23563 22401
23563 23562
23565 3293
23565 23564
23567 20884
23567 23566
23569 23520
23569 29409
23571 1995
23571 23570
23573 16197
23573 49487
23575 48193
23575 35001
23577 47339
23577 23576
23579 35977
23579 23578
23581 23273
23581 34405
23583 8473
23583 23582
23585 8866
23585 35795
23587 20840
23587 29293
23589 2790
23589 23588
23591 42446
23591 23590
23593 2086
23593 23592
23595 16143
23595 23594
23597 23596
23599 34731
23601 9703
23601 23600
23603 1576
23603 27917
23605 1131
23605 23604
23607 41238
23607 23606
23609 7349
23609 29503
23611 15002
23611 23610
23613 40562
23613 23612
23615 3338
23617 34003
23619 21258
23619 23618
23621 9166
23621 23620
23623 49355
23623 43004
23625 14776
23625 23674
23627 15086
23627 23626
23629 3645
23629 23628
23631 15387
23631 28791
23633 389
23633 23632
23635 43020
23635 23634
23637 42176
23637 23636
23639 2240
23639 34085
23641 35699
23641 23640
23643 22554
23643 23642
23645 42082
23645 23644
23646 21108
23646 28531
23647 22042
23647 41370
23648 20980
23648 1982
23649 20442
23649 14788
23650 29545
23650 774
23651 3815
23651 2330
23652 23717
23652 20923
23653 22336
23653 8965
23654 22130
23654 13669
23655 23715
23655 3146
23656 33923
23657 23798
23658 23287
23658 8284
23659 47155
23659 856
23660 27905
23660 30301
23661 23720
23661 1826
23662 9323
23662 2984
23663 22066
23663 10434
23664 48243
23664 7718
23665 9228
23666 49549
23666 9276
23667 27485
23667 9870
23668 30003
23668 14079
23669 21567
23669 15004
23670 8025
23671 47761
23671 14537
23672 23714
23672 17059
23673 23713
23673 15184
23674 23624
23674 42626
23675 48319
23675 28865
23676 23716
23676 15437
23677 27725
23677 15611
23678 20453
23678 40292
23679 14764
23679 9446
23680 41076
23680 16399
23681 9623
23681 9520
23682 3855
23682 35493
23683 22330
23683 16869
23684 9417
23684 9416
23685 21116
23685 14057
23686 14888
23686 14887
23687 23796
23688 16868
23688 16867
23689 27861
23689 23712
23690 10421
23690 23778
23691 47107
23691 21080
23692 28335
23692 21172
23693 40928
23693 22475
23694 7635
23694 27179
23695 7497
23695 46711
23696 9999
23696 21813
23697 21810
23697 47283
23698 36073
23698 36785
23699 23786
23699 41776
23700 14715
23700 36887
23701 23772
23702 14744
23702 23337
23703 29021
23704 28993
23705 22784
23705 3126
23706 16285
23706 22974
23707 34543
23707 23010
23708 30274
23708 9047
23709 46569
23709 40360
23710 22770
23710 46991
23711 21377
23711 23614
23712 1240
23713 193
23713 22171
23714 14691
23715 48741
23715 42088
23716 22799
23717 23752
23718 23705
23718 27519
23719 23708
23719 23116
23721 1411
23721 23666
23722 22282
23723 19980
23723 12765
23724 19576
23724 5382
23725 5828
23725 18074
23726 39867
23726 4220
23727 499
23727 24567
23728 24831
23728 6932
23729 19480
23729 4790
23730 635
23730 11044
23731 44963
23731 12492
23732 13362
23732 19498
23733 10643
23733 11854
23734 37707
23734 32606
23735 7022
23735 32884
23736 31932
23736 19063
23737 18818
23737 50173
23738 10599
23738 46155
23739 12515
23739 13498
23740 13083
23740 26757
23741 5325
23741 4622
23742 18523
23742 18467
23743 40622
20580 23743
23744 36757
20662 34789
23745 23747
20666 23745
23746 36209
20670 23746
23747 22798
20782 23747
23748 28187
20784 23748
23749 22510
20792 23749
23750 23548
20850 23782
23751 23176
20904 43294
23752 21826
20922 23752
23753 15264
23754 40564
20926 28695
23755 21214
20962 23755
23756 23181
23757 23770
21154 23757
23758 8991
23759 22602
21198 23759
23760 21762
21200 42092
23761 36393
21204 23761
23762 22906
21304 40882
23763 22822
21400 23763
23764 23226
21420 35247
23765 1756
21672 49203
23766 22618
21764 48163
23767 8411
21808 23767
23768 952
21852 33839
23769 22736
21904 42474
23770 23286
21912 23770
23771 8522
21952 23771
23772 43428
22096 23772
23773 16231
22146 43168
23774 22574
22170 29107
23775 22179
22178 23775
23776 33857
22210 23776
23777 49679
22308 28967
22446 23778
23779 41918
22474 43130
23780 21064
22502 34147
23781 23294
22508 36371
23782 47257
22512 23782
23783 22317
22513 27855
23784 2016
23785 9348
22656 23785
23786 46869
22706 23786
23787 14973
22710 23787
23788 53139
22716 47465
23789 21451
22942 23789
23790 23532
22988 40210
23791 28377
22996 23791
23792 15737
23064 41602
23793 20535
23082 23793
23794 10506
23234 28845
23795 1235
23796 15447
23296 23796
23797 35487
23376 23797
23798 28075
23544 33885
23799 47273
23616 23799
23801 46511
23801 23800
23803 52037
23803 39831
23805 39539
23805 33232
23807 13043
23807 45047
23809 12403
23809 23808
23811 30836
23811 24347
23813 10675
23813 23812
23815 11097
23815 50427
23817 18765
23817 23816
23819 25605
23819 23818
23821 20501
23821 23859
23823 52723
23823 33440
23825 44779
23825 23885
23827 12637
23827 23826
23829 5694
23829 24571
23831 25371
23831 23830
23833 168
23833 32464
23835 12144
23837 4175
23837 23836
23839 39507
23839 23838
23841 17513
23841 30424
23843 6504
23843 50389
23845 62
23845 23844
23847 5501
23849 12770
23851 12434
23853 20093
23853 23913
23855 6210
23855 30910
23857 18667
23857 23856
23859 37949
23859 23858
23861 7238
23861 25901
23863 26595
23863 23862
23865 5488
23865 33654
23867 5123
23867 23866
23869 18459
23869 26976
23871 10964
23871 23870
23873 10631
23873 23872
23875 44875
23875 23874
23877 44415
23877 23876
23879 27070
23881 606
23881 23880
23883 6293
23883 23882
23885 38275
23885 23884
23887 19120
23887 23886
23889 39937
23891 38615
23891 23890
23893 18419
23893 23892
23895 33134
23897 4983
23897 23896
23899 18857
23899 23898
23901 132
23901 23900
23903 44771
23903 23902
23905 39281
23905 43797
23907 5422
23907 23906
23909 11428
23909 33450
23911 11533
23911 23910
23913 23852
23913 52735
23915 18306
23915 23914
23917 12652
23917 26389
23919 6279
23919 23918
23921 7213
23921 30846
23923 11717
23923 39065
23925 43637
23925 23924
23927 37203
23929 3980
23929 37883
23931 51189
23931 24891
23933 655
23933 23932
23935 18263
23935 24089
23937 6069
23937 23936
23939 5216
23939 23938
23941 24575
23941 44591
23943 12285
23943 23942
23945 6414
23945 30444
23947 5922
23949 37855
23949 25575
23951 20100
23951 23950
23953 18446
23953 26972
23957 25075
23957 51415
23959 32818
23959 37775
23961 466
23961 44379
23963 18416
23963 33632
23965 24093
23965 23964
23967 6873
23967 23966
23969 32928
23969 23968
23971 44437
23971 23970
23973 51241
23973 23972
23975 52013
23975 39489
23977 12479
23979 13121
23979 38951
23981 5425
23981 23980
23983 46273
23983 50753
23985 25107
23985 32148
23987 11650
23987 23986
23989 4111
23989 23988
23991 24425
23991 23990
23993 4559
23993 23992
23995 12699
23995 23994
23997 19056
23997 23996
23999 6528
23999 25415
24001 32984
24001 24000
24003 38877
24003 24002
24005 17949
24005 24004
24007 17748
24007 24006
24009 11829
24009 24008
24011 13534
24011 24010
24013 52595
24013 24012
24015 12037
24015 33492
24017 11526
24017 24016
24019 20228
24019 37349
24021 43561
24021 30640
24023 25413
24023 44459
24025 24861
24025 44863
24027 38783
24027 24026
24029 5816
24029 50105
24031 52409
24031 51009
24033 6478
24033 24032
24035 25459
24037 18478
24037 24036
24039 37337
24039 38315
24041 37029
24041 38801
24043 39119
24043 26231
24045 38389
24045 24044
24047 36965
24047 24046
24049 17749
24049 24048
24051 52559
24051 24050
24053 26853
24053 24052
24055 37691
24057 19547
24057 24056
24059 19185
24059 25189
24061 45091
24061 24060
24063 4598
24063 26759
24065 4330
24065 24064
24067 660
24067 24066
24069 20512
24069 24068
24071 12689
24071 24070
24073 18945
24073 50327
24075 12311
24075 24074
24077 11411
24077 24076
24079 32398
24079 24078
24081 6828
24081 24080
24083 17597
24083 39855
24085 30556
24085 44663
24087 12745
24087 24086
24089 31110
24089 44471
24091 50719
24091 24090
24093 30618
24093 50079
24095 19400
24095 24094
24097 24096
24099 46279
24101 4650
24101 37579
24103 10925
24103 25631
24105 20130
24105 26978
24107 18764
24107 45925
24109 4073
24109 24108
24111 17831
24111 24110
24113 20492
24113 51169
24115 11500
24115 24114
24117 4524
24117 26952
24119 4297
24119 24118
24121 11115
24121 24120
24123 170
24123 43449
24125 6012
24125 24124
24127 37577
24127 24126
24129 39229
24129 24128
24131 20160
24131 24130
24133 6656
24133 24132
24135 20023
24135 51227
24137 13379
24137 24136
24139 12862
24139 25687
24141 11258
24141 51255
24143 19380
24145 5439
24145 24144
24147 5290
24149 27021
24149 24805
24151 11866
24151 38461
24153 6546
24153 24152
24155 19625
24155 39309
24157 4273
24157 24156
24159 30814
24159 24158
24161 39135
24161 24160
24163 6543
24163 24162
24165 6958
24165 31378
24167 19194
24167 24166
24169 10742
24169 25147
24171 13557
24173 32248
24175 13321
24175 24174
24177 25203
24177 24176
24179 36999
24179 32850
24181 46283
24181 24180
24183 36993
24183 39287
24185 13624
24185 24184
24187 10910
24187 24186
24189 30466
24191 39057
24191 24190
24193 18222
24193 32258
24195 13007
24195 24194
24197 20317
24197 24196
24199 43809
24199 24198
24201 19325
24201 24200
24203 11475
24203 24202
24205 20489
24205 24204
24207 18795
24209 50167
24209 24208
24211 20389
24211 24210
24213 7180
24213 24212
24215 6626
24215 24214
24217 18387
24217 43943
24219 50121
24219 24218
24221 3942
24221 24220
24223 3937
24223 24222
24225 39511
24225 43535
24227 4869
24227 24226
24229 33024
24229 24228
24231 31708
24233 19174
24233 24232
24235 18476
24235 25745
24237 43989
24237 24236
24239 6227
24239 24238
24241 19936
24241 24607
24243 10897
24243 45121
24245 13194
24245 24244
24247 13560
24247 39237
24249 19534
24249 37123
24251 31244
24251 45977
24253 46387
24253 43781
24255 37185
24255 24254
24257 6792
24257 39159
24259 13023
24259 24258
24261 39509
24261 39201
24263 37675
24263 40173
24265 17556
24265 30798
24267 18187
24267 37243
24269 45341
24269 45765
24271 17726
24271 45917
24273 38795
24273 24272
24275 10900
24275 31352
24277 12905
24277 24276
24279 20262
24279 24278
24281 31012
24281 24280
24283 45219
24283 24282
24285 19221
24285 24284
24287 38729
24287 24286
24289 18355
24289 24288
24291 32992
24291 25779
24293 5032
24293 24292
24295 18745
24295 40003
24297 18030
24297 24296
24299 534
24299 24298
24301 11442
24301 26243
24303 44021
24303 24302
24305 12524
24305 37133
24307 19647
24307 24306
24309 19583
24309 24877
24311 38301
24311 24310
24313 10951
24313 24312
24315 5043
24315 24314
24317 5424
24317 37293
24319 45083
24319 32514
24321 18579
24321 38617
24323 4995
24323 24322
24325 12987
24325 24324
24327 32666
24327 24326
24329 20233
24329 38367
24331 5881
24331 24330
24333 12531
24333 24332
24335 33196
24335 46598
24337 20153
24337 46321
24339 50435
24341 12594
24341 24340
24343 6148
24343 24342
24345 18488
24345 24344
24347 45691
24347 24346
24349 5479
24349 24348
24351 26535
24351 24350
24353 12755
24353 24352
24355 5602
24355 25921
24357 4832
24359 18097
24361 17440
24361 24360
24363 24315
24365 18829
24365 24364
24367 25601
24369 33422
24369 24368
24371 645
24373 18830
24373 24372
24375 24374
24377 19479
24377 24511
24379 32674
24379 50615
24381 6800
24381 24380
24383 5233
24383 24382
24385 11384
24385 26311
24387 25403
24387 27001
24389 52211
24389 24388
24391 25369
24391 24390
24393 6650
24393 52441
24395 13140
24395 32640
24397 12371
24397 24396
24399 20014
24399 24398
24401 12702
24403 11069
24403 26689
24405 31032
24405 25485
24407 50815
24407 24406
24409 5837
24409 24408
24411 20311
24411 24410
24413 24815
24413 39897
24415 4860
24415 26955
24417 4174
24417 24416
24419 6428
24419 24418
24421 4517
24421 37779
24423 26627
24425 19559
24425 32152
24427 18447
24427 45951
24429 13584
24429 24428
24431 18001
24431 30884
24433 39157
24433 50655
24435 32224
24435 24434
24437 33050
24437 24436
24439 17518
24439 24438
24441 20219
24441 30646
24443 11079
24445 24444
24447 51447
24447 24446
24449 4196
24449 24448
24451 20489
24451 24450
24453 5755
24453 24452
24455 37665
24455 24454
24457 44425
24457 24456
24459 4551
24459 24458
24461 17256
24461 24460
24463 30558
24463 24462
24465 20384
24465 24464
24467 18740
24467 24466
24469 10603
24469 45715
24471 7266
24471 26974
24473 3996
24473 32694
24475 26741
24475 24474
24477 45767
24477 24476
24479 31216
24479 24478
24481 19543
24481 24480
24483 13126
24483 24482
24485 18264
24485 24484
24487 51349
24487 24486
24489 10846
24489 32118
24491 37741
24491 24490
24493 5001
24493 24492
24495 544
24495 24494
24497 20106
24497 24496
24499 5678
24499 26253
24501 30560
24501 30628
24503 17779
24503 24502
24505 677
24505 24504
24507 11899
24507 25799
24509 4671
24509 24508
24511 24376
24511 24510
24513 5549
24513 26543
24515 24021
24515 24514
24517 5496
24517 24516
24519 20152
24519 24518
24521 12823
24521 39187
24523 12868
24523 24522
24525 12875
24525 26962
24527 17288
24527 38041
24529 26107
24529 24528
24531 32182
24531 24530
24533 61
24533 24532
24535 20491
24535 31902
24537 19362
24537 24536
24539 17842
24539 39717
24541 6285
24541 24540
24543 4844
24543 37799
24545 6808
24545 51095
24547 32548
24547 39471
24549 18732
24549 24548
24551 19367
24551 24550
24553 5848
24555 18749
24555 38953
24557 12643
24557 40015
24559 18133
24559 24558
24561 18681
24561 44209
24563 32638
24565 4358
24567 10630
24567 24566
24569 46689
24569 38279
24571 23828
24571 26485
24573 27094
24575 19119
24575 44199
24577 25895
24577 24576
24579 477
24579 24578
24581 11195
24581 24580
24583 38933
24583 39845
24585 18671
24585 24584
24587 11571
24587 24586
24589 20051
24589 52583
24591 51117
24593 20478
24593 51991
24595 6339
24595 24594
24597 6597
24597 50179
24599 26233
24599 31866
24601 527
24601 24600
24603 11507
24603 26958
24605 583
24605 26948
24607 44971
24609 32730
24609 26964
24611 39581
24611 24610
24613 24612
24615 38579
24615 24614
24617 33118
24617 51859
24619 52573
24619 24618
24621 32780
24621 24620
24623 17235
24623 24622
24625 25073
24625 24624
24627 31514
24627 24626
24629 18913
24629 39219
24631 50997
24631 51123
24633 19596
24633 50195
24635 32634
24635 43969
24637 18319
24637 24636
24639 39679
24639 24638
24641 39993
24641 24640
24643 13373
24643 24642
24645 5397
24645 24644
24647 6416
24649 45537
24649 24887
24651 12996
24651 44007
24653 50421
24653 24652
24655 17706
24655 24654
24657 12754
24657 50977
24659 166
24659 31676
24661 18273
24661 24660
24663 13476
24663 24662
24665 17767
24665 24664
24667 11788
24667 39333
24669 50707
24669 25743
24671 13359
24671 26849
24673 31148
24673 25581
24675 44887
24675 24674
24677 6791
24677 24676
24679 50075
24679 53112
24681 19332
24681 24680
24683 30334
24683 25149
24685 4819
24685 24684
24687 31044
24689 25591
24689 24688
24691 37739
24691 24690
24693 19787
24693 51723
24695 19041
24695 24694
24697 32100
24697 33579
24699 52833
24699 33146
24701 6360
24701 24700
24703 13436
24703 51905
24705 17497
24705 37063
24707 44289
24707 24706
24709 12071
24709 24708
24711 5748
24711 26957
24713 17105
24713 24712
24715 13507
24715 25515
24717 12472
24717 51745
24719 6697
24719 51213
24721 10855
24721 24720
24723 6183
24725 13264
24725 31980
24727 11582
24727 51421
24729 6040
24729 43807
24731 12923
24731 24730
24733 134
24733 24732
24735 44263
24737 30700
24737 26165
24739 13861
24739 38253
24741 6412
24741 26893
24743 10626
24743 26343
24745 51341
24745 37729
24747 18637
24747 44797
24749 612
24749 30660
24751 6835
24751 24750
24753 50845
24755 27099
24757 7254
24757 24756
24759 26497
24759 24758
24761 17619
24761 24760
24763 20057
24763 26393
24765 20176
24765 30874
24767 50203
24767 24766
24769 5534
24769 24768
24771 24400
24771 24770
24773 5686
24773 31152
24775 11904
24775 50251
24777 6895
24777 24776
24779 23832
24779 24778
24781 19065
24781 37873
24783 10678
24783 24782
24785 33504
24785 25585
24787 43739
24787 52059
24789 30844
24789 24788
24791 37657
24791 44193
24793 32382
24793 46357
24795 45343
24795 24794
24797 18110
24797 30826
24799 18507
24799 24798
24801 38445
24801 51581
24803 17795
24803 24802
24805 24148
24807 39477
24807 24806
24809 3961
24809 24808
24811 30604
24811 24810
24813 4125
24813 24812
24815 11432
24815 24814
24817 31118
24817 50111
24819 6456
24819 52883
24821 5906
24821 50507
24823 13627
24825 18437
24825 44373
24827 51587
24827 24826
24829 6407
24831 20230
24831 24830
24833 173
24833 24832
24835 30404
24835 24834
24837 24836
24839 5241
24839 24838
24841 38477
24841 24840
24843 10632
24843 39345
24845 18991
24845 24844
24847 46073
24847 24846
24849 13829
24849 24848
24851 17693
24851 37069
24853 38179
24853 24852
24855 45983
24855 26505
24857 46369
24857 24856
24859 36963
24859 24858
24861 10708
24861 24860
24863 17107
24863 24862
24865 12629
24865 37421
24867 19847
24867 26057
24869 50683
24869 36925
24871 20155
24871 30592
24873 33410
24873 24872
24875 10826
24875 39069
24877 24308
24877 38949
24879 13004
24879 39267
24881 19215
24881 31472
24883 37379
24883 24882
24885 24334
24885 50897
24887 24648
24887 24886
24889 6364
24889 37383
24891 23930
24891 30568
24893 10937
24893 24892
24895 19402
24897 18339
24897 33662
24899 25549
24899 24898
24901 5728
24901 38459
24903 46545
24903 24902
24905 4140
24905 24904
24907 19894
24907 24906
24909 50225
24909 53089
24911 24910
24913 13329
24913 24912
24915 26859
24915 24914
24917 19340
24919 52557
24919 39977
24921 32180
24921 24920
24923 13630
24925 13687
24925 24924
24927 50187
24927 44923
24929 19527
24929 37625
24931 10848
24931 24930
24933 37177
24933 25321
24935 19250
24935 24934
24937 17987
24937 26331
24939 5221
24939 24938
24941 32550
24941 45561
24943 6777
24943 24942
24945 18155
24947 44211
24947 24946
24949 50143
24949 24948
24951 17881
24951 24950
24953 19357
24953 24952
24955 51861
24955 46543
24957 39553
24957 24956
24959 5365
24959 38799
24961 38437
24961 24960
24963 11053
24963 24962
24965 20044
24965 24964
24967 25499
24967 24966
24969 4439
24969 24968
24971 555
24971 24970
24973 20268
24973 26959
24975 33386
24975 24974
24977 19249
24977 25235
24979 10735
24979 24978
24981 37889
24981 24980
24983 37155
24985 20475
24985 32068
24987 5454
24987 24986
24989 6510
24989 27084
24993 39037
24993 24992
24995 24994
24997 6936
24997 24996
24999 641
24999 39695
25001 24283
25001 25000
25003 19289
25003 45299
25005 24134
25005 25004
25007 45869
25007 25006
25009 4101
25009 25008
25011 37929
25011 31456
25013 6337
25013 25012
25015 19430
25015 25014
25017 52605
25017 25016
25019 18911
25019 25018
25021 5797
25021 25020
25023 18169
25023 25022
25025 18241
25025 25024
25027 38297
25029 4998
25031 5862
25031 25030
25033 4180
25033 50729
25035 37629
25035 25034
25037 11052
25037 25036
25039 20139
25039 25038
25041 18994
25041 25040
25043 13426
25043 31136
25045 32120
25045 31612
25047 5804
25047 25046
25049 30512
25049 25048
25051 52537
25051 25050
25053 13190
25053 25052
25055 72
25055 31444
25057 37393
25057 25056
25059 17845
25059 25058
25061 7019
25061 25060
25063 12298
25063 38691
25065 24763
25065 25064
25067 45423
25067 25066
25069 44623
25069 25068
25071 4972
25071 44313
25073 6881
25073 25072
25075 614
25075 31052
25077 5014
25077 25076
25079 25078
25081 12747
25081 25080
25083 30498
25083 25082
25085 38603
25085 25084
25087 13862
25087 25559
25089 43867
25089 25733
25091 18733
25091 37515
25093 12416
25093 25092
25095 43895
25095 31426
25097 32938
25097 25096
25099 5767
25099 25098
25101 45803
25101 26831
25103 467
25103 26451
25105 11520
25105 25139
25107 4648
25107 25106
25109 19617
25109 43485
25111 13312
25111 25110
25113 51047
25113 25112
25115 11415
25115 25114
25117 31760
25117 25116
25119 33364
25119 25118
25121 25285
25121 25120
25123 26653
25123 43839
25127 25889
25127 53074
25129 4399
25129 25128
25131 39195
25131 25130
25133 4549
25133 37097
25135 25623
25135 31090
25137 4216
25137 33018
25139 36989
25139 51273
25141 20487
25141 25140
25143 45557
25143 25142
25145 17662
25145 25144
25147 31560
25147 25251
25149 24682
25149 27106
25151 19730
25151 25150
25153 45631
25153 44147
25155 46467
25155 25154
25157 25735
25157 25156
25159 12627
25159 25158
25161 3965
25161 25160
25163 5077
25163 25162
25165 6774
25165 25179
25167 6041
25167 25166
25169 12412
25169 44909
25171 26607
25173 13488
25173 25172
25175 31248
25175 44747
25177 20519
25177 25176
25179 33322
25179 27085
25181 13383
25181 25180
25183 23940
25183 25182
25185 6050
25185 37407
25187 20519
25187 31436
25189 45359
25191 4937
25191 25190
25193 4250
25193 39971
25195 37459
25195 25194
25197 10785
25197 25196
25199 19715
25199 38415
25201 44461
25201 31736
25203 20045
25203 52731
25205 10971
25205 46029
25207 4826
25207 25206
25209 24683
25209 46299
25211 38057
25211 25210
25213 13559
25213 38833
25215 5414
25215 30494
25217 51419
25217 25216
25219 52827
25219 25218
25221 11405
25221 26735
25223 50699
25223 25222
25225 19825
25225 25224
25227 24835
25227 45749
25229 52363
25229 25228
25231 5555
25231 25230
25233 4541
25233 25232
25235 24976
25235 25234
25237 38873
25237 25236
25239 13563
25239 26619
25241 52499
25241 25240
25243 38141
25243 36931
25245 13854
25245 25244
25247 11508
25247 33488
25249 39013
25249 25248
25251 26341
25253 51571
25253 25252
25255 4318
25255 33112
25257 12611
25257 25256
25259 39125
25259 52915
25261 45783
25261 25260
25263 37255
25263 25279
25265 5799
25265 25264
25267 18981
25267 25266
25269 43539
25269 32312
25271 31916
25271 25270
25273 18661
25273 25877
25275 31734
25275 25274
25277 18433
25277 25276
25279 25262
25279 25659
25281 10580
25281 25280
25283 4888
25283 25282
25285 13317
25285 25284
25287 18311
25287 37957
25289 52355
25289 25288
25291 25290
25293 19497
25293 25292
25295 10866
25295 25294
25297 38923
25297 25296
25299 18253
25299 52271
25301 46515
25301 25300
25303 5314
25303 25302
25305 18850
25305 25304
25307 38499
25307 25306
25309 6314
25309 32086
25311 4147
25311 25310
25313 25129
25313 25913
25315 18883
25315 51951
25317 31530
25317 25316
25319 19141
25319 43697
25321 24932
25321 25320
25323 19861
25323 25322
25325 32798
25325 25324
25327 45123
25327 25326
25329 38061
25329 51585
25331 31396
25331 25330
25333 4363
25333 25332
25335 37187
25335 25334
25337 10990
25337 25336
25339 43995
25341 13877
25343 6376
25343 44191
25345 11495
25345 25344
25347 23920
25347 25346
25349 5764
25349 25348
25351 51379
25351 33350
25353 32188
25353 25352
25355 45353
25355 25354
25357 30448
25357 25356
25359 52601
25359 46091
25361 45751
25361 25360
25363 26287
25363 25362
25365 18443
25365 33418
25367 12036
25367 50983
25369 18191
25369 25368
25371 18411
25371 43533
25373 5664
25373 45763
25375 26427
25375 25374
25377 37821
25377 43387
25379 19600
25379 25378
25381 13094
25381 43999
25383 24847
25383 25382
25385 13000
25385 25384
25387 11153
25387 25386
25389 38355
25389 25985
25391 18038
25391 38713
25393 17450
25393 25769
25395 4060
25395 25394
25397 5384
25397 32236
25399 4211
25399 25398
25401 11827
25401 51977
25403 26367
25405 4085
25405 25404
25407 25669
25409 20265
25409 37211
25411 6502
25411 25410
25413 44395
25413 50549
25415 23998
25415 25414
25417 11985
25417 26956
25419 11133
25419 25418
25421 11391
25421 25420
25423 6239
25423 25422
25425 7193
25425 25424
25427 18166
25427 25426
25429 26293
25429 25428
25431 19436
25431 25430
25433 5878
25433 37281
25435 19673
25435 39163
25437 13733
25439 18965
25439 50473
25441 18752
25441 25440
25443 6839
25443 25442
25445 13398
25445 50307
25447 11913
25447 25446
25449 602
25449 25448
25451 13455
25451 25450
25453 12501
25453 25452
25455 6265
25455 25454
25457 4936
25457 43643
25459 13219
25459 25458
25461 13634
25461 27078
25463 39115
25463 25462
25465 39909
25465 25464
25467 32584
25467 25466
25469 18283
25469 25468
25471 18771
25471 25470
25473 32174
25473 25472
25475 25366
25477 7200
25477 25476
25479 31368
25479 25478
25481 45159
25481 33170
25483 26523
25483 37339
25485 24404
25485 25484
25487 6307
25487 25486
25489 11641
25489 25488
25491 12884
25491 52423
25493 13142
25493 44491
25495 43899
25495 50951
25497 26023
25497 25496
25499 43505
25499 25498
25501 51139
25501 27090
25503 4091
25503 25502
25505 20375
25505 25504
25507 5007
25507 25506
25509 18310
25509 25508
25511 3905
25511 33368
25513 25168
25513 25512
25515 25514
25517 44553
25517 25516
25519 19682
25519 52727
25521 6624
25521 26641
25523 45473
25523 44003
25525 33082
25525 32862
25527 17558
25527 25526
25529 37249
25529 25528
25531 33144
25533 20377
25533 25532
25535 20302
25535 49870
25537 25536
25539 11372
25539 44749
25541 12257
25541 26847
25543 13710
25545 24246
25545 25544
25547 4530
25547 51635
25549 421
25549 25548
25551 46457
25551 38463
25553 17729
25553 32306
25555 5782
25557 6723
25557 25556
25559 25086
25559 38863
25561 10754
25561 25560
25563 30474
25563 44383
25565 38273
25565 25981
25567 11659
25567 53104
25569 17709
25569 32012
25571 25625
25573 18475
25573 43679
25575 23948
25575 45895
25577 5577
25577 25576
25579 25359
25579 37119
25581 45489
25581 25580
25583 19039
25583 25582
25585 33402
25585 25584
25587 50789
25589 25588
25591 6068
25593 12271
25593 31846
25595 12833
25595 25594
25597 52069
25599 30686
25599 25598
25601 10995
25601 25600
25603 4607
25603 25602
25605 18359
25605 31348
25607 11715
25609 38595
25611 50759
25611 25610
25613 31648
25613 25612
25615 11453
25615 25614
25617 18012
25617 25616
25619 52127
25619 53115
25621 19043
25621 25620
25623 24656
25623 25622
25625 25570
25625 51965
25627 18424
25627 25626
25629 51295
25629 25628
25631 24102
25631 51023
25633 19303
25633 25632
25635 4659
25635 53087
25637 17685
25637 33346
25639 27008
25639 26145
25641 24559
25641 25640
25643 19881
25643 25642
25645 4057
25645 25644
25647 12960
25647 25646
25649 44827
25651 5115
25651 25650
25653 469
25653 25652
25655 10982
25655 25654
25657 10792
25657 27111
25659 31858
25659 25658
25661 11942
25661 25660
25663 11434
25663 25662
25665 4389
25665 31634
25667 33446
25669 25406
25669 25668
25671 18413
25671 25670
25673 51235
25673 39499
25675 44345
25675 25674
25677 4382
25677 27101
25679 5372
25679 25678
25681 18401
25681 52645
25683 5389
25683 25682
25685 10557
25685 25684
25687 24138
25687 26679
25689 13388
25689 25847
25691 24993
25691 37099
25693 12341
25693 52817
25695 40183
25695 25694
25697 11910
25697 25696
25699 160
25699 25698
25701 39755
25701 25700
25703 17603
25703 25702
25705 26809
25705 25704
25707 11098
25707 39997
25709 19777
25709 26039
25711 19967
25711 45443
25713 18862
25713 25712
25715 5989
25715 25714
25717 44757
25717 25716
25719 17821
25719 51565
25721 24367
25721 26987
25723 13218
25723 51529
25725 45697
25725 31662
25727 5737
25727 51013
25729 31174
25729 25728
25731 6595
25731 32334
25733 25088
25733 25732
25735 6816
25735 44195
25737 44903
25737 30838
25739 24155
25739 50569
25741 31272
25741 26637
25743 39525
25743 39443
25745 24234
25745 25744
25747 11324
25747 43681
25749 6074
25749 32786
25751 46415
25751 31764
25753 25380
25753 25752
25755 51637
25755 25754
25757 18354
25757 25756
25759 33496
25759 25758
25761 52491
25761 44365
25763 33064
25763 25762
25765 52521
25765 52197
25767 4293
25767 25766
25769 38925
25769 26127
25771 11902
25771 39555
25773 49882
25773 44587
25775 4107
25775 25774
25777 46295
25777 25776
25779 24290
25779 43635
25781 11161
25781 25780
25783 18980
25783 25782
25785 6939
25785 25784
25787 17354
25787 25786
25789 172
25789 51141
25791 31116
25791 39061
25793 18202
25793 25792
25795 7267
25795 30852
25797 5560
25797 44703
25799 39465
25799 25798
25801 19320
25801 25800
25803 10565
25803 25802
25805 25538
25805 50533
25807 5942
25807 25806
25809 12582
25809 25808
25811 31654
25811 51153
25813 6909
25813 25812
25815 12192
25815 32700
25817 4019
25817 25816
25819 10595
25819 25818
25821 5189
25821 25820
25823 18903
25823 32590
25825 53116
25825 52693
25827 39301
25827 25826
25829 52879
25831 19365
25831 25830
25833 19537
25833 39955
25835 39241
25835 37109
25837 4283
25837 25836
25839 20259
25839 25838
25841 33460
25841 25840
25843 52119
25843 25842
25845 24335
25845 25844
25847 25688
25847 25846
25849 25848
25851 10614
25851 26063
25853 20215
25853 25852
25855 4781
25855 25854
25857 6967
25857 26329
25859 13847
25859 32016
25861 12009
25861 25860
25863 43883
25863 25862
25865 13596
25865 25864
25867 12466
25867 25866
25869 45253
25869 39583
25871 44281
25871 25870
25873 20255
25873 25872
25875 37191
25875 45191
25877 25272
25877 45435
25879 19149
25881 11530
25881 25880
25883 26095
25883 25882
25885 25367
25885 25884
25887 18235
25887 26299
25889 124
25891 13582
25891 25890
25893 12763
25893 25892
25895 20134
25895 25894
25897 5638
25897 25896
25899 12600
25899 31038
25901 26811
25901 25900
25903 19788
25903 32510
25905 7229
25905 31974
25907 25906
25909 17479
25909 37919
25911 10598
25911 31338
25913 40182
25913 25912
25915 546
25915 25914
25917 5489
25917 25916
25919 17289
25919 30822
25921 24354
25921 38715
25923 6096
25923 30922
25925 37447
25925 25924
25927 18388
25927 39197
25929 30432
25931 13452
25931 25930
25933 37037
25933 25932
25935 11322
25935 25934
25937 18652
25937 25936
25939 45701
25939 25938
25941 24303
25941 25940
25943 5811
25943 25942
25945 5537
25945 25944
25947 3879
25947 26949
25949 45789
25949 37651
25951 25814
25951 39059
25953 6659
25953 38761
25955 12622
25955 25954
25957 7219
25957 25956
25959 19117
25959 27082
25961 25947
25961 38347
25963 4041
25965 18421
25965 25964
25967 11784
25967 25966
25969 39441
25969 46690
25971 17382
25971 25970
25973 52291
25973 25972
25975 5081
25975 25974
25977 13375
25977 38529
25979 52293
25981 25564
25981 25980
25983 7086
25983 26551
25985 32894
25985 25984
25987 4027
25987 25986
25989 12925
25989 25988
25991 19656
25991 25990
25993 18450
25993 25992
25995 7046
25995 25994
25997 18962
25997 25996
25999 43727
25999 25998
26001 24317
26001 26000
26003 13867
26003 26002
26005 5500
26005 37457
26007 13311
26007 26006
26009 18657
26009 26008
26011 11090
26011 32566
26013 27119
26015 27088
26015 26990
26017 11462
26017 30956
26019 6888
26019 26018
26021 12522
26021 32920
26023 38821
26023 37681
26025 33116
26027 11846
26027 26026
26029 51451
26029 26028
26031 25617
26031 26030
26033 17344
26033 44777
26035 18227
26035 26553
26037 36838
26037 26036
26039 25708
26039 26038
26041 24133
26041 26040
26043 49985
26043 26042
26045 18651
26045 26187
26047 6793
26047 26046
26049 545
26049 26048
26051 12390
26051 26050
26053 31992
26055 31670
26055 26054
26057 45277
26057 26056
26059 19395
26059 45719
26061 26877
26061 26060
26063 25850
26063 39015
26065 11085
26065 26064
26067 19283
26067 45939
26069 24299
26069 26068
26071 4158
26071 26070
26073 17465
26073 45911
26075 7234
26075 26074
26077 4197
26077 52653
26079 32004
26079 26078
26081 17545
26081 32876
26083 17494
26083 30988
26085 32364
26085 33124
26087 5760
26087 26086
26089 7073
26089 26088
26091 11221
26091 26090
26093 51285
26093 31588
26095 11837
26095 26094
26097 12043
26097 26096
26099 39535
26099 30418
26101 6613
26101 26997
26105 20496
26105 43631
26107 18128
26107 26106
26109 32512
26109 33582
26111 19686
26111 26110
26113 25057
26113 26112
26115 24207
26115 51077
26117 20300
26117 26645
26119 46179
26119 26118
26121 11630
26121 37627
26123 39449
26123 26122
26125 20113
26125 26124
26127 25768
26127 26126
26129 4670
26129 32184
26131 18995
26131 45935
26133 11728
26133 26132
26135 6840
26135 26134
26137 19079
26137 26136
26139 3948
26139 26138
26141 53191
26141 26140
26143 12864
26143 43841
26145 46083
26147 45451
26147 26146
26149 12047
26149 43619
26151 46317
26151 26150
26153 4369
26153 26152
26155 31570
26155 44319
26157 20243
26157 30678
26159 11840
26159 32262
26161 12781
26161 26160
26163 4146
26163 49981
26165 50681
26165 26164
26167 45693
26167 30546
26169 5519
26169 26168
26171 13739
26171 26170
26173 11481
26173 26172
26175 17909
26175 26174
26177 12908
26177 39859
26179 4873
26179 26178
26181 12904
26181 31252
26183 51469
26183 26182
26185 36985
26185 26184
26187 26044
26187 31088
26189 18173
26189 26387
26191 19809
26191 26190
26193 30966
26193 32848
26195 44565
26195 26194
26197 17810
26197 26196
26199 43759
26199 26198
26201 19692
26201 26200
26203 30632
26203 26377
26205 4326
26207 24239
26207 26954
26209 178
26209 26208
26211 12189
26211 26210
26213 50723
26213 26212
26215 51321
26215 30612
26217 50939
26217 32284
26219 5928
26219 26218
26221 5865
26221 26220
26223 6195
26223 26222
26225 11795
26225 26224
26227 18762
26227 26226
26229 10928
26229 26228
26231 24042
26231 37469
26233 11260
26233 26232
26235 51179
26235 26234
26237 11231
26237 26236
26239 17287
26241 46131
26241 26240
26243 24300
26243 26242
26245 52953
26245 26244
26247 38239
26247 26246
26249 12146
26249 26248
26251 26241
26251 26250
26253 24498
26253 37757
26255 44599
26255 30870
26257 17830
26257 26256
26259 6813
26259 26258
26261 10975
26261 26260
26263 5329
26263 26262
26265 12934
26265 26264
26267 40084
26267 26266
26269 26268
26271 38439
26271 26270
26273 24767
26273 26272
26275 18601
26275 26274
26277 46622
26277 45747
26279 24939
26279 26278
26283 27125
26285 19815
26285 26284
26287 30690
26287 26286
26289 50177
26289 50045
26291 17897
26291 26290
26293 5349
26293 46337
26295 30684
26295 26294
26297 40007
26297 26296
26299 32264
26299 26298
26301 45967
26301 38319
26303 38747
26303 43755
26305 20240
26305 50369
26307 26306
26309 26115
26309 26985
26311 24384
26311 53035
26313 27081
26313 26312
26315 45573
26315 26314
26317 50749
26319 32052
26319 38201
26321 13529
26321 37827
26323 36862
26323 33298
26325 11054
26325 26324
26327 5440
26327 26326
26329 25856
26329 26328
26331 24936
26331 26330
26333 6391
26333 26332
26335 12753
26337 11805
26337 26336
26339 13872
26339 26338
26341 25146
26343 24742
26343 32240
26345 13314
26345 26966
26347 50175
26347 43971
26349 10660
26349 26348
26351 31176
26353 12816
26353 30810
26355 18080
26355 39763
26357 38005
26357 45031
26359 4380
26359 31700
26361 20472
26361 26360
26363 19435
26363 38557
26365 45633
26365 26364
26367 45965
26367 26366
26369 32588
26369 26368
26371 25699
26371 26370
26373 17650
26373 26372
26375 26783
26375 46003
26377 27091
26377 26376
26379 19052
26379 26378
26381 52811
26381 26380
26383 12706
26383 26382
26385 4397
26385 26384
26387 52041
26387 26467
26389 23916
26389 26388
26391 13723
26391 43603
26393 24762
26393 52141
26395 52933
26395 26394
26397 6015
26397 26396
26399 12288
26399 50033
26401 33486
26401 26400
26403 25133
26403 26402
26405 13550
26405 32594
26407 5155
26407 26406
26409 491
26409 26408
26411 4641
26411 26410
26413 6133
26413 26412
26415 26979
26415 26414
26417 25136
26417 26416
26419 4521
26419 26418
26421 6830
26423 12776
26425 12912
26425 38263
26427 25693
26427 26426
26429 6911
26429 26428
26431 13522
26431 26430
26433 50673
26435 17283
26435 26434
26437 39925
26437 26436
26439 18833
26439 26438
26441 19015
26441 26440
26443 38639
26443 51039
26445 26442
26445 26444
26447 37311
26447 44675
26449 6837
26449 26448
26451 25102
26451 30666
26453 44569
26453 26452
26455 38651
26455 40188
26457 11143
26457 26965
26459 50677
26459 26458
26461 13339
26461 30962
26463 13168
26463 26462
26465 11609
26467 43677
26467 26466
26469 31146
26469 26468
26471 24875
26471 26470
26473 19192
26473 52501
26475 23822
26475 43649
26477 5931
26477 26476
26479 11794
26479 26478
26481 26635
26481 39249
26483 5353
26483 26482
26485 24570
26485 26484
26487 13053
26487 37325
26489 5573
26489 26488
26491 32546
26491 26490
26493 12953
26493 26492
26495 5179
26495 26494
26497 471
26497 26496
26499 12227
26499 26498
26501 13097
26501 38983
26503 39611
26503 26502
26505 52949
26507 20070
26507 26506
26509 25540
26509 26508
26511 37659
26513 4915
26513 26512
26515 19425
26515 45193
26517 10474
26517 26516
26519 52701
26519 26518
26521 26663
26521 26520
26523 50839
26523 44057
26525 19293
26525 52025
26527 11374
26527 51837
26529 52931
26529 26528
26531 11519
26533 10770
26535 19441
26535 38175
26537 20223
26537 26536
26539 4570
26539 26538
26541 39411
26541 30942
26543 24512
26543 26542
26545 17708
26545 26544
26547 12489
26547 26546
26549 32766
26549 26548
26551 40104
26551 39729
26553 31876
26553 26552
26555 4792
26555 26554
26557 13018
26557 26556
26559 4303
26559 43823
26561 17917
26561 26560
26563 19418
26565 18470
26565 26564
26567 665
26567 32024
26569 26568
26571 10625
26571 44341
26573 20406
26573 38739
26575 51821
26577 17112
26577 26576
26579 19738
26579 26578
26581 12220
26581 44071
26583 5588
26583 39177
26585 38881
26585 26584
26587 147
26587 26586
26589 26133
26589 26588
26591 37617
26591 26803
26593 32026
26593 26592
26595 7269
26595 26594
26597 20355
26597 26596
26599 13462
26599 30648
26601 4199
26601 26600
26603 18695
26603 26602
26605 52565
26605 26604
26607 4710
26607 26606
26609 18939
26609 50867
26611 12074
26611 26610
26613 17223
26613 53190
26615 18360
26615 26614
26617 6854
26617 44933
26619 25238
26619 26618
26621 49959
26621 26620
26623 53005
26623 26622
26625 37225
26625 26624
26627 18987
26627 27069
26629 3880
26629 31518
26631 13217
26631 26630
26633 4314
26633 26632
26635 4415
26635 45441
26637 25740
26637 50891
26639 591
26639 26638
26641 25520
26641 26640
26643 11426
26643 26642
26645 26116
26645 31948
26647 20033
26647 26646
26649 43915
26649 26648
26651 45673
26651 31324
26653 19963
26653 32140
26655 4361
26655 26654
26657 7250
26657 26656
26659 32206
26659 38803
26661 6178
26661 27135
26663 38147
26663 26662
26665 12800
26665 44369
26667 31350
26667 26666
26669 24582
26669 26668
26671 51795
26671 39641
26673 27140
26675 38917
26675 50399
26677 6377
26677 26676
26679 25686
26679 26678
26681 38847
26681 39999
26683 10758
26683 38811
26685 18206
26685 38655
26687 18373
26687 31954
26689 26688
26691 44483
26691 26690
26693 50605
26693 50321
26695 654
26695 26694
26697 4051
26697 26696
26699 26217
26699 26698
26701 51801
26701 26700
26703 11248
26703 26702
26705 5688
26705 39513
26707 19251
26707 51741
26709 7219
26709 26708
26711 37285
26711 26710
26713 24263
26713 38343
26715 13404
26715 26714
26717 43380
26717 33656
26719 43967
26719 26718
26721 12826
26721 33222
26723 18664
26723 26722
26725 5570
26725 26724
26727 6097
26727 26726
26729 39343
26729 26728
26731 19160
26731 26730
26733 5977
26733 30960
26735 25220
26735 26734
26737 25391
26737 26736
26739 39129
26739 26738
26741 18842
26741 26740
26743 24141
26743 26742
26745 5857
26745 26744
26747 6870
26747 26746
26749 51279
26749 31334
26751 19024
26751 26750
26753 6750
26753 32500
26755 20480
26755 26754
26757 620
26757 26756
26759 24062
26759 33406
26761 38875
26761 26760
26763 6197
26763 26762
26765 12116
26765 39077
26767 26591
26767 46021
26769 52019
26769 50345
26771 6157
26771 26770
26773 38435
26773 26772
26775 23981
26775 26774
26777 27095
26777 50969
26779 39767
26781 39613
26781 30936
26783 4820
26783 32322
26785 11325
26785 26784
26787 6390
26787 46103
26789 4886
26789 45513
26791 7186
26791 26790
26793 5551
26793 26865
26795 19587
26795 26794
26797 39919
26797 39705
26799 32336
26799 33580
26801 13732
26801 26800
26803 50285
26803 27141
26805 44733
26807 20304
26807 51477
26809 12663
26809 38097
26811 33340
26811 40174
26813 19125
26813 33280
26815 11735
26815 51521
26817 19518
26817 26816
26819 31302
26819 43805
26821 26782
26821 26820
26823 5542
26825 17312
26825 32518
26827 39109
26827 44409
26829 31564
26829 26828
26831 25100
26831 32636
26833 454
26833 26832
26835 13279
26835 26834
26837 39659
26837 52831
26839 11227
26839 26838
26841 11123
26841 26840
26843 50339
26843 26842
26845 37223
26845 26844
26847 26509
26847 26846
26849 38303
26849 31964
26851 51449
26851 26850
26853 17419
26853 31020
26855 517
26855 26854
26857 51347
26857 26856
26859 11757
26859 26858
26861 27143
26863 52265
26863 32506
26865 26792
26865 26864
26867 33500
26867 26866
26869 32692
26869 43687
26871 13497
26871 26870
26873 6278
26875 27145
26877 6929
26877 26876
26879 52575
26879 26878
26881 39363
26881 46361
26883 45059
26883 26882
26885 18900
26885 26884
26887 504
26887 26886
26889 4802
26889 30458
26891 4450
26891 50649
26893 24740
26893 26892
26895 4171
26895 26894
26897 11417
26897 26896
26899 4828
26899 26898
26901 27076
26903 4957
26903 26902
26905 11046
26905 50747
26907 30916
26907 26906
26909 18221
26909 37039
26911 7245
26911 26910
26913 11274
26915 13844
26915 26914
26916 41130
26916 339
26917 22034
26917 9331
26918 47753
26918 1188
26919 14524
26919 14314
26920 251
26920 9333
26921 23303
26921 48391
26922 34993
26922 1858
26923 9509
26923 8012
26924 10514
26924 15016
26925 8049
26925 15
26926 17057
26926 7646
26927 15606
26927 14795
26928 15582
26928 3476
26929 20823
26929 41068
26930 16665
26930 23211
26931 40816
26931 21937
26932 2293
26932 15395
26933 41586
26934 398
26934 9852
26935 9096
26935 22581
26936 10456
26936 16173
26937 21079
26937 3008
26938 16840
26938 3268
26939 821
26939 9312
26940 16764
26940 7838
26941 7597
26941 40222
26942 2885
26942 14073
26943 10161
26943 2658
26944 2889
26944 8156
26945 7323
26945 28759
26946 22331
26946 14937
26947 26922
26947 14964
26948 25907
26948 25127
26949 25946
26949 11307
26950 44303
26951 24804
26951 19152
26952 20114
26953 5486
26954 27015
26954 10681
26955 27020
26955 6972
26956 39957
26957 31164
26957 11250
26958 27016
26958 18040
26959 24972
26959 4822
26960 26422
26960 52673
26961 26912
26961 32934
26962 31854
26962 12874
26963 24828
26963 12954
26964 39453
26965 27133
26966 11448
26967 13738
26967 17247
26968 7256
26968 6970
26969 45365
26969 37015
26970 19086
26970 4716
26971 44485
26971 33468
26972 27017
26972 19422
26973 43705
26973 30580
26974 18811
26975 13587
26975 10550
26976 26141
26976 37973
26977 6503
26977 12356
26978 24104
26978 17855
26979 43645
26979 12377
26980 4113
26981 32226
26981 37153
26982 17658
26983 12154
26984 31596
26984 49874
26985 24206
26986 12497
26986 24362
26987 24366
26988 23969
26988 24370
26989 31320
26989 50593
26991 3928
26992 51271
26993 38623
26994 6894
26994 24822
26995 5624
26996 17991
26996 24944
26997 27023
26997 11162
26998 20249
26998 25188
26999 24168
26999 50669
27000 13556
27000 39551
27001 24386
27001 51567
27002 38287
27002 25436
27003 38083
27004 45337
27004 25608
27005 27118
27006 37465
27006 50893
27007 6114
27007 46099
27008 18172
27009 27139
27010 12321
27011 27128
27012 6216
27012 32498
27013 13273
27013 27092
27014 25353
27015 27127
27015 6226
27016 25701
27016 6448
27017 33567
27017 26269
27018 4009
27018 44859
27019 4545
27019 26953
27020 40023
27021 457
27021 26951
27022 30542
27022 26963
27023 26100
27023 25124
27024 38277
27024 26960
27025 12557
27025 26961
27026 26280
27027 27107
27028 35127
20832 35525
27029 3030
27030 22235
20924 27030
27031 33835
20938 27031
27032 14807
20960 27032
27033 8283
20988 27033
27034 2973
21020 27034
27035 27793
21062 27035
27036 13892
21068 27036
27037 34583
21136 27037
27038 16564
21176 27038
27039 34603
21440 27039
27040 21481
21480 27040
21484 40294
27042 16980
21654 42920
27044 1738
21752 27044
27045 28293
21788 27045
27046 10383
21798 27046
27047 36009
21830 27047
27048 14689
21982 27048
22354 27049
27050 28805
22388 27050
22466 27051
27052 15937
22494 27052
27053 41640
22500 27053
27054 1486
22504 27054
27055 49856
22542 47889
27056 8177
22622 30271
27057 14445
22624 47091
27058 22865
22664 27058
27059 21924
22678 27059
27060 20877
22808 43334
27061 48121
23182 27061
27062 375
23206 27062
27063 9102
23258 27063
27064 34959
23392 27064
27065 9704
23456 35209
27066 16705
23598 27066
23834 27067
27068 26868
23848 38577
27069 26626
23850 27069
27070 4843
23878 50039
27071 25734
23946 27071
27072 26786
23954 32162
27073 4884
23976 39557
27074 7236
24034 27074
27075 44315
24054 39291
27076 36856
27077 43571
24116 27077
27078 31122
24142 27078
27079 25649
24146 27079
27080 38871
24170 27080
27081 17723
24188 31192
27082 37009
24230 27082
27083 38091
24240 51633
27084 45695
24338 33356
27085 25178
24356 32612
27086 17425
24358 46089
27087 626
24402 27087
27088 50049
24422 27120
27089 24414
24442 27089
27090 25500
24470 37647
27091 26202
24552 27091
27092 26464
24562 46441
27093 24524
24564 44441
27094 18973
24572 27094
27095 6818
24604 51221
27096 50213
24608 27096
27097 19539
24714 38383
27098 25342
24722 37693
27099 19243
24772 27099
27100 11756
24876 27100
27101 33430
24894 27101
27102 24651
24916 27102
27103 26900
24982 27103
27104 44803
24990 27104
27105 13256
25028 32632
27106 26103
25148 27122
27107 23952
25338 27107
27108 3888
25416 27108
27109 24602
25530 37241
27110 11242
25542 27110
27111 25656
25554 27111
27112 38647
25590 27112
27113 11031
25596 27113
27114 50397
25606 27114
27115 11412
25634 27115
27116 4765
25648 27116
27117 18089
25720 36959
27118 11028
25828 37583
27119 25340
26012 50535
27120 31790
26014 27120
27121 13059
26024 27121
27122 27106
26102 39493
27123 46255
26144 27123
26204 27124
27125 10917
26282 27125
27126 17445
26308 27126
27127 26206
26316 37559
27128 17647
26334 31776
27129 19381
26340 50725
27130 45943
26344 27130
27131 10974
26350 30484
27132 19676
26432 30332
27133 11720
26456 27133
27134 12546
26504 39917
27135 26660
26510 30688
27136 24792
26530 51317
27137 32574
26532 27137
27138 19319
26562 27138
27139 53179
26572 44465
27140 31454
26672 27140
27141 26802
26778 27141
27142 19925
26822 27142
27143 44017
26860 38587
27144 6608
26872 32504
27145 51003
26874 27145
27147 10428
27147 27146
27149 14970
27149 40894
27151 21596
27151 47895
27153 36
27153 27152
27155 15687
27155 40568
27157 7552
27157 36427
27159 2211
27159 27158
27161 48567
27161 27160
27163 1688
27163 27162
27165 9427
27165 27164
27167 34423
27167 27166
27169 33855
27169 27168
27171 29395
27171 27170
27173 8417
27173 27172
27175 2126
27175 27174
27177 3504
27177 27176
27179 48893
27179 27178
27181 1957
27181 30266
27183 1304
27183 28143
27185 1357
27185 28639
27187 9689
27187 36631
27189 23775
27189 34849
27191 47939
27191 53053
27193 33805
27193 27192
27195 8541
27195 27194
27197 2072
27199 48493
27199 27198
27201 415
27201 27200
27203 27787
27203 27202
27205 1727
27205 27204
27207 16802
27207 27206
27209 15690
27209 27208
27211 16041
27211 27210
27213 8035
27213 36715
27215 42228
27215 27214
27217 10522
27217 27216
27219 3502
27219 48483
27221 2390
27221 27220
27223 14580
27223 27222
27225 23555
27225 41262
27227 42476
27227 27226
27229 53128
27229 48569
27231 43080
27231 27735
27233 15957
27233 27232
27235 7475
27235 27234
27237 7278
27237 29417
27239 1059
27239 27238
27241 2091
27241 27240
27243 23451
27243 27242
27245 9952
27245 42178
27247 10172
27247 47259
27249 35527
27249 27248
27251 9131
27251 27250
27253 34491
27253 42210
27255 1370
27255 27254
27257 16130
27257 27256
27259 41750
27259 49127
27261 41534
27261 27260
27263 16330
27263 35457
27265 3319
27265 27264
27267 49862
27267 46781
27269 28497
27269 27268
27271 43200
27273 8609
27275 8674
27275 29829
27277 43070
27279 16287
27279 29183
27281 21498
27281 27280
27283 99
27283 27805
27285 35325
27285 27284
27287 16715
27287 40278
27289 1827
27289 27288
27291 14037
27291 27971
27293 3800
27293 27292
27295 1401
27295 27294
27297 8820
27297 40474
27299 40410
27301 8876
27301 27300
27303 29705
27303 27302
27305 3560
27305 27304
27307 3845
27307 27306
27309 1686
27309 27308
27311 34457
27311 27310
27313 23229
27313 27312
27315 9008
27315 33607
27317 20338
27317 27316
27319 42482
27319 48279
27321 20848
27321 40500
27323 40043
27323 27691
27325 21991
27325 27324
27327 16114
27327 27326
27329 29515
27329 27328
27331 1149
27331 27330
27333 34811
27335 48743
27335 40033
27337 15492
27337 27336
27339 9391
27341 8673
27343 47301
27343 27342
27345 14074
27345 29103
27347 2093
27347 27346
27349 8920
27349 41422
27351 10193
27351 27350
27353 8003
27355 16207
27355 28893
27357 9302
27357 41764
27359 8648
27359 41802
27361 16441
27361 30005
27363 16719
27363 27362
27365 30137
27365 27364
27367 43350
27367 41200
27369 15411
27369 27368
27371 28083
27371 27370
27373 47949
27373 27372
27375 13805
27375 27374
27377 29109
27377 42030
27379 36183
27379 27378
27381 21496
27381 27380
27383 47061
27383 27419
27385 14869
27385 27384
27387 2186
27387 30223
27389 23127
27389 27388
27391 10340
27391 34631
27393 27565
27393 27392
27395 30103
27395 27394
27397 29451
27397 40486
27399 9277
27399 27398
27401 9790
27401 27400
27403 3484
27403 41072
27405 29163
27405 34381
27409 22202
27409 27408
27411 1953
27411 27410
27413 9048
27413 34099
27415 20676
27415 27414
27417 13795
27417 48467
27419 29139
27421 27523
27421 27420
27423 14857
27423 27422
27425 43182
27425 27424
27427 47171
27427 27426
27429 21426
27429 46763
27431 41020
27431 27430
27433 42890
27433 36723
27435 49843
27435 40582
27437 15615
27437 27436
27439 15777
27439 47075
27441 42634
27441 47485
27443 1543
27443 27442
27445 14168
27445 27444
27447 3874
27447 27446
27449 49693
27449 27448
27451 23526
27451 36055
27453 42042
27455 49087
27455 48433
27457 43000
27457 27456
27459 2902
27459 35541
27461 27460
27463 8999
27463 27462
27465 8637
27465 27464
27467 36667
27467 27466
27469 34555
27469 27468
27471 14293
27471 34111
27473 46635
27473 36753
27475 8514
27475 28433
27477 34685
27477 27476
27479 41806
27479 30283
27481 7692
27483 10373
27483 27482
27485 9871
27485 41026
27487 16527
27487 36741
27489 41032
27489 27488
27491 27490
27493 9120
27493 29855
27495 34287
27495 27494
27497 2073
27497 27496
27499 3811
27499 27498
27501 40692
27503 1570
27503 47533
27505 2090
27505 27504
27507 34771
27507 27506
27509 17151
27509 27508
27511 7570
27511 41482
27513 23711
27513 27512
27515 16548
27515 27514
27517 7428
27517 27997
27519 49371
27519 48681
27521 16817
27521 27923
27523 1920
27523 27522
27525 7928
27525 27524
27527 17083
27527 27526
27529 2917
27529 29297
27531 22113
27531 36565
27533 15885
27533 30155
27535 27218
27535 27534
27537 21282
27537 27536
27539 47943
27539 41394
27541 16406
27541 27540
27543 7141
27543 27542
27545 9138
27545 47347
27547 20965
27547 27546
27549 7660
27549 29027
27551 9352
27551 41452
27553 681
27553 27552
27555 10537
27555 27617
27557 14381
27557 27556
27559 14204
27559 30284
27561 847
27561 27560
27563 22853
27563 27763
27565 22090
27565 35635
27567 16534
27567 27566
27569 22271
27569 28409
27571 36615
27571 27570
27573 10082
27573 27572
27575 21067
27575 27574
27577 20946
27577 49145
27579 10385
27579 27578
27581 47251
27581 27580
27583 40688
27583 48737
27585 25
27585 27584
27587 28323
27587 34817
27589 42432
27591 8993
27591 27590
27593 47319
27593 27592
27595 40656
27595 27594
27597 15698
27597 27596
27599 2097
27599 27598
27601 1077
27601 27600
27603 3182
27603 27602
27605 21526
27605 43112
27607 21037
27607 33512
27609 15031
27609 27608
27611 15304
27611 48203
27613 35237
27613 36823
27615 9055
27615 27614
27617 34305
27617 27616
27619 1765
27619 27618
27621 34141
27621 27620
27623 47763
27623 27622
27625 2871
27625 41500
27627 14895
27627 27626
27629 29735
27629 47331
27631 2357
27631 27630
27633 13757
27633 27632
27635 16014
27635 27634
27637 20737
27637 27636
27639 27901
27639 43419
27641 20860
27641 36675
27643 22196
27643 27642
27645 34339
27645 27644
27647 14382
27647 27646
27649 1141
27649 27648
27651 7457
27651 27650
27653 21598
27653 33901
27655 1819
27655 27654
27657 9741
27657 30345
27659 30285
27659 27658
27661 35191
27661 27660
27663 21346
27663 27662
27665 784
27665 27664
27667 20798
27667 36499
27669 15514
27669 36453
27671 10071
27671 27670
27673 22038
27673 27672
27675 257
27675 29035
27677 21747
27677 27676
27679 2352
27679 42100
27681 3231
27681 27680
27683 14267
27683 35109
27685 20836
27685 27684
27687 27695
27687 27686
27689 763
27689 27688
27693 15877
27693 27692
27695 10443
27695 27694
27697 9232
27697 27696
27699 23264
27699 27698
27701 21698
27701 29445
27703 28651
27703 27702
27705 1728
27705 29013
27707 16071
27707 36023
27709 3308
27709 28719
27711 21555
27711 47719
27713 20433
27713 27712
27715 23250
27715 28725
27717 9515
27717 27716
27719 14986
27719 27718
27721 16732
27721 27720
27723 21370
27723 27722
27725 21404
27725 29577
27727 48209
27727 27726
27729 23449
27729 30292
27731 17201
27733 1706
27733 47221
27735 35483
27735 27734
27737 21100
27737 35705
27739 22442
27739 35907
27741 14898
27741 27740
27743 10056
27743 46841
27745 10202
27745 27744
27747 20431
27747 35025
27749 27748
27751 23515
27751 27750
27753 14200
27753 27752
27755 2637
27755 41368
27757 9906
27757 42540
27759 1271
27759 43156
27761 46809
27761 27760
27763 40462
27763 27762
27765 23085
27765 27764
27767 9031
27767 47067
27769 14166
27769 27768
27771 21981
27771 35291
27773 15423
27773 46662
27775 7969
27775 27774
27777 16244
27777 27776
27779 35591
27779 34565
27781 41080
27781 30287
27783 203
27783 27782
27785 28251
27785 27784
27787 8584
27787 42824
27789 21950
27789 27788
27791 27334
27791 35345
27793 9604
27793 27792
27795 13777
27795 27794
27797 22371
27797 27796
27799 7167
27799 27798
27801 8953
27801 27800
27803 1410
27803 42430
27805 48773
27805 27804
27807 22538
27807 27806
27809 29733
27811 47187
27813 1086
27813 46805
27815 981
27815 27814
27817 8567
27819 14122
27819 27818
27821 10158
27821 49219
27823 1874
27823 27822
27825 20424
27825 27824
27827 13756
27827 40710
27829 16771
27829 28067
27831 15741
27831 27830
27833 845
27833 27832
27835 3445
27835 27834
27837 20828
27837 27836
27839 15891
27839 29889
27841 7730
27841 27840
27843 49279
27843 27842
27845 16645
27845 43038
27847 35089
27847 27846
27849 16955
27849 34601
27851 1119
27851 27850
27853 35533
27855 23783
27855 27854
27857 29019
27857 27856
27859 16737
27861 36827
27861 30207
27863 24
27863 27862
27865 22242
27865 36619
27867 14769
27867 41120
27869 1615
27869 27868
27871 8379
27871 34853
27873 3795
27873 27872
27875 49217
27877 14818
27877 27876
27879 9042
27879 27878
27881 21121
27881 27880
27883 20437
27883 27882
27885 16512
27885 27884
27887 48631
27887 28621
27889 34079
27889 27888
27891 23453
27891 27890
27893 15262
27893 27892
27895 10363
27895 27894
27897 2508
27897 29433
27899 48815
27899 27898
27901 3700
27901 28459
27903 34267
27903 27902
27905 21364
27907 9497
27907 27906
27909 22334
27909 27908
27911 15839
27911 27910
27913 35101
27915 29707
27915 27914
27917 27407
27917 29259
27919 35171
27919 42334
27921 7626
27921 34827
27923 27520
27923 27922
27925 8255
27925 36085
27927 15353
27927 27926
27929 404
27929 27928
27931 9943
27931 27930
27933 22957
27935 10091
27935 27934
27937 3151
27937 27936
27939 40364
27939 41994
27941 21021
27943 2740
27943 28095
27945 21686
27945 27944
27947 8453
27947 49041
27949 23415
27949 27948
27951 46915
27951 42810
27953 15739
27953 35731
27955 17166
27955 27954
27957 7606
27957 27956
27959 42310
27959 34957
27961 27252
27961 27960
27963 750
27963 27962
27965 15058
27965 33841
27967 2775
27967 27966
27969 34295
27969 27968
27971 27290
27971 27970
27973 7479
27973 27972
27975 9321
27975 27974
27977 16596
27977 27976
27979 3479
27979 27978
27981 41604
27981 30280
27983 8101
27983 47159
27985 16304
27985 27984
27987 21980
27987 27986
27989 22349
27989 27988
27991 16807
27991 27990
27993 8883
27993 43402
27995 36799
27995 30286
27997 28851
27997 47433
27999 7094
27999 27998
28001 40910
28001 28000
28003 36027
28003 28002
28005 33831
28005 28004
28007 30093
28007 28006
28009 28008
28011 28147
28011 28010
28013 3695
28013 28012
28015 15455
28015 28014
28017 9821
28019 839
28019 28603
28021 41892
28021 28020
28023 42354
28023 34661
28025 29373
28025 28024
28027 911
28027 28026
28029 16233
28029 28028
28031 16890
28031 28030
28033 9619
28033 28032
28035 28711
28035 40504
28037 27065
28037 28036
28039 28757
28039 28038
28041 9009
28043 34167
28043 35383
28045 48307
28045 28044
28047 46632
28047 33507
28049 20574
28049 49135
28051 36331
28053 900
28053 29729
28055 3322
28055 28054
28057 7920
28057 28056
28059 28889
28059 28058
28061 40718
28063 14719
28063 28062
28065 20789
28065 28064
28067 27828
28067 28583
28069 21279
28069 28068
28071 47973
28071 40450
28073 28747
28075 9246
28075 30197
28077 36471
28077 49585
28079 27963
28079 28078
28081 15695
28081 28080
28083 16559
28083 41786
28085 14918
28085 28084
28087 1132
28087 42964
28089 1602
28089 28088
28091 21643
28091 28090
28093 15407
28093 28092
28095 27942
28095 28094
28097 3283
28097 28096
28099 22837
28099 28098
28101 1656
28101 33979
28103 16756
28103 35961
28105 48223
28105 28104
28107 49149
28107 28106
28109 8487
28109 28108
28111 1474
28111 28110
28113 14865
28113 28112
28115 30361
28117 48151
28117 46873
28119 29529
28119 28118
28121 20776
28121 28120
28123 2063
28123 28122
28125 29173
28125 28124
28127 22766
28127 28126
28129 240
28129 28128
28131 21958
28131 29325
28133 36643
28133 28132
28135 17018
28135 28134
28137 41878
28139 9934
28139 28689
28141 1878
28141 28140
28143 40298
28143 28142
28145 42796
28145 47203
28147 3351
28147 28146
28149 48045
28149 28148
28151 3485
28151 28150
28153 29319
28153 30309
28155 242
28155 28154
28157 23659
28157 28156
28159 16826
28159 28158
28161 27772
28161 28160
28163 42186
28163 29647
28165 14935
28165 33671
28167 2393
28167 42790
28169 17034
28169 40684
28171 3475
28171 28170
28173 15750
28173 28172
28175 47391
28175 46813
28177 1358
28177 28176
28179 16714
28179 28178
28181 15175
28181 28371
28183 23034
28183 28182
28185 21111
28185 28184
28187 47467
28187 48989
28189 48583
28189 28188
28191 42996
28191 28190
28193 22492
28193 47199
28195 14468
28197 9578
28197 28196
28199 34439
28199 28198
28201 21874
28201 28200
28203 53126
28203 28202
28205 46863
28207 391
28207 28206
28209 16806
28209 28208
28211 1110
28211 28210
28213 28212
28215 20540
28215 33849
28217 282
28219 2373
28221 23190
28221 29151
28223 22060
28223 43014
28225 14686
28225 28224
28227 29189
28227 33943
28229 29679
28229 28228
28231 8320
28231 28230
28233 33609
28235 17167
28235 41224
28237 3103
28237 28236
28239 35083
28241 312
28241 29073
28243 7621
28243 28242
28245 8201
28245 28244
28247 36075
28247 28246
28249 22584
28249 35393
28251 14453
28251 28250
28253 16498
28253 28252
28255 20913
28255 28254
28257 30053
28257 28256
28259 28843
28259 33601
28261 33791
28261 36013
28263 10102
28265 3114
28267 49019
28267 28266
28269 7633
28269 28268
28271 29655
28271 33793
28273 33903
28273 28272
28275 1580
28275 34805
28277 22364
28277 28276
28279 2329
28279 28278
28281 353
28281 48041
28283 8435
28283 28282
28285 42306
28285 34797
28287 7904
28287 28539
28289 14325
28289 28288
28291 14035
28291 28290
28293 8124
28293 28929
28295 21646
28295 29917
28297 8677
28297 28296
28299 13971
28299 43400
28301 3425
28301 28300
28303 33611
28305 1933
28305 28304
28307 21150
28307 29415
28309 34755
28309 36663
28311 22352
28311 28310
28313 42054
28313 28312
28315 17142
28315 28314
28317 1790
28317 42028
28319 16469
28319 28318
28321 10299
28321 41614
28323 16905
28323 28322
28325 36151
28325 28324
28327 23065
28327 42252
28329 46811
28329 28328
28331 15179
28331 28330
28333 9105
28333 28332
28335 8323
28335 41208
28337 22436
28337 28336
28339 9795
28339 28338
28341 33719
28341 29017
28343 15894
28343 28342
28345 9201
28345 29785
28347 3682
28347 28346
28349 28815
28349 28348
28351 13786
28351 28350
28353 7317
28353 28352
28355 33527
28355 29423
28357 9288
28357 28356
28359 29947
28359 28358
28361 13926
28361 28360
28363 417
28363 28362
28365 48511
28365 28364
28367 46637
28367 28366
28369 28368
28371 28180
28371 28370
28373 7473
28373 28372
28375 16300
28375 28374
28377 14738
28379 22418
28379 42792
28381 15427
28381 30183
28383 3369
28383 28382
28385 1175
28385 46572
28387 23490
28387 28386
28389 16291
28389 28388
28391 13914
28391 28390
28393 49769
28393 28392
28395 42662
28395 28394
28397 671
28397 28396
28399 17178
28399 49755
28401 48331
28401 28400
28403 41916
28403 40392
28405 1848
28405 28404
28407 29657
28409 27568
28409 28408
28411 21888
28411 41176
28413 22185
28415 1183
28415 28414
28417 21084
28417 28627
28419 29455
28421 28509
28421 28420
28423 42046
28423 28422
28425 324
28425 28424
28427 40990
28427 41532
28429 46755
28429 28428
28431 15908
28431 28430
28433 27474
28433 29687
28435 15979
28435 34377
28437 23316
28437 28436
28439 48379
28439 28438
28441 919
28441 28440
28443 22902
28445 13792
28445 28444
28447 15671
28447 47407
28449 34343
28449 36821
28451 1647
28451 28450
28453 2969
28453 28452
28455 21306
28455 42578
28457 15524
28457 28456
28459 27900
28459 28458
28461 49383
28461 28460
28463 16502
28463 28462
28465 16160
28465 28464
28467 8682
28467 28466
28469 7820
28469 34705
28471 9404
28471 49745
28473 8970
28473 30351
28475 22908
28475 41258
28477 16993
28477 34639
28479 34637
28479 28478
28481 79
28481 28480
28483 41590
28483 28482
28485 7835
28485 28484
28487 30371
28489 15312
28489 28721
28491 9053
28491 28490
28493 28492
28495 16910
28495 28494
28497 8720
28497 28496
28499 22579
28499 28498
28501 34425
28501 28500
28503 34531
28503 28502
28505 2207
28505 28504
28507 22834
28507 36113
28509 2609
28509 28508
28511 20432
28513 7466
28513 36483
28515 14608
28515 28514
28517 21320
28517 28516
28519 7960
28519 34953
28521 7526
28521 28520
28523 13788
28523 28522
28525 15795
28525 40668
28527 16849
28527 46925
28529 9614
28529 28528
28531 35897
28531 28530
28533 49521
28533 28532
28535 3093
28535 28534
28537 1241
28537 28536
28539 47549
28539 28538
28541 849
28541 28540
28543 41218
28543 28542
28545 2838
28545 47783
28547 15325
28547 42840
28549 46815
28549 34213
28551 22314
28551 29663
28553 315
28553 28552
28555 14373
28555 48549
28557 35285
28557 28556
28559 43408
28559 28558
28561 34407
28561 47613
28563 36135
28563 28562
28565 36561
28565 28564
28567 8884
28567 28566
28569 15000
28569 28568
28571 14509
28571 41618
28573 8165
28573 28572
28575 20340
28577 8825
28577 28576
28579 40380
28579 28578
28581 3680
28581 28580
28583 28066
28583 28582
28585 3572
28585 28584
28587 14876
28587 28586
28589 3355
28589 40580
28591 16284
28591 28590
28593 412
28593 36117
28595 8992
28595 28594
28597 3755
28597 28596
28599 15672
28599 42342
28601 41306
28601 41296
28603 28018
28603 28602
28605 13816
28605 29323
28607 2798
28607 28606
28609 47491
28609 28608
28611 9778
28611 28610
28613 23000
28613 28612
28615 15391
28615 42798
28617 36377
28617 30317
28619 9495
28619 28618
28621 27886
28621 28620
28623 8864
28623 43396
28625 15292
28625 28624
28627 28416
28627 28626
28629 279
28629 28628
28631 21376
28631 28630
28633 20427
28633 28632
28635 22326
28635 28634
28637 23118
28637 28636
28639 27184
28639 42874
28641 42056
28641 28640
28643 28642
28645 2468
28645 28644
28647 3089
28647 30344
28649 30097
28651 36781
28651 35273
28653 21157
28653 28652
28655 41430
28657 8736
28657 48781
28659 17173
28659 28769
28661 16721
28661 41580
28663 1250
28663 43290
28665 21178
28665 29357
28667 8484
28667 47931
28669 9298
28669 35791
28671 22910
28671 28670
28673 20855
28673 34921
28675 9160
28675 41046
28677 27573
28677 28676
28679 16667
28679 28678
28681 41386
28681 47341
28683 14353
28683 28682
28685 49483
28685 28684
28687 21024
28687 28686
28689 28138
28689 36769
28691 15967
28691 35231
28693 14709
28693 35027
28695 23754
28695 35405
28697 14628
28697 29453
28699 41114
28699 28698
28701 23191
28701 34249
28703 23124
28703 28702
28705 29367
28705 28704
28707 21367
28707 28706
28709 252
28709 28708
28711 29893
28711 28710
28713 22654
28713 29239
28715 14645
28715 28714
28717 9983
28717 28716
28719 30352
28721 28488
28721 28720
28723 7579
28723 28722
28725 29749
28725 28724
28727 8632
28727 36671
28729 9175
28729 49117
28731 41142
28731 28730
28733 3828
28733 28732
28735 21832
28737 30077
28737 28736
28739 35235
28739 28738
28741 21636
28741 28740
28743 8597
28745 7864
28745 41446
28747 9581
28747 28746
28749 8423
28749 28748
28751 9781
28751 28750
28753 731
28753 28752
28755 16956
28755 28833
28757 14349
28757 48397
28759 23388
28761 41490
28761 29105
28763 27706
28763 41854
28765 35177
28765 28764
28767 38
28767 28766
28769 30095
28769 28768
28771 22184
28771 46871
28773 9602
28773 28772
28775 2107
28775 28774
28777 1355
28777 28776
28779 10420
28779 35119
28781 2820
28781 40512
28783 748
28783 35029
28785 10174
28785 28784
28787 36357
28787 29411
28789 35627
28789 28788
28791 23630
28791 28790
28793 41824
28793 28792
28795 3248
28795 28794
28797 2994
28797 28796
28799 14651
28799 28798
28801 17202
28801 47715
28803 8062
28805 722
28805 42702
28807 53055
28807 49269
28809 23777
28809 28808
28811 8318
28813 8336
28813 28812
28815 2586
28815 29763
28817 21665
28817 28816
28819 21300
28819 28818
28821 9519
28821 28820
28823 2184
28823 28822
28825 21509
28825 28824
28827 48659
28827 28826
28829 20328
28829 41334
28831 8059
28831 28830
28833 30322
28833 28837
28835 15102
28835 28834
28837 30185
28837 30316
28839 16023
28839 28838
28841 1252
28841 34077
28843 7302
28843 47617
28845 23794
28845 43204
28847 30376
28849 14929
28849 29285
28851 27516
28851 48883
28853 14202
28853 28852
28855 28162
28855 28854
28857 217
28857 28856
28859 16473
28859 28858
28861 8922
28861 33751
28863 15932
28863 28862
28865 17139
28865 28864
28867 17186
28867 28866
28869 7577
28869 28868
28871 15487
28871 34329
28873 23390
28873 36437
28875 9436
28875 28874
28877 40676
28877 28876
28879 35761
28879 28878
28881 27263
28883 2733
28883 28882
28885 35323
28885 40153
28887 21738
28887 28886
28889 29007
28889 36711
28891 22685
28893 27354
28893 28892
28895 2487
28895 28894
28897 40596
28897 28896
28899 14635
28899 28898
28901 28900
28903 9334
28903 28902
28905 35013
28905 28904
28907 2
28909 35477
28909 28908
28911 9295
28911 28910
28913 3073
28913 28912
28915 43202
28915 28914
28917 9067
28917 28916
28919 42296
28921 14884
28921 28920
28923 8955
28923 28922
28925 14310
28925 28924
28927 9269
28929 28292
28929 35819
28931 43066
28933 16635
28933 35899
28935 23429
28935 28934
28937 21620
28937 28936
28939 28938
28941 41344
28941 36021
28943 2594
28943 43216
28945 10204
28945 35143
28947 22515
28947 35887
28949 23603
28949 28948
28951 21339
28951 28950
28953 14495
28953 33803
28955 49037
28955 28954
28957 1379
28957 28956
28959 14503
28959 42192
28961 22998
28961 28960
28963 48589
28963 41122
28965 7316
28965 28964
28967 23777
28969 7697
28969 35413
28971 2100
28971 28970
28973 1895
28973 28972
28975 41894
28975 28974
28977 28976
28979 21984
28979 28978
28981 14564
28981 28980
28983 35445
28983 28982
28985 23240
28985 28984
28987 21128
28987 41310
28989 47873
28989 28988
28991 14858
28991 28990
28993 13981
28993 28992
28995 49493
28995 36559
28997 10453
28997 28996
28999 23560
28999 33695
29001 49579
29001 29000
29003 8712
29003 35113
29005 15152
29005 29004
29007 9144
29007 29006
29009 41188
29009 29008
29011 27441
29011 29010
29013 36497
29013 29012
29015 15700
29015 29123
29017 30381
29019 40746
29019 49844
29021 20552
29021 29339
29023 10000
29023 29022
29025 20556
29025 29024
29027 27548
29027 29026
29029 16540
29029 43188
29031 8893
29031 29030
29033 23540
29033 29032
29035 36459
29035 29034
29037 43260
29037 29036
29039 7489
29039 29038
29041 399
29041 29040
29043 2966
29043 29042
29045 35991
29045 29044
29047 42906
29047 42434
29049 22646
29049 29048
29051 21899
29051 29050
29053 1915
29053 29052
29055 9424
29055 33815
29057 14484
29057 29056
29059 3788
29059 29058
29061 8828
29061 49703
29063 29062
29065 48653
29065 29064
29067 14910
29067 29066
29069 23509
29069 48895
29071 28592
29071 29070
29073 28240
29073 29072
29075 1224
29075 29074
29077 2482
29077 40120
29079 43090
29079 29078
29081 29080
29083 35239
29083 29082
29085 40756
29085 29084
29087 22144
29087 29086
29089 2178
29089 46849
29091 36599
29091 29090
29093 3820
29093 29092
29095 16820
29095 29094
29097 10533
29097 29096
29099 15846
29099 29098
29101 47829
29101 29100
29103 27344
29103 29102
29105 35279
29105 47475
29107 47085
29107 29106
29109 9698
29109 29108
29111 7382
29111 29110
29113 9472
29113 29112
29115 30143
29115 29114
29117 10523
29117 29116
29119 15029
29119 34345
29121 23171
29121 29120
29123 29014
29123 29122
29125 48461
29125 29124
29127 14904
29127 29126
29129 21541
29129 29128
29131 386
29131 29130
29133 16357
29133 29132
29135 1757
29135 29134
29137 2827
29137 29136
29139 42858
29139 41536
29141 48381
29141 29140
29143 13754
29143 29142
29145 22007
29145 29144
29147 30049
29147 29146
29149 907
29149 29148
29151 34955
29151 29150
29153 8477
29153 29152
29155 27055
29155 48903
29157 944
29157 29156
29159 16078
29159 29158
29161 1662
29161 36469
29163 22698
29163 29803
29165 16174
29165 29164
29167 48931
29167 42580
29169 23769
29169 29168
29171 15901
29171 29170
29173 9959
29173 29172
29175 29174
29177 2911
29177 29176
29179 33821
29181 9327
29181 30277
29183 27278
29183 29182
29185 1672
29185 29184
29187 29949
29187 49201
29189 35659
29189 29188
29191 1946
29191 29190
29193 23180
29193 49675
29195 17205
29195 41234
29197 34481
29197 47805
29199 16837
29199 41882
29201 49079
29201 41746
29203 21167
29203 29202
29205 47111
29205 29204
29207 35967
29207 29206
29209 22307
29209 29208
29211 22562
29211 29210
29213 49349
29213 29212
29215 42064
29215 29214
29217 29216
29219 8684
29221 2146
29221 29220
29223 14329
29223 47733
29225 29224
29227 42536
29227 29226
29229 16092
29229 29228
29231 1285
29231 29230
29233 16549
29233 29232
29235 20912
29235 29234
29237 15629
29237 29737
29239 40610
29239 29238
29241 2228
29241 29240
29243 3065
29243 29242
29245 13804
29245 30275
29247 7351
29247 29246
29249 53120
29249 29248
29251 47195
29251 29250
29253 8732
29253 49663
29255 33729
29255 29254
29257 29256
29259 27916
29259 30320
29261 49669
29261 49183
29263 2035
29263 29262
29265 3230
29265 29264
29267 34809
29267 29266
29269 1315
29269 29268
29271 1540
29271 29270
29273 27943
29273 29272
29275 21972
29275 29274
29277 15028
29277 29276
29279 20865
29279 29278
29281 16899
29281 34165
29283 13927
29283 35331
29285 35233
29285 29284
29287 15371
29287 29286
29289 20536
29289 29288
29291 49365
29291 29290
29293 40712
29293 47101
29295 46573
29295 42066
29297 27528
29297 30268
29299 48821
29301 20825
29301 29300
29303 28287
29305 8117
29305 29304
29307 15294
29307 29306
29309 23136
29309 29308
29311 16359
29311 29310
29313 29312
29315 47127
29315 29314
29317 16203
29317 33807
29319 42934
29321 48521
29321 29320
29323 28604
29323 47135
29325 47241
29325 29324
29327 8931
29327 29326
29329 22228
29329 29328
29331 1831
29331 29330
29333 8077
29333 29332
29335 48403
29335 29334
29337 14552
29337 29336
29339 29020
29339 29681
29341 9953
29341 29340
29343 8958
29343 29342
29345 33619
29345 29344
29347 28511
29347 29346
29349 41408
29349 29348
29351 9402
29351 29350
29353 7603
29353 48579
29355 29965
29355 29354
29357 28664
29357 42302
29359 15044
29359 29358
29361 14031
29361 29360
29363 14588
29363 29362
29365 7957
29365 30043
29367 15319
29367 29366
29369 20982
29369 35933
29371 1265
29371 29370
29373 2837
29373 29372
29375 8878
29375 36265
29377 8610
29377 29376
29379 3363
29379 29378
29381 1143
29381 29380
29383 9711
29383 29382
29385 22615
29385 29384
29387 22207
29387 29386
29389 14753
29389 29388
29391 36695
29391 29390
29393 13824
29393 29392
29395 8775
29395 42378
29397 8847
29397 30273
29399 16279
29399 29398
29401 21254
29401 29400
29403 1825
29403 29402
29405 16861
29405 36703
29407 2625
29407 29406
29409 23568
29409 29408
29411 29921
29411 29410
29413 8488
29413 34409
29415 47439
29415 29414
29417 27236
29417 29416
29419 3378
29419 41326
29421 268
29421 47611
29423 48247
29425 782
29425 34709
29427 1587
29427 29426
29429 36831
29429 33677
29431 29619
29431 29430
29433 27896
29433 29432
29435 1356
29435 29434
29437 20992
29437 29436
29439 16310
29439 29438
29441 14906
29441 41976
29443 14992
29443 29442
29445 27700
29445 42886
29447 14319
29447 30373
29449 48555
29449 29448
29451 8232
29451 29450
29453 49157
29453 29452
29455 10240
29455 29454
29457 15865
29457 29456
29459 20538
29459 29458
29461 2346
29461 29460
29463 23617
29463 29462
29465 8727
29465 29464
29467 3043
29467 29466
29469 2684
29469 42936
29471 15714
29471 29470
29473 1288
29473 49623
29475 43424
29475 29474
29477 28072
29477 29476
29479 14149
29479 29478
29481 49309
29481 29480
29483 34611
29483 29482
29485 10425
29485 29484
29487 1109
29487 29486
29489 7498
29489 29488
29491 29369
29491 29490
29493 23115
29493 29492
29495 35935
29495 36039
29497 1817
29497 29496
29499 16429
29499 29498
29501 2201
29501 29500
29503 23608
29503 42716
29505 40048
29505 42294
29507 30386
29509 1735
29509 29508
29511 8495
29511 40722
29513 1681
29513 29512
29515 7733
29515 29514
29517 49465
29517 29516
29519 23368
29519 35611
29521 1421
29521 29520
29523 42700
29523 29522
29525 3243
29525 29524
29527 47055
29527 29526
29529 22142
29529 29528
29531 2287
29531 29530
29533 23754
29533 29532
29535 41936
29535 29534
29537 8527
29537 49854
29539 3039
29539 48747
29541 23538
29541 29540
29543 35857
29543 29542
29545 30145
29545 29544
29547 10173
29547 29546
29549 22980
29549 29548
29551 41022
29551 29550
29553 16314
29553 29552
29555 27281
29555 29554
29557 29639
29557 53045
29559 1424
29559 29558
29561 3848
29561 29560
29563 21003
29563 42492
29565 41582
29565 29564
29567 14794
29567 29566
29569 14815
29571 36243
29571 29570
29573 27727
29573 29572
29575 29413
29577 34021
29577 29576
29579 21792
29579 41402
29581 14384
29581 29580
29583 16046
29583 29582
29585 22775
29585 34243
29587 1354
29587 29586
29589 23446
29589 40982
29591 21349
29593 1689
29593 29592
29595 34365
29595 29594
29597 29596
29599 16010
29599 29598
29601 36629
29601 29600
29603 34773
29603 29602
29605 34043
29605 29604
29607 23313
29607 29606
29609 2792
29609 34241
29611 10510
29611 29610
29613 1254
29613 48109
29615 1527
29615 49711
29617 23585
29617 29616
29619 2920
29619 29618
29621 23635
29621 29620
29623 1094
29623 29622
29625 2797
29625 29624
29627 8752
29627 47437
29629 1173
29629 29628
29631 8179
29631 29630
29633 15081
29633 40934
29635 13808
29637 27303
29637 29636
29639 23784
29639 29638
29641 2776
29641 29867
29643 2924
29643 29642
29645 10300
29645 29644
29647 28855
29647 29646
29649 28340
29649 29648
29651 41148
29653 29652
29655 14803
29655 30147
29657 29656
29659 1323
29659 29658
29661 28161
29661 29660
29663 42266
29663 40510
29665 13964
29665 29664
29667 14771
29667 29666
29669 16612
29669 29668
29671 2747
29671 29670
29673 20550
29673 29925
29675 49741
29675 29674
29677 16387
29677 29676
29679 8804
29679 29678
29681 29338
29681 29680
29683 9233
29683 29682
29685 14127
29685 48891
29687 47721
29687 42584
29689 1497
29689 29688
29691 27367
29691 29690
29693 1811
29693 29692
29695 9889
29695 29694
29697 2600
29697 47821
29699 15775
29699 29698
29701 14568
29701 48845
29703 7464
29703 29702
29705 35465
29705 29704
29707 13898
29707 29706
29709 7805
29709 29708
29711 15551
29711 35037
29713 7560
29713 29712
29715 15619
29715 29714
29717 40560
29717 29716
29719 22876
29719 29718
29721 892
29721 29720
29723 42408
29725 23792
29727 7411
29727 29726
29729 28052
29729 47165
29731 42652
29731 29730
29733 15181
29733 47819
29735 2429
29735 29734
29737 40762
29737 47121
29739 41920
29739 29738
29741 2970
29741 42958
29743 21354
29743 29742
29745 7541
29747 9187
29747 29746
29749 27714
29749 40400
29751 1233
29751 29750
29753 3311
29753 29752
29755 49685
29755 47879
29757 49531
29757 29756
29759 7437
29759 29758
29761 41300
29761 29760
29763 28814
29763 29762
29765 49023
29765 29764
29767 3657
29767 29766
29769 9182
29769 29768
29771 14860
29771 29770
29773 17146
29775 8029
29775 30131
29777 10097
29777 29776
29779 17074
29779 29778
29781 2997
29781 41514
29783 41270
29783 29782
29785 28344
29785 34403
29787 40502
29787 29786
29789 21998
29789 29788
29791 14419
29791 30133
29793 15463
29793 29792
29795 1917
29795 29794
29797 22556
29797 29796
29799 35833
29799 29798
29801 23015
29803 29162
29803 33853
29805 817
29805 29804
29807 21630
29807 29806
29809 34951
29809 29808
29811 41682
29811 42234
29813 48667
29815 1980
29815 41864
29817 9803
29817 29816
29819 34775
29819 29818
29821 15590
29821 29820
29823 22240
29823 29822
29825 9149
29825 29824
29827 13819
29827 29826
29829 27274
29829 29828
29831 22451
29831 29830
29833 20438
29833 40906
29835 7704
29835 29834
29837 16819
29837 29836
29839 43393
29839 29838
29841 41972
29841 29840
29843 42952
29843 47647
29845 1868
29845 35341
29847 16336
29847 29846
29849 16002
29849 29848
29851 9766
29851 49327
29853 40276
29855 27492
29855 29854
29857 49015
29857 46997
29859 23445
29859 29858
29861 9762
29861 29860
29863 3095
29863 29862
29865 35155
29865 29864
29867 29640
29867 29866
29869 8134
29869 48409
29871 15114
29871 48649
29873 34495
29873 29872
29875 30085
29875 29874
29877 15288
29877 29876
29879 3056
29879 29878
29881 21627
29881 29880
29883 1751
29883 36613
29885 42486
29885 49025
29887 3509
29887 29886
29889 35447
29889 48283
29891 674
29891 29890
29893 7540
29893 29892
29895 8791
29895 29894
29897 3553
29897 29896
29899 2269
29899 29898
29901 2638
29903 876
29903 29902
29905 34367
29905 29904
29907 34471
29907 29906
29909 3012
29909 29908
29911 220
29911 29910
29913 8653
29913 29912
29915 20430
29915 49717
29917 28294
29917 47097
29919 21961
29919 29918
29921 28786
29921 29920
29923 16889
29923 29922
29925 29672
29925 29924
29927 49813
29927 42038
29929 1923
29929 29928
29931 1717
29931 29930
29933 2788
29933 29932
29935 22890
29935 49091
29937 8853
29937 29936
29939 228
29939 29938
29941 1944
29941 29940
29943 27885
29943 36899
29945 16145
29945 42372
29947 13755
29947 29946
29949 9772
29949 29948
29951 8762
29951 29987
29953 1609
29953 29952
29955 22114
29955 29954
29957 1414
29957 29956
29959 47279
29959 29958
29961 21113
29961 29960
29963 3076
29963 34429
29965 14397
29965 47441
29967 927
29967 29966
29969 29412
29969 34647
29971 27715
29971 29970
29973 2893
29973 29972
29975 7134
29975 29974
29977 16032
29979 43060
29979 29978
29981 9130
29981 29980
29983 1446
29983 29982
29985 991
29985 29984
29987 29950
29987 36545
29989 2173
29989 29988
29991 1221
29991 29990
29993 1247
29993 29992
29995 21345
29995 29994
29997 8346
29997 42962
29999 740
29999 29998
30001 17193
30001 30000
30003 21448
30003 30002
30005 27360
30005 30004
30007 42130
30007 30157
30009 35499
30009 30008
30011 36607
30011 30010
30013 15709
30013 34979
30015 15091
30015 30014
30017 7507
30017 47881
30019 36900
30019 30018
30021 21442
30021 30020
30023 8246
30023 30022
30025 23205
30025 30024
30027 3511
30027 30026
30029 13783
30029 30028
30031 8384
30031 42142
30033 42196
30033 30032
30035 1202
30035 30034
30037 16043
30037 30036
30039 21318
30039 30038
30041 16060
30041 30040
30043 29364
30043 35461
30045 16706
30045 30044
30047 3422
30047 30046
30049 938
30049 30048
30051 20530
30051 35707
30053 35947
30053 30052
30055 22432
30055 35427
30057 8102
30057 36143
30059 363
30059 30058
30061 9090
30061 30060
30063 22480
30063 30279
30065 2738
30065 35421
30067 1539
30067 47299
30069 22239
30069 34415
30071 21944
30071 30070
30073 15799
30073 30072
30075 9157
30075 35031
30077 28248
30077 30076
30079 21930
30079 35215
30081 912
30081 30080
30083 8311
30083 30082
30085 10185
30085 30084
30087 14151
30087 30086
30089 30088
30091 1578
30091 36633
30093 1606
30093 36089
30095 28658
30095 30094
30097 14140
30097 34781
30099 9307
30099 30098
30101 8492
30101 30100
30103 40618
30103 48079
30105 49689
30105 30104
30107 15618
30107 30106
30109 15219
30109 30108
30111 80
30111 30110
30113 14033
30113 30112
30115 7311
30115 30114
30117 16410
30117 30116
30119 16687
30121 8575
30121 30120
30123 1490
30123 30122
30125 8367
30125 49469
30127 20933
30127 30126
30129 48289
30129 30128
30131 29774
30131 47037
30133 33603
30133 30132
30135 49359
30135 30134
30137 419
30137 30136
30139 2712
30139 43124
30141 41896
30143 3200
30143 30142
30145 22342
30145 42994
30147 29654
30147 30177
30149 22509
30149 30148
30151 28060
30151 30150
30153 22896
30153 30152
30155 27532
30155 47415
30157 30006
30157 35675
30159 21778
30159 30158
30161 23572
30161 30160
30163 27719
30163 30162
30165 7763
30165 30164
30167 29835
30167 30166
30169 20597
30169 30168
30171 14707
30171 41376
30173 14797
30175 8047
30175 30174
30177 47249
30177 48105
30179 15183
30179 48671
30181 9815
30181 35839
30183 42908
30183 30182
30185 28832
30187 9101
30187 41484
30189 48615
30189 30188
30191 16251
30191 30190
30193 3853
30193 30192
30195 667
30195 43022
30197 28074
30197 43148
30199 14834
30199 30198
30201 22046
30201 41018
30203 14045
30203 30202
30205 7836
30205 30204
30207 36463
30207 30354
30209 49859
30209 49345
30211 3633
30211 30210
30213 14598
30213 30212
30215 9054
30215 34019
30217 30379
30219 9041
30219 30218
30221 8
30221 49291
30223 27386
30223 30222
30225 16031
30225 47383
30227 10501
30227 30226
30229 14161
30229 30228
30231 9304
30231 30230
30233 16220
30233 30232
30235 49431
30235 47447
30237 9188
30237 46877
30239 40394
30239 30238
30241 2264
30241 30240
30243 14802
30243 30242
30245 22420
30245 49691
30247 33673
30247 36813
30249 22403
30249 30248
30251 30250
30253 9498
30253 42036
30255 1058
30255 30254
30257 1176
30257 30256
30259 33621
30259 30258
30261 48553
30263 3733
30263 30262
30265 29747
30265 49739
30266 27180
30266 36225
30267 28616
30267 7167
30268 7703
30269 34255
30269 798
30270 2663
30270 2598
30271 27056
30271 22623
30272 27758
30272 8746
30273 34201
30273 8846
30274 16968
30274 9046
30275 920
30276 3783
30276 742
30277 48917
30277 9326
30278 15012
30278 7282
30279 41876
30279 2624
30280 42344
30280 7484
30281 22015
30281 35835
30282 17049
30282 14302
30283 36896
30284 20966
30285 17190
30285 14577
30286 14440
30287 27780
30287 16001
30288 1129
30288 20634
30289 28245
30289 3324
30290 41324
30290 8982
30291 21401
30291 36105
30292 30353
30293 10504
30293 20838
30294 671
30294 21582
30295 21655
30295 21628
30296 46645
30296 47269
30297 35343
30297 23602
30298 1529
30299 2247
30300 7093
30300 34969
30301 9502
30302 35577
30302 30383
30303 23510
30303 392
30304 14494
30304 34927
30305 3192
30305 15334
30306 3566
30306 48465
30307 2214
30307 30217
30308 327
30308 28930
30309 49733
30310 21472
30311 16885
30311 35801
30312 35779
30312 29634
30313 34059
30314 3691
30314 34107
30315 43343
30315 30318
30316 34053
30317 30267
30317 20760
30318 36717
30319 3803
30319 30269
30320 30297
30320 27406
30321 30290
30321 30260
30322 28754
30322 49403
30323 3913
30323 4776
30324 4141
30324 38935
30325 45243
30325 4104
30326 24051
30326 10952
30327 39455
30327 11164
30328 31798
30328 12512
30329 6937
30329 11634
30330 26117
30330 4202
30331 32218
30331 5220
30332 27132
30332 26433
30333 18119
30333 26181
30334 20501
30334 18635
30335 45989
30335 6108
30336 11280
30336 38571
30337 30343
30337 25589
30338 17922
30338 6330
30339 19700
30339 5272
30340 24017
30340 10780
30341 52861
30341 5652
30342 26025
30342 10858
30343 13618
30343 37789
30344 28646
27196 48285
30345 27656
27270 30345
30346 23507
27272 30346
30347 27428
27332 30347
30348 21439
27404 36485
30349 33599
30350 1900
30351 43002
27690 33617
30352 28718
27708 30352
30353 49027
30354 30206
27808 30354
30355 14676
27816 30355
30356 49417
27858 30356
30357 9098
27904 30357
30358 36611
27940 30358
30359 36709
27994 33789
30360 30154
28050 30360
30361 3579
28114 30361
30362 33927
28152 30362
30363 28958
28204 34263
30364 15229
28218 30364
30365 8859
30366 29843
28262 49587
30367 2271
30368 28762
28376 36059
30369 47751
28406 47981
30370 29728
28412 30370
30371 7327
28486 30371
30372 9369
28574 30372
30373 29446
28734 34539
30374 8596
30375 15289
28802 34047
30376 3201
28846 30376
30377 29696
28890 46845
30378 8739
28906 30378
30379 30216
28918 30379
30380 5
28926 30380
30381 33618
30382 9514
29218 49021
30383 34323
29244 48921
30384 21445
29296 42456
30385 15921
29302 35685
30386 16658
29506 30386
30387 21504
29568 49265
30388 42508
29744 41498
30389 15297
29772 30389
30390 2580
29800 30390
30392 30391
30394 11437
30394 30393
30396 17272
30396 32418
30398 6023
30398 30397
30400 18753
30400 30399
30402 17322
30402 33573
30404 40083
30404 32724
30406 11602
30406 32098
30408 30407
30410 12855
30410 39681
30412 11997
30412 30411
30414 18551
30414 32722
30416 17554
30416 30415
30418 26098
30418 33296
30420 6026
30420 30419
30422 7059
30422 30421
30424 43833
30424 45491
30426 13853
30426 30425
30428 24915
30428 33324
30430 13585
30430 30429
30432 25928
30432 31428
30434 7068
30434 30433
30436 4268
30436 38015
30438 52005
30438 44451
30440 38053
30440 30439
30442 30788
30442 30441
30444 46539
30444 30443
30446 45217
30448 52995
30450 11312
30450 30449
30452 32508
30452 30451
30454 17563
30454 30453
30456 12544
30456 51049
30458 30982
30458 30457
30460 11494
30460 32782
30462 12258
30462 30461
30464 17834
30464 30463
30466 18763
30466 30465
30468 36945
30468 30467
30470 44891
30470 30469
30472 13199
30472 33550
30474 11457
30474 30473
30476 27134
30476 30475
30478 30477
30480 17340
30480 30479
30482 5621
30482 30481
30484 27131
30484 32208
30486 17606
30486 30485
30488 18521
30488 30530
30490 36973
30490 30489
30492 52819
30492 30491
30494 25214
30494 37595
30496 6356
30496 30495
30498 11456
30498 38749
30500 5716
30500 31686
30502 4256
30502 44745
30504 31180
30506 5295
30506 30505
30508 30507
30510 13137
30510 30728
30512 26177
30512 32132
30514 31952
30514 30513
30516 24251
30516 30515
30518 11379
30518 30517
30520 12548
30520 30519
30522 31834
30522 30521
30524 46141
30524 30523
30526 6923
30526 30525
30528 6247
30528 30527
30530 37613
30530 36929
30532 26715
30532 30531
30534 4134
30534 50769
30536 10628
30536 30535
30538 4489
30538 30830
30540 39121
30540 30539
30542 12955
30542 30541
30544 17657
30544 37329
30546 37857
30546 33531
30548 39935
30548 30547
30550 19837
30550 30549
30552 33595
30552 39117
30554 30950
30554 30553
30556 6600
30556 52585
30558 678
30558 30557
30560 11774
30560 30559
30562 10814
30562 30561
30564 13633
30564 30563
30566 50323
30566 30565
30568 24890
30568 30567
30570 26223
30570 30569
30572 19253
30572 30571
30574 32596
30574 30573
30576 17733
30576 30575
30578 25314
30578 30577
30580 20254
30580 31600
30582 24801
30582 30581
30584 4215
30584 30583
30586 6965
30586 30585
30588 13594
30588 45507
30590 37575
30590 30589
30592 45291
30592 30591
30594 38089
30594 30593
30596 17777
30596 30595
30598 4571
30598 30597
30600 45975
30600 30599
30602 432
30602 30601
30604 44937
30604 30603
30606 44595
30606 30605
30608 17565
30608 30607
30610 39329
30610 30609
30612 26214
30612 30611
30614 18957
30614 30613
30616 5065
30616 30615
30618 6366
30618 30617
30620 4779
30620 30619
30622 663
30622 30621
30624 24937
30624 33434
30626 26392
30626 30625
30628 24500
30628 30627
30630 24899
30630 30629
30632 11786
30632 30631
30634 6253
30634 30633
30636 19235
30636 37545
30638 26761
30638 30637
30640 31936
30640 30639
30642 25475
30642 38625
30644 6780
30644 31906
30646 31144
30646 38051
30648 38283
30648 37607
30650 24237
30650 30649
30652 12896
30652 30651
30654 50731
30654 37999
30656 19072
30656 30655
30658 52661
30658 30657
30660 24748
30660 44537
30662 13260
30662 31730
30664 11396
30664 30663
30666 38681
30666 30665
30668 11342
30668 30667
30670 43777
30672 4999
30672 30671
30674 32358
30674 30778
30676 10834
30676 46015
30678 26156
30678 51661
30680 7192
30680 30679
30682 6941
30682 30681
30684 25293
30684 30683
30686 31464
30686 38149
30688 44029
30688 30687
30690 51791
30690 30689
30692 4538
30692 45523
30694 6283
30694 30693
30696 4854
30696 38915
30698 4773
30698 30697
30700 5028
30700 30699
30702 6811
30702 30701
30704 6423
30704 30703
30706 6317
30706 30705
30708 38745
30708 30707
30710 5066
30710 30709
30712 4991
30712 30711
30714 33294
30714 30713
30716 37591
30716 30715
30718 17275
30718 30717
30720 26398
30720 45739
30722 25165
30722 30721
30724 5505
30724 39685
30726 4494
30726 33414
30728 30509
30728 30727
30730 17875
30730 52107
30732 11146
30732 30731
30734 19959
30734 30733
30736 25869
30736 30735
30738 19867
30738 30737
30740 18469
30740 39617
30742 44699
30742 44673
30744 19451
30744 30743
30746 6652
30746 38929
30748 12994
30748 38969
30750 26235
30750 30749
30752 26062
30752 51187
30754 139
30754 30753
30756 45973
30756 30755
30758 4081
30758 33532
30760 32532
30760 30759
30762 10483
30762 30761
30764 24261
30764 30763
30766 6925
30766 30765
30768 32448
30768 30767
30770 13035
30772 44101
30772 30771
30776 6447
30776 33559
30778 30673
30778 30777
30780 4859
30780 30779
30782 6581
30782 43815
30784 640
30784 30783
30786 12455
30786 30785
30788 5182
30788 33360
30790 5936
30790 30789
30792 37327
30792 44899
30794 32540
30794 30793
30796 18256
30796 30795
30798 24264
30798 30797
30800 25492
30800 30799
30802 4578
30802 32864
30804 18083
30804 30803
30806 38181
30806 30805
30808 44877
30810 31096
30810 30809
30812 31476
30812 30811
30814 19378
30814 30813
30816 11777
30816 30815
30818 18008
30818 30817
30820 7177
30820 31422
30822 25918
30822 32426
30824 18137
30824 30823
30826 24796
30828 25787
30828 33546
30830 30537
30830 30829
30832 13856
30832 32108
30834 38537
30834 30833
30836 11207
30836 38353
30838 25736
30838 30837
30840 12251
30840 30839
30842 18760
30842 30841
30844 26765
30844 39053
30846 25347
30846 30845
30848 49869
30848 52287
30850 4519
30850 51027
30852 50949
30852 52309
30854 12820
30854 51711
30856 19821
30856 30855
30858 4910
30858 30857
30860 27105
30860 30859
30862 4661
30862 30861
30864 24597
30864 30863
30866 4249
30866 30865
30868 19828
30868 30867
30870 26254
30870 38321
30872 5955
30872 30871
30874 38123
30874 30873
30876 507
30876 30875
30878 11401
30878 30877
30880 37633
30880 30879
30882 45057
30882 30881
30884 24430
30884 30883
30886 4033
30886 30885
30888 6679
30888 30887
30890 7233
30890 30889
30892 7194
30892 30891
30894 19347
30894 32944
30896 17362
30896 30895
30898 18934
30898 30897
30900 26692
30900 38313
30902 27081
30902 30901
30904 31610
30904 30903
30906 20294
30906 30905
30908 38449
30908 45269
30910 23854
30910 32376
30912 17327
30912 30911
30914 6668
30914 45401
30916 11900
30916 30915
30918 39137
30918 30917
30920 6176
30920 30919
30922 25922
30922 38971
30924 4917
30924 30923
30926 13840
30926 51963
30928 39227
30928 44031
30930 51033
30930 30929
30932 18770
30932 30931
30934 11681
30934 30933
30936 26780
30938 11270
30938 30937
30940 11883
30940 30939
30942 52939
30942 51243
30944 25268
30944 32178
30946 18592
30946 30945
30948 6727
30948 30947
30950 24908
30950 33454
30952 20261
30952 30951
30954 25672
30954 30953
30956 39615
30956 30955
30958 5291
30958 30957
30960 26732
30962 44619
30962 33545
30964 5820
30964 44257
30966 6016
30966 32390
30968 12981
30968 52609
30970 39789
30970 30969
30972 19707
30972 30971
30974 23933
30974 30973
30976 30980
30976 33542
30978 17572
30978 30977
30980 5194
30980 44091
30982 26888
30982 30981
30984 43769
30984 30983
30986 11563
30986 32742
30988 26082
30988 32470
30990 39821
30990 49991
30992 11967
30992 30991
30994 19681
30994 45471
30996 6373
30996 30995
30998 25265
30998 30997
31000 18122
31000 30999
31002 19321
31002 32490
31004 12811
31004 43799
31006 37983
31008 12529
31008 31007
31010 442
31010 52033
31012 5141
31012 31011
31014 19689
31014 49933
31016 12584
31016 37641
31018 44019
31018 31017
31020 26852
31020 50001
31022 19393
31022 38223
31024 5557
31024 31023
31026 12534
31026 31025
31028 38885
31028 31027
31030 177
31032 49973
31032 50967
31034 17501
31034 37997
31036 4200
31036 50353
31038 25898
31038 31037
31040 39389
31040 31460
31042 19924
31044 45689
31044 50993
31046 4023
31046 31045
31048 6357
31048 31047
31050 38205
31050 53081
31052 33634
31052 31490
31054 19865
31054 31053
31056 5438
31056 46035
31058 4344
31058 31057
31060 25094
31060 39451
31062 12614
31062 31061
31064 44949
31064 31063
31066 5563
31066 38827
31068 26135
31068 31067
31070 33382
31070 31069
31072 17243
31072 31071
31074 18494
31074 31073
31076 11901
31076 31075
31078 30840
31078 52489
31080 5184
31080 31850
31082 52175
31082 31081
31084 12779
31084 31083
31086 11612
31086 31085
31088 39983
31088 44177
31090 25134
31090 31089
31092 4743
31092 31091
31094 18444
31094 31093
31096 33635
31098 11470
31098 38787
31100 51897
31100 31099
31102 11241
31102 31101
31104 25261
31104 31418
31106 5251
31106 31105
31108 5385
31108 31107
31110 37213
31110 31109
31112 3883
31112 31111
31114 12657
31114 31113
31116 18403
31116 31115
31118 19879
31118 45453
31120 10477
31120 50957
31122 25460
31122 31121
31124 18713
31124 31123
31126 18481
31126 31125
31128 6169
31128 31127
31130 46049
31130 31129
31132 5704
31132 32582
31134 40087
31134 33533
31136 25042
31136 31440
31138 12964
31138 31137
31140 4947
31140 31139
31142 6006
31142 32166
31144 24440
31144 51779
31146 11618
31146 38379
31148 13076
31148 31147
31150 31716
31150 31149
31152 26993
31152 31151
31154 17268
31154 31153
31156 4487
31156 31155
31158 12385
31158 31157
31160 5855
31160 31159
31162 19071
31162 31956
31164 24710
31164 31163
31166 13651
31166 31165
31168 7191
31168 31167
31170 39939
31170 44299
31172 31224
31172 32972
31174 19359
31174 52237
31176 18692
31176 31175
31178 20212
31178 31177
31180 30503
31180 39631
31182 26575
31182 33568
31184 13019
31184 31183
31186 4375
31186 31185
31188 4178
31188 31187
31190 3987
31190 31189
31192 30902
31192 39421
31194 52921
31194 32094
31196 6138
31196 39573
31198 13160
31198 31197
31200 5851
31200 31199
31202 6310
31202 52725
31204 7065
31204 31203
31206 30938
31206 31205
31208 6056
31208 31870
31210 12226
31210 31209
31212 6756
31212 31211
31214 26685
31214 52369
31216 4575
31216 31215
31218 12006
31218 31217
31220 6348
31220 31219
31222 51975
31222 31221
31224 10998
31224 39739
31226 5605
31226 33537
31228 10671
31228 31227
31230 17467
31230 31229
31232 13369
31232 31231
31234 13551
31234 31233
31236 38137
31236 31235
31238 4446
31238 45891
31240 5733
31240 31239
31242 31241
31244 20087
31244 45397
31246 52053
31246 33530
31248 31784
31248 32326
31250 12044
31250 31249
31252 37065
31252 31251
31254 6421
31254 31253
31256 11828
31256 31255
31258 13051
31258 31257
31260 17900
31260 31259
31262 4310
31262 31261
31264 20485
31264 31263
31266 3934
31266 31265
31268 4093
31268 31267
31270 18769
31270 32454
31272 13525
31272 39807
31274 4666
31274 38483
31276 18933
31276 31275
31278 11963
31278 33380
31280 51263
31280 31279
31282 10745
31282 31281
31284 19165
31284 39347
31286 43787
31286 31285
31288 11755
31288 31287
31290 6235
31290 38361
31292 43493
31292 31291
31294 31544
31294 31293
31296 6642
31296 52541
31298 38417
31298 31297
31300 25103
31300 31299
31302 17428
31302 31301
31304 18886
31304 50329
31306 5171
31306 31305
31308 5070
31308 32672
31310 4975
31310 31309
31312 4103
31312 46087
31314 12470
31316 4904
31316 50355
31318 17993
31320 11818
31320 31319
31322 36864
31322 33572
31324 26650
31324 51159
31326 5019
31326 31325
31328 5029
31328 31327
31330 3945
31330 31329
31332 24673
31332 31331
31334 26748
31336 24721
31336 31335
31338 25910
31338 31337
31340 25778
31340 31339
31342 18121
31342 31341
31344 43853
31344 31343
31346 19711
31346 31345
31348 25604
31348 52795
31350 13243
31350 31349
31352 36927
31352 32750
31354 18790
31354 31353
31356 19551
31356 31355
31358 45307
31358 31357
31360 12956
31360 31359
31362 6122
31362 31361
31364 44173
31364 51981
31366 24955
31366 31365
31368 25402
31368 31367
31370 4784
31370 38837
31372 20371
31372 31371
31374 13165
31374 31373
31376 5033
31376 31375
31378 24164
31378 31377
31380 18754
31380 31379
31382 158
31382 31381
31384 4798
31384 31383
31386 569
31386 51055
31388 11009
31388 31387
31390 19796
31390 31389
31392 25977
31392 31391
31394 20133
31394 38979
31396 51093
31396 31395
31398 5714
31398 31397
31400 4609
31400 31399
31402 6699
31402 32038
31404 159
31404 31403
31406 4739
31406 31405
31408 32102
31408 31407
31410 19845
31410 31409
31412 4651
31412 31411
31414 25010
31414 31413
31416 5154
31416 31415
31418 31103
31418 31417
31420 13442
31420 31419
31422 30819
31422 31540
31424 4296
31424 38023
31426 37381
31426 31425
31428 46215
31428 31427
31430 38607
31430 31429
31432 13855
31432 32644
31434 12289
31436 25186
31436 31435
31438 5785
31438 31437
31440 33352
31440 33584
31442 30724
31442 45007
31444 25054
31444 31443
31446 17937
31446 31445
31448 39495
31448 31447
31450 10775
31450 31449
31452 44617
31452 31451
31454 3833
31454 31453
31456 37353
31456 31455
31458 11338
31458 31457
31460 31039
31462 12417
31464 19177
31464 31463
31466 31536
31466 44645
31468 6099
31468 31467
31470 45257
31470 31469
31472 24880
31472 32028
31474 12469
31474 31473
31476 18011
31476 31475
31478 51445
31478 31477
31480 6131
31480 31479
31482 17254
31482 31481
31484 11174
31484 50585
31486 5609
31486 31485
31488 12274
31490 31489
31492 4852
31492 31491
31494 5887
31494 31493
31496 26833
31496 31495
31498 26777
31498 31497
31500 33593
31500 33535
31502 39233
31502 31501
31504 53009
31504 31503
31506 19858
31506 32400
31508 13385
31508 31507
31510 45141
31510 31509
31512 25597
31512 52149
31514 45637
31514 31513
31516 43725
31516 31515
31518 26628
31518 31517
31520 24666
31520 31519
31522 24701
31522 31521
31524 6513
31526 31019
31526 45065
31528 7070
31528 31527
31530 3892
31530 38679
31532 4473
31532 31531
31534 19322
31534 31930
31536 12420
31538 13656
31538 31537
31540 31421
31540 31539
31542 19392
31542 40180
31544 19008
31544 31543
31546 5969
31546 31545
31548 4597
31548 31704
31550 12221
31550 31549
31552 18201
31552 52227
31554 30520
31554 31553
31556 44583
31556 38555
31558 32536
31558 31557
31560 26999
31560 31559
31562 7192
31564 51401
31564 31563
31566 37001
31566 31565
31568 11926
31568 31567
31570 10560
31570 31569
31572 51909
31572 31571
31574 17620
31574 31573
31576 10825
31576 31575
31578 5228
31578 52891
31580 52457
31580 50953
31582 52487
31582 31581
31584 6465
31584 31583
31586 38185
31586 31585
31588 26092
31588 31587
31590 33030
31590 37303
31592 7199
31592 31591
31594 52787
31594 31593
31596 37689
31598 46297
31598 31597
31600 31910
31600 40011
31602 4901
31602 31601
31604 38371
31604 31603
31606 5315
31606 31605
31608 23875
31608 31607
31610 38453
31610 31609
31612 25044
31612 31904
31614 52643
31614 31613
31616 23967
31616 31615
31618 11679
31618 31617
31620 25753
31620 31619
31622 4014
31622 31621
31624 5215
31624 45203
31626 36933
31626 31625
31628 52473
31628 31627
31630 20521
31630 31629
31632 12948
31632 31631
31634 25664
31634 31928
31636 33636
31636 31635
31638 26158
31638 31637
31640 18391
31640 31639
31642 30758
31642 31641
31644 37007
31644 43381
31646 26439
31646 31645
31648 12276
31648 33633
31650 25062
31650 31649
31652 50841
31652 31651
31654 19973
31654 31653
31656 19744
31656 31655
31658 31034
31658 31657
31660 25131
31660 39505
31662 25724
31662 38513
31664 19915
31664 31663
31666 26465
31666 31665
31668 5849
31668 31667
31670 10733
31670 39677
31672 31532
31672 31671
31674 39101
31674 31673
31676 24658
31676 31675
31678 50541
31678 31677
31680 11092
31680 31679
31682 50057
31684 30435
31684 31683
31686 33094
31686 45039
31688 50493
31688 44915
31690 39619
31690 40113
31692 11742
31694 17687
31694 50659
31696 18009
31696 44657
31698 24463
31698 31697
31700 26358
31700 31699
31702 38241
31702 31701
31704 53153
31704 32158
31706 17291
31706 32360
31708 11030
31708 33220
31710 18366
31710 31709
31712 5684
31712 31711
31714 26739
31714 31713
31716 12333
31716 31715
31718 26701
31718 31717
31720 18007
31720 33106
31722 13014
31722 33326
31724 11541
31724 31723
31726 39419
31726 51827
31728 43921
31728 31727
31730 39759
31730 31729
31732 5269
31732 31731
31734 474
31734 31733
31736 37727
31736 31735
31738 38075
31738 31737
31740 6832
31740 37549
31742 51491
31742 31741
31744 5580
31744 31743
31746 24869
31746 31745
31748 13399
31748 31747
31750 6518
31750 31749
31752 44921
31752 52385
31754 50797
31754 31753
31756 31590
31756 31755
31758 45721
31758 31757
31760 13150
31760 31759
31762 43661
31762 31761
31764 25750
31764 31763
31766 27083
31766 31765
31768 25653
31768 31767
31770 10827
31770 31769
31772 20282
31772 31771
31774 4219
31774 31773
31776 37163
31776 31775
31778 5256
31778 31922
31780 18838
31780 31779
31782 31685
31782 31781
31784 6382
31784 31783
31786 13714
31786 31785
31788 7263
31788 32278
31790 27088
31790 31789
31792 19710
31792 31791
31794 37021
31794 40091
31796 12766
31796 46137
31798 30570
31798 31797
31800 11020
31800 31799
31802 4643
31802 31801
31804 13574
31804 39803
31806 37173
31806 31884
31808 44427
31808 31807
31810 12402
31810 31809
31812 5871
31812 31811
31814 5599
31814 31813
31816 20118
31816 31815
31818 6712
31818 31817
31820 13417
31820 31819
31822 6223
31822 31821
31824 38583
31826 6139
31826 31825
31828 17375
31828 50553
31830 18700
31830 31829
31832 25001
31832 31831
31834 530
31834 51265
31836 535
31836 31835
31838 37933
31838 31837
31840 51121
31840 51701
31842 496
31842 31841
31844 4238
31844 31843
31846 25592
31846 31845
31848 17822
31848 31847
31850 31079
31850 31849
31852 11959
31852 31851
31854 27093
31854 31853
31856 4626
31856 31855
31858 25278
31858 31857
31860 30719
31860 45771
31862 39275
31862 31861
31864 45301
31864 31863
31866 24598
31866 31865
31868 39883
31868 52759
31870 33655
31870 31869
31872 4259
31872 31871
31874 25751
31874 51583
31876 26034
31876 37011
31878 32210
31878 50185
31880 6464
31880 45553
31882 43893
31884 31805
31884 50675
31886 26583
31886 31885
31888 31887
31890 19190
31890 31889
31892 6098
31892 31891
31894 31206
31894 31893
31896 18226
31898 13619
31898 31897
31900 11932
31900 45833
31902 24534
31902 31901
31904 39151
31904 31903
31906 51805
31906 37443
31908 4943
31908 32232
31910 32788
31910 31909
31912 12687
31912 33076
31914 7053
31914 31913
31916 11136
31916 32078
31918 11722
31918 31917
31920 52449
31920 46675
31922 46423
31922 45117
31924 11800
31924 32290
31926 44245
31926 31925
31928 31633
31928 31927
31930 31533
31930 31929
31932 12751
31932 31931
31934 32774
31934 31933
31936 24020
31936 33168
31938 5060
31938 31937
31940 19703
31940 31939
31942 45779
31942 52225
31944 10783
31944 31943
31946 24269
31946 51037
31948 26644
31948 31947
31950 452
31950 31949
31952 32990
31952 31951
31954 26686
31954 38031
31956 31161
31956 31955
31958 4584
31958 31957
31960 30858
31960 31959
31962 37639
31962 31961
31964 26848
31964 37507
31966 18922
31966 31965
31968 509
31968 31967
31970 4589
31970 31969
31972 12447
31972 31971
31974 25904
31974 31973
31976 5905
31976 31975
31978 19869
31978 31977
31980 24724
31980 31979
31982 19577
31982 31981
31984 25611
31984 31983
31986 443
31986 31985
31988 20035
31988 45569
31990 17799
31990 31989
31992 32254
31992 52973
31994 10927
31994 31993
31996 18208
31996 31995
31998 50455
31998 39279
32000 11237
32000 51233
32002 18018
32002 32001
32004 45213
32004 32003
32006 24039
32006 32005
32008 51703
32008 52195
32010 45161
32010 32009
32012 25568
32012 50209
32014 12856
32014 32013
32016 25858
32016 32015
32018 13042
32018 51605
32020 13189
32020 32019
32022 50059
32022 39277
32024 32074
32024 37137
32026 18047
32026 38977
32028 31471
32028 32027
32030 12974
32030 32029
32032 10552
32032 32031
32034 43835
32034 32033
32036 17752
32036 32035
32038 31401
32038 37555
32040 18490
32040 32039
32042 5470
32042 45591
32044 25586
32044 37747
32046 20525
32046 39305
32048 26085
32048 32047
32050 51145
32050 32049
32052 11510
32052 45921
32054 44099
32054 44641
32056 17848
32056 32055
32058 52969
32060 37401
32060 38193
32062 10902
32062 32061
32064 18668
32064 33158
32066 19164
32066 33282
32068 24984
32068 32067
32070 18070
32070 32069
32072 13079
32072 32071
32074 26566
32074 32073
32076 17743
32078 51903
32080 19352
32080 32079
32082 6757
32082 32081
32084 53165
32084 32083
32086 25308
32086 32085
32088 5108
32088 32087
32090 13068
32090 45109
32092 25537
32092 33563
32094 31193
32094 32093
32096 12879
32096 32095
32098 30405
32098 39003
32100 18361
32102 31347
32102 32101
32104 17666
32104 32103
32106 11378
32106 33631
32108 30831
32108 32107
32110 18780
32110 32109
32112 4685
32112 32111
32114 18404
32114 32113
32116 19740
32116 32115
32118 45295
32118 32117
32120 19964
32120 32119
32122 33466
32122 32121
32124 11215
32124 32123
32126 43567
32126 32125
32128 5841
32128 43949
32130 37125
32130 32129
32132 30511
32132 49957
32134 31304
32134 32133
32136 6645
32136 32135
32138 44337
32138 32137
32140 26652
32140 32139
32142 24617
32142 51509
32144 12959
32144 32143
32146 4026
32146 32145
32148 23984
32148 32147
32150 5230
32150 50911
32152 33022
32152 32151
32154 6921
32154 45399
32156 17825
32156 32155
32158 38047
32158 32157
32160 18079
32160 32159
32162 27072
32162 32161
32164 5923
32164 32163
32166 31141
32166 32165
32168 19298
32168 32167
32170 45811
32170 32169
32172 12510
32172 32171
32174 11988
32174 32173
32176 17771
32176 32175
32178 30943
32178 32177
32180 25071
32180 38719
32182 19483
32182 32181
32184 26128
32184 32183
32186 4973
32186 32185
32188 12167
32188 32187
32190 46501
32190 32189
32192 12475
32194 37503
32194 46449
32196 26245
32198 43695
32198 45439
32200 18605
32200 37403
32202 4011
32202 32201
32204 12117
32204 32203
32206 12246
32206 37523
32208 33348
32208 32207
32210 20039
32210 32209
32212 6425
32212 38227
32214 45589
32214 32213
32216 13002
32216 32215
32218 12723
32218 32217
32220 44323
32220 32219
32222 31622
32222 32221
32224 4679
32224 32223
32226 13236
32226 32225
32228 30635
32228 38165
32230 483
32230 32229
32232 31907
32232 32231
32234 52535
32234 32233
32236 25396
32236 50645
32238 13252
32238 45613
32240 45699
32240 32239
32242 17959
32242 32241
32244 46145
32244 50687
32246 19792
32246 32245
32248 32247
32250 12671
32250 32249
32252 6071
32252 32251
32254 26052
32254 32253
32256 53188
32256 32255
32258 24192
32258 32257
32260 19578
32260 32259
32262 31638
32262 32261
32264 25886
32264 32902
32266 44753
32266 32265
32268 6325
32268 32267
32270 20482
32270 37157
32272 39835
32272 32271
32274 12364
32274 46019
32276 11301
32276 32275
32278 31787
32278 32277
32280 30732
32280 50281
32282 4812
32282 32281
32284 26216
32284 32283
32286 13102
32286 32285
32288 585
32288 32287
32290 31923
32290 52515
32292 6625
32292 32291
32294 10895
32294 32293
32296 4934
32296 44843
32298 24287
32298 32297
32300 19885
32300 37221
32302 33200
32302 32301
32304 44411
32304 44347
32306 38213
32306 40099
32308 13337
32308 32307
32310 472
32310 32309
32312 30944
32312 51423
32314 6517
32314 32313
32316 24929
32316 32315
32318 19129
32318 32317
32320 46117
32320 32319
32322 26821
32322 32321
32324 19945
32324 32468
32326 31247
32326 32325
32328 37161
32328 32327
32330 43945
32330 32329
32332 7076
32332 33540
32334 25730
32334 50899
32336 6603
32338 20112
32338 32337
32340 37227
32340 32339
32342 12760
32342 32341
32344 433
32344 32343
32346 24816
32346 32345
32348 13849
32348 37409
32350 32349
32352 20520
32352 32351
32354 37277
32354 32353
32356 40175
32356 32355
32358 12838
32358 33388
32360 31705
32360 50509
32362 12394
32362 39731
32364 49945
32364 32363
32366 4288
32366 32365
32368 39257
32368 32367
32370 30501
32370 32369
32372 6869
32374 5052
32374 37487
32376 30909
32376 32375
32378 51781
32378 32377
32380 4447
32380 32379
32382 18853
32382 32381
32384 46613
32384 45285
32386 20218
32386 32385
32388 18985
32388 51051
32390 30965
32390 32389
32392 12130
32392 32391
32394 17566
32394 32393
32396 20504
32396 32395
32398 11547
32398 32397
32400 31505
32400 37235
32402 25271
32402 32401
32404 5340
32404 39961
32406 50717
32406 32405
32408 51659
32408 38635
32410 43495
32410 32409
32412 12676
32412 32411
32414 30827
32414 33480
32416 12247
32416 32415
32418 30395
32418 52301
32420 39225
32420 32419
32422 6029
32422 32421
32424 4247
32424 32423
32426 33162
32426 32425
32428 13277
32428 32427
32430 18694
32430 32976
32432 37113
32432 32431
32434 138
32434 32433
32436 12423
32436 32435
32438 6634
32438 38339
32440 18406
32440 32439
32442 32416
32442 32441
32444 12336
32444 49955
32446 5561
32446 32445
32448 12655
32450 11393
32452 30930
32452 32451
32454 33028
32454 32453
32456 11660
32456 32455
32458 51931
32458 50015
32460 11783
32460 52137
32462 19191
32462 32461
32464 24779
32466 11797
32466 32465
32468 32323
32468 32467
32470 45865
32470 32469
32472 36923
32472 33556
32474 12279
32474 32473
32476 31191
32476 33230
32478 6646
32478 32477
32480 10578
32480 52055
32482 17676
32482 32481
32484 11219
32484 32483
32486 12481
32486 37877
32488 11719
32488 32487
32490 50857
32490 32489
32492 38731
32494 25171
32494 33562
32496 26631
32496 32495
32498 26420
32498 39849
32500 38455
32500 32499
32502 17575
32502 44799
32504 38139
32504 32503
32506 26862
32506 32505
32508 18783
32508 32507
32510 25902
32510 39601
32512 4986
32514 24318
32514 32513
32516 43713
32516 32515
32518 26824
32518 45357
32520 37297
32520 32519
32522 12309
32522 32521
32524 23895
32524 39273
32526 13863
32526 33148
32528 10769
32528 32527
32530 44631
32530 32529
32532 17829
32532 32531
32534 19044
32534 32533
32536 26288
32536 37335
32538 24223
32538 32537
32540 32752
32540 32539
32542 19410
32542 32541
32544 33128
32544 32543
32546 52607
32546 32545
32548 23846
32548 45297
32550 17894
32550 33266
32552 11588
32552 38157
32554 18573
32554 32553
32556 17835
32556 33648
32558 17358
32558 38627
32560 37951
32560 32559
32562 17213
32562 38779
32564 45825
32564 32563
32566 44291
32566 32565
32568 17462
32568 32567
32570 27076
32572 5469
32572 32571
32574 26682
32574 46301
32576 32475
32576 32575
32578 23863
32578 32577
32580 18096
32580 32579
32582 31131
32582 32581
32584 12878
32584 32583
32586 12147
32586 32585
32588 33190
32588 32587
32590 50565
32590 32930
32592 24579
32592 32591
32594 37013
32594 32593
32596 20203
32596 32595
32598 4576
32598 32597
32600 18998
32600 32599
32602 18427
32602 32601
32604 5752
32604 50609
32606 18613
32606 32605
32608 25851
32608 45505
32610 50151
32610 32609
32612 27085
32612 32611
32614 5915
32614 32613
32616 3941
32616 32615
32618 31872
32618 32617
32620 32619
32622 36967
32622 32621
32624 38099
32624 32623
32626 33278
32626 32625
32628 5344
32628 32627
32630 20047
32630 32629
32632 27105
32632 32631
32634 32994
32634 32633
32636 26830
32636 32635
32638 39921
32638 32637
32640 31752
32640 32639
32642 50165
32642 32641
32644 31431
32644 32643
32646 24426
32646 32645
32648 51361
32648 32647
32650 20274
32650 32649
32652 20287
32652 32658
32654 20247
32654 32653
32656 44469
32656 32655
32658 32651
32658 32657
32660 12085
32660 32659
32662 43545
32662 43587
32664 51939
32664 46397
32666 6938
32666 33646
32668 11964
32668 33202
32670 37313
32670 51277
32672 39071
32672 32671
32674 30606
32674 51665
32676 26691
32676 32675
32678 456
32678 33212
32680 19286
32680 33553
32682 26041
32682 32681
32684 6004
32684 32683
32686 18966
32686 32685
32688 18422
32688 32687
32690 11632
32690 52543
32692 19241
32692 32691
32694 24472
32694 32693
32696 37767
32696 32695
32698 26825
32698 32697
32700 25951
32700 32699
32702 51399
32702 32701
32704 30680
32704 32703
32706 4603
32706 32705
32708 18368
32708 32707
32710 18036
32712 17386
32712 46592
32714 4188
32714 52269
32716 11973
32716 32715
32718 46409
32718 32717
32720 38599
32720 32719
32722 39139
32722 52157
32724 30403
32726 17306
32726 32725
32728 31740
32728 32727
32730 6410
32730 32729
32732 4201
32732 32731
32734 25857
32734 38281
32736 12543
32736 32735
32738 6380
32738 32737
32740 5794
32740 32739
32742 39587
32742 32741
32744 51551
32744 44187
32746 4565
32746 44841
32748 50813
32748 32747
32750 31351
32750 32910
32752 5416
32752 32751
32754 31015
32754 32753
32756 44685
32756 39263
32758 6610
32758 32757
32760 13566
32760 36935
32762 32080
32764 50219
32764 32763
32766 26717
32768 18877
32768 32767
32770 51293
32770 32769
32772 44941
32772 32771
32774 3891
32774 32773
32776 12136
32776 46149
32778 19153
32778 46071
32780 19409
32780 32779
32782 37145
32782 32781
32784 3955
32784 32783
32786 25748
32786 32785
32788 30579
32788 50431
32790 26837
32790 32789
32792 45547
32792 32791
32794 24219
32794 32793
32796 5575
32796 32795
32798 19780
32798 39749
32800 39571
32800 32799
32802 17229
32802 32801
32804 4099
32804 32803
32806 10749
32806 32805
32808 10481
32808 32807
32810 11780
32810 32809
32812 13622
32812 32811
32814 17252
32814 32813
32816 26443
32816 32815
32818 12929
32818 33543
32820 17399
32820 32819
32822 5710
32822 32821
32824 45793
32824 32823
32826 12344
32826 50073
32828 6884
32828 32827
32830 45147
32830 32829
32832 20092
32832 32831
32834 24037
32834 32833
32836 51069
32836 32835
32838 39385
32838 32837
32840 5003
32840 32839
32842 50365
32842 32841
32844 51057
32844 32843
32846 50035
32846 32845
32848 45611
32848 50487
32850 24178
32850 32849
32852 4767
32852 32851
32854 39293
32856 4591
32856 38411
32858 6572
32858 32998
32860 25535
32860 32859
32862 25841
32862 32861
32864 33629
32866 17319
32866 32865
32868 46421
32868 32867
32870 11969
32870 33549
32872 12485
32872 33578
32874 24569
32874 32873
32876 26080
32876 32875
32878 6219
32878 32877
32880 26221
32880 32879
32882 4155
32882 32881
32884 4282
32884 32883
32886 5418
32886 32885
32888 17120
32888 32887
32890 6454
32890 32889
32892 13030
32892 32891
32894 45515
32894 37315
32896 480
32896 32895
32898 50107
32898 38701
32900 4935
32900 32899
32902 32263
32902 32901
32904 51021
32904 32903
32906 43737
32906 32905
32908 17635
32908 32907
32910 32749
32910 32909
32912 46679
32912 39325
32914 7201
32914 32913
32916 5868
32916 52151
32918 30800
32918 39217
32920 37685
32920 46259
32922 33292
32922 32921
32924 5585
32924 32923
32926 38841
32926 39299
32928 51223
32928 32927
32930 32589
32930 33256
32932 5531
32932 32931
32934 12556
32934 32933
32936 45329
32936 32935
32938 24073
32938 39235
32940 5901
32940 32939
32942 5944
32942 50133
32944 30893
32944 37045
32946 52747
32946 32960
32948 20260
32948 38195
32950 24716
32950 32949
32952 31430
32952 32951
32954 30422
32954 32953
32956 3907
32958 32164
32958 32957
32960 32945
32960 32959
32962 6739
32962 32961
32964 26459
32964 32963
32966 18486
32966 32965
32968 481
32968 46417
32970 11622
32970 33555
32972 31171
32972 45849
32974 5016
32974 43503
32976 32429
32976 50945
32978 33659
32980 24395
32980 51061
32982 37937
32982 50471
32984 13170
32984 32983
32986 10949
32986 32985
32988 13300
32988 50515
32990 24733
32990 32989
32992 46263
32992 32991
32994 642
32994 32993
32996 13259
32996 32995
32998 52479
32998 32997
33000 6135
33000 32999
33002 6949
33002 33001
33004 53084
33004 44129
33006 19343
33006 33560
33008 5890
33008 33007
33010 19951
33010 53033
33012 18220
33012 33011
33014 44343
33014 37267
33016 3985
33018 26417
33018 33017
33020 33625
33020 33019
33022 51913
33022 45201
33024 25691
33024 33023
33026 4151
33026 33025
33028 31269
33028 33060
33030 25453
33030 38029
33032 51443
33032 33031
33034 51997
33036 37731
33036 33035
33038 25630
33038 33639
33040 20145
33040 33640
33042 24119
33042 33041
33044 38385
33044 33043
33046 4691
33046 33045
33048 7242
33048 33047
33050 6475
33052 38945
33052 33051
33054 30760
33054 33053
33056 20309
33056 33055
33058 5161
33058 33057
33060 33027
33060 33059
33062 24560
33062 33061
33064 45289
33064 33063
33066 6393
33066 33065
33068 51673
33068 33067
33070 37055
33070 33069
33072 37101
33072 33071
33074 20523
33074 33073
33076 39649
33076 33075
33078 50607
33078 37715
33080 13528
33080 33079
33082 18369
33082 33246
33084 45101
33084 33083
33086 45601
33086 33085
33088 20297
33088 33087
33090 39403
33090 33089
33092 31921
33092 50253
33094 30499
33094 51933
33096 18087
33096 44919
33098 20119
33098 33097
33100 18195
33100 37219
33102 38131
33102 37749
33104 4662
33104 33103
33106 31719
33106 37363
33108 13302
33108 33107
33110 18498
33110 33109
33112 25254
33112 45885
33114 7251
33114 33541
33116 27121
33116 33115
33118 18727
33118 33117
33120 4323
33120 33119
33122 6033
33122 43501
33124 45425
33124 33123
33126 18532
33126 33125
33128 18711
33128 33140
33130 33547
33132 25181
33132 33131
33134 23894
33134 33133
33136 7267
33136 33135
33138 50757
33138 33137
33140 33127
33140 33139
33142 6933
33142 33141
33144 51129
33144 52733
33146 45315
33146 45373
33148 32525
33148 33147
33150 6908
33150 33149
33152 50937
33152 49979
33154 19186
33154 33153
33156 32289
33156 33502
33158 32063
33158 33157
33160 11772
33160 33159
33162 30821
33162 33161
33164 11002
33164 33163
33166 4698
33166 33538
33168 31935
33168 52251
33170 25480
33170 45539
33172 603
33172 33171
33174 51519
33174 33173
33176 32857
33176 33175
33178 51771
33180 31172
33180 33179
33182 32526
33182 33181
33184 52651
33184 33183
33186 44557
33186 33185
33188 19589
33188 33187
33190 26362
33190 33651
33192 33078
33192 33191
33194 10463
33194 33193
33196 33195
33198 11974
33200 155
33200 33199
33202 32667
33202 33201
33204 6309
33204 33203
33206 19771
33206 33205
33208 12150
33208 33207
33210 20199
33210 33209
33212 32677
33212 33211
33214 19671
33214 33213
33216 4720
33216 45347
33218 6151
33218 38021
33220 31707
33220 33219
33222 44111
33222 46425
33224 17656
33224 33223
33226 26779
33226 33225
33228 12873
33228 33227
33230 50159
33230 44349
33232 23804
33232 33231
33234 11845
33234 33233
33236 25246
33236 51871
33238 31976
33238 52219
33240 12351
33240 33239
33242 24507
33242 33241
33244 6713
33244 33243
33246 33081
33246 33245
33248 20129
33248 43557
33250 11712
33250 33249
33252 11825
33254 50503
33254 33253
33256 32929
33256 33255
33258 33428
33258 33257
33260 6292
33260 33259
33262 7204
33262 33261
33264 4493
33264 33263
33266 32549
33266 52703
33268 19668
33268 33267
33270 17745
33272 33271
33274 6633
33274 33273
33276 10601
33276 33275
33278 18585
33278 33277
33280 37533
33280 33279
33282 32065
33282 43825
33284 45403
33284 43671
33286 24038
33286 33630
33288 5963
33288 33287
33290 26665
33290 33289
33292 6049
33292 33291
33294 46453
33294 50161
33296 43575
33296 33295
33298 33297
33300 18325
33300 45017
33302 45429
33302 33301
33304 4144
33304 33303
33306 12949
33306 33305
33308 18376
33308 33307
33310 6560
33310 44975
33312 25809
33312 33311
33314 17721
33316 33315
33318 19620
33318 33317
33320 46223
33320 33319
33322 25164
33322 33321
33324 46151
33324 33323
33326 31721
33326 33325
33328 46393
33328 33327
33330 6392
33330 44867
33332 20227
33332 50459
33334 51215
33334 51087
33336 31466
33336 33335
33338 24077
33338 33337
33340 23860
33340 37683
33342 20524
33342 33341
33344 11813
33344 40193
33346 25636
33346 45931
33348 30483
33348 39923
33350 25350
33350 39609
33352 45923
33354 33353
33356 37179
33356 50089
33358 25069
33358 46541
33360 30787
33360 44845
33362 5509
33362 33361
33364 5672
33364 33363
33366 5539
33366 33365
33368 25510
33368 33367
33370 45145
33370 39051
33372 143
33372 39087
33374 4681
33374 33373
33376 17929
33376 33375
33378 7064
33378 33377
33380 31277
33380 33379
33382 632
33382 33381
33384 45175
33384 33383
33386 19080
33386 33385
33388 46602
33388 39481
33390 19569
33390 50743
33392 10944
33392 39747
33394 637
33394 33393
33396 51089
33396 33395
33398 19083
33398 33397
33400 20264
33400 33399
33402 24784
33402 33401
33404 4055
33404 52895
33406 26758
33406 37843
33408 4899
33408 33407
33410 19521
33410 33409
33412 43593
33412 33411
33414 43627
33414 50319
33416 24159
33416 33415
33418 25364
33418 33417
33420 52799
33422 38629
33422 33421
33424 588
33424 52699
33426 13411
33426 33425
33428 4879
33428 33427
33430 25676
33430 33429
33432 20156
33432 33431
33434 30623
33434 38851
33436 4455
33436 33435
33438 32682
33438 33437
33440 26475
33440 33439
33442 18722
33442 33441
33444 4535
33446 32368
33446 33445
33448 5321
33448 33447
33450 23908
33450 33638
33452 17850
33452 33451
33454 37911
33454 33453
33456 5401
33456 33455
33458 25169
33458 33457
33460 25524
33460 37669
33462 4753
33462 33461
33464 23943
33464 33463
33466 13615
33466 33465
33468 13416
33468 33467
33470 11410
33470 33469
33472 13333
33472 33471
33474 18345
33474 33473
33476 12245
33476 33475
33478 33477
33480 32413
33480 33479
33482 6660
33482 33481
33484 11936
33484 33483
33486 6229
33486 33485
33488 33236
33488 33487
33490 25375
33490 33489
33492 24014
33492 37777
33494 13167
33494 33493
33496 11981
33496 33495
33498 44105
33498 33663
33500 11855
33500 33499
33502 45011
33502 33501
33504 18045
33504 33503
33506 12889
33506 33505
33507 28046
33507 3245
33508 7117
33508 1739
33509 9655
33509 2742
33510 28485
33510 1344
33511 9693
33511 9692
33512 33697
33512 15853
33513 20925
33513 401
33514 10039
33514 714
33515 417
33515 10080
33516 15302
33516 14685
33517 23703
33517 8300
33518 14234
33518 47213
33519 16931
33519 29223
33520 30013
33520 15661
33521 7674
33521 29477
33522 14050
33522 2216
33523 28879
33523 36603
33524 2115
33524 8614
33525 7867
33525 35755
33526 10419
33526 7017
33527 841
33527 28354
33528 8309
33528 3174
33529 48029
33529 15873
33530 46159
33531 4013
33532 30757
33532 24533
33533 20362
33534 31487
33534 4452
33535 33587
33536 19508
33536 45795
33537 50481
33538 33165
33538 38079
33539 31289
33539 6084
33540 32331
33540 11555
33541 50341
33541 5796
33542 25521
33543 46315
33543 12928
33544 12450
33545 30961
33545 43747
33546 32414
33546 32942
33547 33129
33547 17367
33548 25117
33548 4166
33549 32869
33549 18265
33550 33586
33550 52327
33551 33665
33552 18708
33552 39289
33553 33588
33553 31318
33554 5719
33555 39947
33555 19757
33556 32471
33556 11710
33557 5655
33557 520
33558 13288
33558 6574
33559 24646
33560 33354
33560 25497
33561 13850
33561 13060
33562 43549
33562 25170
33563 32091
33563 5022
33564 13032
33564 19232
33565 32761
33565 13024
33566 45187
33566 26238
33567 27027
33567 18445
33568 13242
33569 12373
33570 12040
33570 45309
33571 46483
33572 31029
33573 30401
33573 31041
33574 43855
33574 51461
33575 24715
33576 17644
33577 17744
33577 33647
33578 44375
33579 24696
33579 51105
33580 26798
33581 30551
33582 45389
33582 32511
33583 19737
33583 50197
33584 31439
33584 33351
33585 44879
33585 33443
33586 39357
33586 19353
33587 33596
33587 5399
33588 32679
33588 31317
33589 50989
33589 33534
33590 12451
33590 33544
33591 25979
33591 33565
33592 26239
33592 33566
33593 4693
33593 4284
33594 44339
33595 131
33596 44813
33596 30773
33597 1203
27298 33597
33598 1191
27352 33598
33599 16734
27418 33599
33600 8148
27480 48481
33601 28258
27500 33601
33602 14203
27558 33602
33603 41090
27588 33603
33604 29368
27728 33604
33605 16630
27730 33605
33606 22134
27932 33606
33607 27314
28040 33607
33608 46564
33609 9419
28232 33609
33610 9227
28264 49443
33611 1783
28302 33611
33612 16763
28418 35995
33613 42664
28510 33613
33614 47969
33615 689
28758 33615
33616 35065
28810 33616
33617 53051
28966 33617
33618 29649
29016 33618
33619 16093
29298 33619
33620 48539
29590 40800
33621 34239
29722 33621
33622 8688
29724 33622
33623 16097
29976 33623
33624 794
30172 36017
33625 32743
30445 44893
33626 25213
30447 33649
33627 31839
30545 33627
33628 24393
30775 33628
33629 37259
30801 50537
33630 33285
30807 51177
33631 32105
30935 51019
33632 23962
30959 49951
33633 31647
30975 45603
33634 25074
31051 33634
33635 26352
31095 44543
33636 26574
31181 43623
33637 6251
31225 33637
33638 38381
31245 33638
33639 33037
31313 33639
33640 43795
31433 36953
33641 32937
31461 33641
33642 19491
31535 39417
33643 6362
31561 52985
33644 12639
33645 31690
31689 33645
33646 32665
31915 39171
33647 31691
32075 38245
33648 32555
33649 37419
32371 51603
33650 11656
32447 37121
33651 37445
32449 33651
33652 44131
32463 33652
33653 12678
32491 44665
33654 24099
32569 33654
33655 31207
32709 33655
32765 33656
33657 31895
32871 33657
33658 4095
32955 33658
33659 25328
32977 45279
33660 52697
33005 33660
33661 46485
33015 44897
33662 24896
33049 51137
33663 33497
33197 33663
33664 33269
33251 45273
33665 38443
33281 33665
33667 14157
33667 33666
33669 9206
33669 33668
33671 28164
33671 33670
33673 42152
33675 33612
33675 33674
33677 29428
33679 22259
33679 33678
33681 2851
33681 33680
33683 21356
33683 33682
33685 22323
33685 33684
33687 16312
33687 43252
33689 15419
33689 33688
33691 15624
33691 33690
33693 9755
33693 33692
33695 28998
33695 33694
33697 48787
33697 33696
33699 9066
33699 33698
33701 23200
33701 41678
33703 10098
33703 42902
33705 42416
33705 33704
33707 673
33707 33706
33709 21666
33709 34109
33711 1211
33711 33710
33713 7525
33713 33712
33715 40038
33715 34039
33717 22269
33717 33716
33719 40116
33721 30189
33721 33720
33723 14478
33723 36800
33725 8390
33725 33724
33727 14402
33727 41336
33729 10210
33729 40794
33731 33730
33733 35923
33733 33732
33735 16561
33735 41040
33737 7100
33737 33736
33739 15275
33739 33738
33741 22211
33741 33740
33743 8892
33743 33742
33745 9585
33745 33744
33747 7931
33747 33746
33749 10183
33751 28860
33751 42320
33753 8593
33753 33752
33755 20533
33755 33754
33757 3762
33759 9354
33759 33758
33761 30246
33761 33760
33763 27581
33763 33762
33765 2103
33765 33764
33767 10454
33767 33766
33769 8248
33769 33768
33771 46919
33771 33770
33773 2033
33773 33772
33775 30050
33775 33774
33777 21082
33777 33776
33779 943
33779 42856
33781 3366
33781 33780
33783 8643
33783 33782
33785 14659
33785 40141
33787 1365
33787 33786
33789 30359
33789 42404
33791 49617
33791 33790
33793 28270
33793 42080
33795 1287
33795 33794
33797 9261
33797 33907
33799 20862
33799 33798
33801 22093
33801 33800
33803 28952
33803 33802
33805 14318
33805 33804
33807 49085
33807 36323
33809 14230
33809 33808
33811 9079
33811 35179
33813 3790
33813 33812
33815 29054
33815 49529
33817 7923
33817 33816
33819 17185
33819 33818
33821 29178
33821 33820
33823 7953
33823 33822
33825 15986
33825 47885
33827 10495
33829 1518
33829 33828
33831 21536
33831 47457
33833 42144
33833 33832
33837 9668
33837 33836
33839 46983
33839 41358
33841 27964
33841 33840
33843 2469
33843 33842
33845 13769
33845 33844
33847 16116
33847 33846
33849 48879
33851 2670
33851 46943
33853 29802
33853 33852
33855 2566
33855 33854
33857 2525
33857 33856
33859 8753
33859 33858
33861 15946
33861 33860
33863 10444
33863 33862
33865 36871
33867 13899
33867 33866
33869 2932
33869 46927
33871 7617
33871 33870
33873 21946
33873 33872
33875 13999
33875 33874
33877 15173
33877 33876
33879 23329
33879 42466
33881 41136
33883 3864
33883 33882
33885 23798
33885 46823
33887 35783
33887 33886
33889 34101
33889 33888
33891 15939
33891 34467
33893 17199
33893 43304
33895 41570
33895 33894
33897 14827
33897 46753
33899 28101
33899 33898
33901 27652
33901 49637
33903 9643
33903 33902
33905 8335
33905 33904
33907 33906
33909 2800
33909 48619
33911 2657
33911 33910
33913 2864
33913 33912
33915 9840
33915 42284
33917 21218
33917 33916
33919 9111
33919 33918
33921 10048
33921 33920
33923 8760
33925 29233
33925 33924
33927 42238
33927 33926
33929 4
33929 33928
33931 9350
33931 33930
33933 16308
33933 33932
33935 30075
33935 33934
33937 23332
33937 40606
33939 22788
33939 40706
33941 42330
33941 33940
33943 28226
33943 33942
33945 35521
33945 36824
33947 9957
33947 33946
33949 33784
33949 35437
33951 21165
33951 33950
33953 23251
33953 33952
33955 20889
33955 33954
33957 17199
33957 33956
33959 2669
33959 33958
33961 14916
33961 33960
33963 35843
33963 33962
33967 3025
33967 33966
33969 17015
33969 33968
33971 28945
33971 33970
33973 20796
33973 34017
33975 21751
33975 33974
33977 16852
33977 33976
33979 34905
33979 47163
33981 15610
33981 33980
33983 21055
33983 35537
33985 3824
33985 33984
33987 23482
33989 42872
33989 33988
33991 7599
33991 33990
33993 16235
33993 33992
33995 7637
33995 33994
33997 9950
33997 41274
33999 10528
33999 33998
34001 34831
34001 46783
34003 23799
34003 34002
34005 21274
34005 34004
34007 21640
34007 41616
34009 14941
34009 40938
34011 7965
34011 34010
34013 14005
34013 34227
34015 22846
34015 49809
34017 49527
34017 34016
34019 30214
34019 34018
34021 35917
34021 34020
34023 15972
34023 34022
34025 2771
34025 34024
34027 669
34027 34026
34029 7133
34029 34028
34031 16997
34033 53143
34033 34032
34035 7461
34035 41220
34037 3094
34037 34036
34039 33714
34039 34038
34041 36647
34043 21530
34043 34042
34045 897
34045 36789
34047 30375
34047 34046
34049 8915
34049 34048
34051 2539
34051 34050
34053 28836
34053 34052
34055 22767
34055 34054
34057 20861
34057 34056
34059 41432
34059 34058
34061 22362
34061 34060
34063 49619
34063 34062
34065 1989
34065 34064
34067 23134
34067 34066
34069 47591
34069 34068
34071 9184
34071 34070
34073 195
34073 34072
34075 21859
34075 34074
34077 40378
34077 34076
34079 21166
34079 48607
34081 16991
34081 34375
34083 10375
34085 23638
34085 42912
34087 15053
34089 48867
34089 34088
34091 1678
34091 34090
34093 40125
34095 929
34095 34094
34097 21052
34097 41884
34099 27412
34101 3118
34101 34221
34103 3817
34105 22595
34105 34104
34107 35441
34107 34106
34109 41354
34109 34108
34111 27470
34111 34110
34113 15136
34115 3399
34115 47387
34117 22472
34117 34116
34119 14501
34119 40128
34121 23439
34121 34120
34123 8569
34123 34122
34125 2554
34125 41560
34127 20706
34127 34126
34129 7824
34129 34128
34131 21332
34131 34130
34133 9670
34133 34881
34135 15076
34135 34134
34137 20640
34137 34136
34139 7567
34141 3767
34141 48517
34143 47039
34143 34142
34145 36878
34147 49111
34147 41160
34149 17175
34149 34148
34151 21490
34151 34150
34153 14114
34153 34152
34155 35667
34155 41680
34157 8747
34157 34156
34159 21846
34159 35517
34161 15250
34161 34160
34163 3860
34163 34162
34165 29280
34165 34164
34167 53050
34167 41530
34169 27244
34169 34168
34171 22832
34171 34170
34173 737
34173 34172
34175 16915
34175 35271
34177 33608
34177 34176
34179 27195
34179 34178
34181 7655
34181 34180
34183 2235
34183 34182
34185 15401
34185 34184
34187 22644
34187 36812
34189 7143
34189 34188
34191 777
34191 34190
34193 1885
34193 34192
34195 9946
34195 43010
34197 47363
34197 34196
34199 29065
34199 34198
34201 42948
34201 34200
34203 20606
34203 34202
34205 7292
34205 48693
34207 40840
34207 34206
34209 34149
34209 34208
34211 8253
34211 36793
34213 48191
34213 35811
34215 3175
34215 35793
34217 27820
34217 42106
34219 21829
34219 34218
34221 41984
34221 40240
34223 27036
34225 16934
34225 46891
34227 46652
34227 34226
34229 1181
34229 36791
34231 9191
34231 43276
34233 89
34233 34232
34235 16783
34235 34234
34237 30200
34237 34236
34239 23072
34239 34238
34241 29608
34241 42922
34243 29584
34243 40614
34245 14800
34245 34244
34247 20709
34247 34246
34249 28700
34249 35467
34251 40664
34251 34250
34253 22930
34253 34995
34255 27338
34255 43146
34257 2687
34257 34256
34259 8581
34259 34258
34261 8436
34261 34260
34263 30363
34263 34449
34265 15538
34265 34264
34267 42860
34267 34266
34269 1364
34269 34268
34271 8658
34271 34270
34273 7573
34273 36794
34275 16639
34275 34274
34277 3334
34277 34276
34279 7401
34279 34278
34281 808
34281 34280
34283 9659
34283 34282
34285 20440
34285 42722
34287 22986
34287 34991
34289 36775
34289 34288
34291 34007
34291 34290
34293 22724
34293 34292
34295 14155
34295 41572
34297 42136
34297 34296
34299 835
34299 34298
34301 20611
34301 34300
34303 15171
34303 34302
34305 27554
34305 42352
34307 10218
34307 34306
34309 1794
34309 40326
34311 20712
34311 34310
34313 21671
34313 34312
34315 1101
34315 42758
34317 8900
34317 34316
34319 21022
34321 21534
34321 34320
34323 28194
34323 35689
34325 8595
34325 34324
34327 3318
34327 34326
34329 28870
34329 42814
34331 7467
34331 34330
34333 2986
34333 34332
34335 48195
34335 41052
34337 2297
34337 34336
34339 34265
34339 36801
34341 23076
34341 34340
34343 49705
34345 29118
34345 34344
34347 14843
34347 41320
34349 34447
34349 34348
34351 34421
34351 36788
34353 8013
34353 49858
34355 41784
34355 34354
34357 16670
34357 34356
34359 41328
34359 34358
34361 22807
34361 34360
34363 9017
34363 34362
34365 21473
34365 34364
34367 40382
34367 36806
34369 1096
34369 34368
34371 2491
34371 34370
34373 16149
34373 34372
34375 34863
34375 47317
34377 35681
34377 34376
34379 7938
34379 36255
34381 29225
34381 34380
34383 14502
34385 705
34385 34384
34387 22290
34387 34386
34389 13784
34389 34388
34391 21187
34391 36543
34393 2497
34393 34392
34395 16723
34395 34394
34397 21239
34397 34396
34399 1128
34399 40368
34401 3313
34401 34400
34403 29784
34403 34402
34405 23580
34405 49245
34407 27736
34407 35201
34409 29969
34409 42300
34411 33514
34411 34410
34413 21243
34413 34412
34415 46817
34415 34414
34417 2021
34417 34416
34419 28703
34419 34418
34421 22997
34421 49822
34423 9706
34423 34422
34425 27678
34425 36655
34427 22824
34427 34426
34429 29962
34429 48357
34431 15768
34431 34430
34433 8119
34433 34432
34435 10521
34435 34434
34437 43346
34437 36585
34439 3834
34439 34438
34441 21621
34441 34440
34443 35199
34443 34442
34445 27
34445 34444
34447 3535
34447 34723
34449 34262
34449 34448
34451 40408
34451 34450
34453 33713
34455 8144
34455 42950
34457 3204
34457 34456
34459 1249
34459 34458
34461 2980
34461 34460
34463 21562
34463 47933
34465 7352
34465 40406
34467 33890
34467 41042
34469 34635
34469 40448
34471 10409
34471 34470
34473 13930
34473 34472
34475 29091
34475 34474
34477 23546
34477 34476
34479 21673
34479 34478
34481 16895
34481 36751
34483 1736
34483 41968
34485 810
34485 41062
34487 23345
34487 34486
34489 28656
34489 34488
34491 21072
34491 34490
34493 21572
34493 34492
34495 311
34495 42044
34497 29717
34497 34496
34499 14061
34499 48253
34501 47941
34501 34500
34503 3158
34503 41082
34505 10543
34505 34504
34507 17146
34507 34506
34509 15110
34509 49051
34511 49029
34511 34510
34513 8734
34513 34512
34515 23706
34515 34514
34517 53052
34517 47321
34519 9613
34519 34518
34521 21564
34521 46795
34523 16326
34525 35297
34527 7946
34527 34526
34529 17071
34529 34528
34531 2522
34531 41242
34533 20435
34533 34532
34535 2221
34535 43206
34537 20824
34537 34536
34539 42574
34539 34538
34541 2988
34541 34540
34543 33777
34543 34542
34545 23276
34545 34544
34547 17137
34547 34546
34549 22984
34549 42512
34551 2781
34551 41058
34553 49729
34553 35337
34555 3162
34555 43180
34557 1726
34557 34556
34559 8157
34559 34558
34561 16223
34561 35351
34563 40130
34563 36145
34565 27778
34565 34564
34567 42058
34567 34566
34569 36287
34571 29675
34571 41954
34573 3854
34573 40310
34575 8621
34575 34574
34577 47323
34577 34576
34579 2540
34579 34578
34581 10530
34581 34580
34583 8868
34583 34582
34585 41900
34585 34584
34587 2383
34587 34586
34589 40932
34589 35749
34591 3649
34591 34590
34593 1476
34593 34592
34595 14590
34595 34594
34597 14742
34597 34596
34599 47625
34599 34598
34601 40212
34601 34600
34603 20441
34605 23762
34605 34604
34607 27031
34607 36814
34609 10461
34609 34608
34611 2165
34613 20431
34613 34612
34615 41834
34615 34614
34617 47113
34617 36866
34619 41102
34619 34618
34621 3506
34621 34620
34623 30030
34623 47047
34625 16110
34625 34624
34627 222
34627 34626
34629 23575
34629 34628
34631 29765
34631 34630
34633 9610
34633 34632
34635 49505
34635 35771
34637 47891
34637 34636
34639 28476
34639 34638
34641 28844
34641 34640
34643 31
34643 34642
34645 42140
34645 34644
34647 29968
34647 34646
34649 35709
34649 34648
34651 15246
34651 34650
34653 40386
34653 34652
34655 15989
34655 48685
34657 16873
34657 34656
34659 34987
34659 34658
34661 28022
34661 41912
34663 21913
34663 34662
34665 21579
34665 36227
34667 14317
34667 34666
34669 8589
34669 34668
34671 27471
34671 34670
34673 8292
34673 34672
34675 672
34675 34674
34677 1133
34677 34676
34679 29870
34679 34678
34681 17040
34681 34680
34683 1639
34683 34682
34685 47087
34685 34684
34687 1020
34687 49121
34689 28963
34689 34688
34691 14001
34691 40242
34693 2436
34693 34692
34695 35443
34695 34694
34697 48347
34697 34696
34699 21102
34699 34698
34701 2486
34701 47421
34703 49097
34703 34702
34705 28468
34705 40534
34707 15491
34707 34706
34709 29424
34709 34708
34711 21281
34711 34710
34713 16319
34713 49575
34715 9897
34715 34714
34717 1009
34717 34716
34719 9025
34719 34718
34721 8894
34721 34720
34723 42914
34723 34722
34725 14853
34725 41588
34727 2549
34727 34726
34729 16008
34729 34728
34731 23438
34731 47935
34733 2691
34733 34732
34735 7295
34735 42480
34737 1428
34737 34736
34739 49287
34741 23434
34741 49627
34743 22237
34743 34742
34745 34220
34745 47875
34747 7407
34747 34746
34749 3792
34749 34748
34751 15859
34751 34750
34753 21089
34753 34752
34755 2044
34755 35137
34757 21478
34757 34756
34759 28861
34759 34758
34761 15142
34761 34760
34763 8140
34763 34762
34765 48211
34765 34764
34767 22560
34767 34766
34769 14729
34769 34768
34771 2176
34771 34770
34773 9381
34773 34772
34775 43172
34775 34774
34777 29088
34777 34776
34779 15128
34779 34778
34781 30096
34781 49273
34783 15057
34783 34782
34785 42346
34785 34784
34787 14100
34787 34786
34789 23744
34789 34788
34791 316
34791 34790
34793 49441
34793 34792
34795 15556
34795 34794
34797 28284
34797 34796
34799 101
34799 34798
34801 8383
34801 34800
34803 23391
34803 34802
34805 28274
34805 47501
34807 10345
34807 34806
34809 20864
34811 8147
34811 34810
34813 41348
34813 34812
34815 7149
34815 34814
34817 35245
34817 34816
34819 10192
34819 34818
34821 21397
34821 34820
34823 928
34823 34822
34825 49723
34825 34824
34827 27920
34827 34826
34829 21879
34829 34828
34831 14274
34831 34830
34833 49597
34833 34832
34835 23621
34835 34834
34837 22891
34837 34836
34839 15377
34839 34838
34841 47141
34841 34840
34843 1462
34843 34842
34845 3409
34845 34844
34847 2152
34847 40958
34849 27188
34849 34848
34851 27375
34851 36872
34853 27870
34853 34852
34855 13776
34855 34854
34857 7001
34857 34856
34859 36888
34861 8432
34861 43353
34863 49063
34863 34862
34865 42666
34865 34864
34867 1243
34867 34866
34869 21147
34869 34868
34871 9524
34871 36467
34873 7305
34873 34872
34875 42098
34877 1985
34877 34876
34879 3413
34879 34878
34881 34132
34881 34880
34883 8244
34883 47779
34885 16339
34885 34884
34887 22816
34887 35317
34889 8507
34889 34888
34891 250
34893 42884
34895 14619
34895 34894
34897 10357
34897 34896
34899 28189
34899 34898
34901 9856
34903 20707
34903 34902
34905 28100
34905 35557
34907 974
34907 47833
34909 14010
34909 36689
34911 33722
34911 34910
34913 23599
34913 35463
34915 3776
34915 36805
34917 27335
34917 41078
34919 49379
34919 34918
34921 28672
34921 34920
34923 10339
34923 35595
34925 22983
34925 34924
34927 28442
34927 46777
34929 46791
34929 34928
34931 28239
34931 34930
34933 1245
34933 34932
34935 22356
34935 34934
34937 34240
34937 34936
34939 36755
34939 34938
34941 14361
34941 36353
34943 22945
34943 34942
34945 8607
34945 34944
34947 15337
34947 41074
34949 23481
34949 34948
34951 35093
34953 28518
34953 49305
34955 28220
34955 34954
34957 35223
34957 34956
34959 15501
34959 34958
34961 14449
34961 34960
34963 30357
34963 34962
34965 35959
34965 34964
34967 27657
34967 34966
34969 27852
34969 34968
34971 28983
34971 34970
34973 20978
34973 34972
34975 16388
34975 34974
34977 8230
34977 40246
34979 30012
34979 34978
34981 29121
34981 34980
34983 409
34983 34982
34985 8528
34985 34984
34987 8784
34987 34986
34989 47239
34989 34988
34991 47849
34991 34990
34993 22641
34993 35329
34995 34252
34995 34994
34997 48477
34997 34996
34999 22477
34999 34998
35001 40810
35001 35000
35003 3864
35003 35002
35005 16950
35005 35004
35007 8667
35007 35006
35009 23467
35009 35008
35011 22427
35011 35010
35013 28807
35013 35012
35015 23398
35015 35014
35017 29859
35017 35016
35019 49573
35019 35018
35021 3665
35021 35020
35023 43314
35023 35022
35025 27746
35025 35024
35027 28692
35027 35845
35029 28782
35029 35028
35031 42802
35031 36163
35033 16830
35033 35032
35035 23341
35035 35034
35037 29710
35037 35036
35039 47845
35041 7533
35041 35040
35043 14019
35043 35042
35045 40050
35045 35165
35047 29389
35047 35046
35049 27297
35049 35048
35051 13
35051 35050
35053 1498
35053 48941
35055 15678
35057 7
35057 35056
35059 22518
35059 42022
35061 22741
35061 35060
35063 785
35063 35062
35065 9150
35065 35064
35067 16226
35067 35066
35069 1307
35069 35068
35071 35070
35073 10359
35073 35072
35075 43132
35075 36894
35077 361
35077 35076
35079 2983
35079 35078
35081 2793
35081 35080
35083 28238
35085 21331
35085 35084
35087 15223
35087 41462
35089 16923
35091 8942
35091 35090
35093 27564
35093 35092
35095 14891
35095 35094
35097 10504
35097 35096
35099 33813
35099 35098
35101 14829
35101 36884
35103 2783
35103 35102
35105 15225
35105 35104
35107 16777
35107 35106
35109 27682
35109 47653
35111 15623
35111 35110
35113 29002
35113 35112
35115 36047
35115 35114
35117 1083
35117 35116
35119 28778
35119 48415
35121 20954
35121 47963
35123 1166
35123 35122
35125 15448
35125 35124
35127 28277
35127 35126
35129 1053
35129 35128
35131 10013
35131 35130
35133 21649
35133 35132
35135 951
35135 35134
35137 46739
35139 41948
35139 35138
35141 17081
35141 35140
35143 35679
35143 47275
35145 883
35145 35144
35147 3047
35147 35146
35149 41664
35149 35148
35151 42440
35151 35150
35153 889
35153 35152
35155 299
35155 35154
35157 28614
35157 48613
35159 670
35159 35158
35161 2585
35161 35160
35163 9069
35163 35162
35165 35164
35167 351
35167 35166
35169 2683
35169 35168
35171 2998
35171 35170
35173 40714
35173 36399
35175 15783
35175 35174
35177 49419
35177 48329
35179 33810
35179 36779
35181 2407
35181 35180
35183 14077
35183 42324
35185 266
35185 35184
35187 20425
35187 35186
35189 27182
35189 35188
35191 3329
35191 35190
35193 21430
35193 49635
35195 22649
35195 36802
35197 23631
35199 10268
35199 35198
35201 42904
35201 35200
35203 7641
35203 35202
35205 16877
35205 35204
35207 30272
35207 35206
35209 27065
35209 35208
35211 3491
35211 35210
35213 14414
35213 35212
35215 30078
35217 41030
35217 35216
35219 3749
35219 35218
35221 20957
35221 47431
35223 27958
35223 47999
35225 23695
35225 35224
35227 16990
35227 35226
35229 1664
35229 35228
35231 29495
35231 35230
35233 28848
35233 35232
35235 28286
35235 35234
35237 3131
35239 1701
35239 35238
35241 16022
35241 35240
35243 27611
35243 35242
35245 27586
35245 35244
35247 23764
35247 35246
35249 16475
35249 35248
35251 15617
35251 35250
35253 15509
35253 47349
35255 22276
35255 35254
35257 3865
35257 35469
35259 21804
35259 47355
35261 7569
35261 35260
35263 15863
35263 35262
35265 8420
35265 35264
35267 49275
35267 35266
35269 41740
35269 42496
35271 34174
35271 49053
35273 28650
35273 35272
35275 27169
35275 35274
35277 9440
35277 35276
35279 28760
35279 48157
35281 842
35281 35280
35283 7301
35283 35282
35285 1335
35285 35284
35287 29045
35287 35286
35289 34653
35289 35288
35291 27770
35291 35290
35293 22490
35293 35292
35295 27755
35295 35294
35297 34524
35297 36883
35299 10541
35299 40140
35301 2454
35301 35300
35303 7658
35303 35302
35305 2313
35305 35304
35307 1118
35307 35306
35309 17194
35309 35308
35311 9367
35311 35310
35313 3470
35313 48643
35315 2555
35315 35314
35317 36387
35317 35316
35319 21616
35319 35318
35321 1204
35321 35320
35323 49189
35323 35322
35325 17190
35325 35324
35327 28155
35327 42348
35329 34992
35329 35328
35331 29282
35331 40980
35333 3377
35333 35332
35335 21970
35335 43116
35337 34552
35337 36882
35339 23279
35339 35338
35341 29844
35341 49243
35343 48245
35343 40322
35345 27790
35345 40506
35347 3152
35347 35346
35349 8126
35349 43098
35351 48249
35351 35350
35353 8721
35353 35352
35355 115
35355 35354
35357 15367
35357 35356
35359 15878
35359 43421
35361 17055
35361 35360
35363 22939
35363 35362
35365 14872
35365 36811
35367 10066
35367 47235
35369 30293
35369 35368
35371 49828
35371 35370
35373 1983
35373 35372
35375 22551
35375 35374
35377 27869
35377 36095
35379 2572
35379 42146
35381 14400
35381 35380
35383 28042
35383 35382
35385 40624
35385 42114
35387 3455
35387 35386
35389 15488
35389 35388
35391 46911
35391 35390
35393 28737
35393 35392
35395 9743
35395 35394
35397 34537
35397 35396
35399 8188
35399 35398
35401 23366
35401 35865
35403 8073
35403 35402
35405 28694
35405 35404
35407 15068
35407 35406
35409 8058
35409 35408
35411 20893
35411 35410
35413 47601
35413 35412
35415 1879
35415 48113
35417 8717
35417 35416
35419 7804
35419 35418
35421 48085
35421 35420
35423 2732
35423 35422
35425 36137
35425 35424
35427 30054
35427 35426
35429 21287
35429 47177
35431 34673
35431 35481
35433 10120
35433 35432
35435 27438
35435 35434
35437 35813
35439 1126
35439 35438
35441 29852
35441 41398
35443 23317
35443 35442
35445 8799
35445 36796
35447 48117
35447 36822
35449 15346
35449 35448
35451 48801
35451 35450
35453 16407
35453 35452
35455 1276
35455 35454
35457 27262
35457 35456
35459 20443
35459 35458
35461 30042
35461 35460
35463 34912
35463 35462
35465 234
35465 35464
35467 46725
35467 35466
35469 49311
35469 35468
35471 14915
35471 35470
35473 20870
35473 35472
35475 42442
35475 35474
35477 27458
35477 35476
35479 35673
35479 35478
35481 42888
35481 35480
35483 27230
35483 35482
35485 36625
35485 40742
35487 15061
35487 47115
35489 15650
35489 35488
35491 23641
35491 35490
35493 41982
35493 35492
35495 15303
35495 43056
35497 28298
35499 20695
35499 35498
35501 36783
35501 35500
35503 15188
35503 35502
35505 646
35505 35504
35507 1703
35507 35506
35509 28527
35509 35508
35511 22861
35511 35510
35513 30276
35513 35512
35515 1950
35515 35514
35517 36879
35519 30363
35519 35518
35521 41474
35523 22372
35523 35522
35525 27028
35525 36908
35527 36591
35527 35526
35529 14488
35529 35528
35531 7359
35531 35530
35533 21248
35533 49289
35535 9239
35535 35534
35537 33982
35537 35536
35539 15025
35539 35538
35541 28909
35541 36051
35543 10191
35543 35542
35545 42838
35545 35544
35547 29269
35547 35546
35549 23158
35549 35548
35551 20819
35551 35550
35553 9011
35555 14546
35555 35554
35557 35891
35557 36419
35559 35385
35559 35558
35561 10346
35561 35560
35563 14648
35563 35562
35565 14665
35565 35564
35567 216
35567 48725
35569 34293
35569 35568
35571 9584
35571 35570
35573 16059
35573 35572
35575 10364
35575 35574
35577 14467
35577 36307
35579 21192
35579 35578
35581 14589
35581 35580
35583 22385
35583 35582
35585 49821
35585 35584
35587 8534
35587 35586
35589 2087
35589 35588
35591 6996
35593 20632
35593 35955
35595 34922
35595 35594
35597 23052
35597 35596
35599 2230
35599 47675
35601 43320
35601 35600
35603 3385
35603 35602
35605 7976
35605 48425
35607 29200
35607 40538
35609 29943
35611 29518
35611 35610
35613 3370
35613 35612
35615 53133
35615 35614
35617 7925
35617 48761
35619 14120
35619 35618
35621 2607
35621 35620
35623 36119
35623 35622
35625 14062
35625 35624
35627 400
35627 49817
35629 34660
35629 48595
35631 983
35631 35630
35633 15855
35635 29809
35635 35634
35637 20852
35639 3542
35639 35638
35641 9489
35641 35640
35643 22971
35643 35642
35645 21607
35645 35644
35647 15988
35647 35646
35649 21560
35649 35648
35651 8989
35651 46751
35653 35103
35653 35652
35655 7155
35655 35654
35657 2778
35657 35656
35659 9230
35659 42174
35661 27823
35661 35660
35663 1122
35663 35662
35665 21839
35665 35664
35667 22008
35667 35666
35669 22435
35669 35668
35671 35877
35671 35670
35673 21824
35675 30156
35675 35674
35677 2085
35677 35676
35679 28944
35679 48277
35681 28434
35681 41644
35683 42760
35683 35682
35685 48199
35685 35684
35687 9574
35687 35686
35689 34322
35689 35688
35691 41298
35691 35690
35693 7974
35693 35692
35695 20915
35695 35694
35697 15430
35697 35696
35699 28717
35699 35698
35701 46659
35701 35700
35703 22922
35703 35702
35705 28561
35705 35704
35707 33775
35707 35706
35709 1325
35709 35708
35711 43254
35711 35710
35713 16959
35713 35712
35715 1363
35715 35714
35717 16974
35717 35716
35719 116
35719 35718
35721 15439
35721 35720
35723 8163
35723 35722
35725 9717
35725 35724
35727 23577
35727 35726
35729 9319
35729 35728
35731 27952
35731 35730
35733 8395
35733 35732
35735 10078
35735 35734
35737 15189
35737 40418
35739 22702
35739 35738
35741 28507
35741 35740
35743 48509
35743 35742
35745 40404
35745 35744
35747 47375
35747 35746
35749 35748
35751 7421
35751 40362
35753 7949
35753 35752
35755 7368
35755 35754
35757 2507
35757 35756
35759 8542
35759 35758
35761 21749
35761 35760
35763 29741
35763 35762
35765 16437
35765 35764
35767 16782
35767 35766
35769 35768
35771 34634
35771 35770
35773 40145
35775 13941
35777 9865
35777 35776
35779 10445
35779 35778
35781 23552
35781 35780
35783 20534
35783 35782
35785 48137
35785 35784
35787 2686
35787 35786
35789 20639
35789 47843
35791 28668
35791 35790
35793 34214
35793 35792
35795 23584
35795 41038
35797 14566
35797 35796
35799 8381
35799 35798
35801 29574
35801 35800
35803 20846
35803 41286
35805 3080
35805 35804
35807 29845
35807 35806
35809 2898
35809 35808
35811 34212
35811 35810
35813 33948
35813 47277
35815 15782
35815 35814
35817 20587
35817 35816
35819 29321
35819 35925
35821 23773
35821 35820
35823 8209
35823 35822
35825 2192
35825 35824
35827 7285
35827 35826
35829 14324
35829 35828
35831 20770
35831 46865
35833 7564
35833 35832
35835 215
35835 35834
35837 49517
35837 35836
35839 30180
35839 35838
35841 8199
35841 35840
35843 8561
35843 35842
35845 35026
35845 35844
35847 20576
35847 35846
35849 1636
35849 49073
35851 3536
35851 35850
35853 7749
35853 35852
35855 36713
35855 35854
35857 2595
35857 35856
35859 14582
35859 35858
35861 693
35861 35860
35863 20892
35863 35862
35865 35400
35865 35864
35867 48925
35869 47847
35869 35868
35871 1165
35871 35870
35873 10360
35873 47313
35875 20895
35875 35874
35877 27539
35877 43062
35879 980
35879 35878
35881 22107
35881 35880
35883 47399
35883 35882
35885 35884
35887 28946
35887 35886
35889 21740
35889 35888
35891 34904
35891 35890
35893 16048
35893 35892
35895 15955
35895 35894
35897 1613
35897 35896
35899 28932
35899 42640
35901 10462
35901 36029
35903 822
35903 42010
35905 20555
35905 42800
35907 27738
35907 41686
35909 49677
35909 35908
35911 1048
35911 35910
35913 356
35913 35912
35915 23300
35915 35914
35917 27724
35917 36892
35919 35573
35919 35918
35921 20585
35921 35920
35923 21750
35923 35922
35925 35818
35927 15869
35927 35926
35929 8850
35929 35928
35931 2561
35931 35930
35933 33604
35933 35932
35935 28690
35935 36874
35937 14750
35939 3611
35939 35938
35941 40680
35941 35940
35943 9945
35943 49407
35945 16611
35945 35944
35947 49397
35947 42998
35949 7472
35949 42392
35951 41198
35951 47139
35953 1750
35953 35952
35955 35592
35955 47709
35957 21954
35957 35956
35959 21226
35959 35958
35961 28102
35961 40452
35963 14139
35963 35962
35965 7775
35965 35964
35967 8535
35967 35966
35969 15087
35969 35968
35971 22611
35971 36804
35973 30383
35973 35972
35975 23524
35975 35974
35977 1139
35977 36217
35979 3862
35979 35978
35981 23521
35981 35980
35983 36901
35985 3414
35985 35984
35987 292
35987 35986
35989 47001
35989 35988
35991 41584
35991 35990
35993 16544
35993 35992
35995 33612
35995 35994
35997 35823
35997 35996
35999 22200
35999 42630
36001 2877
36001 36000
36003 9455
36003 36002
36005 21539
36005 36004
36007 21911
36007 36006
36009 2335
36009 36008
36011 22537
36011 36010
36013 28260
36013 36012
36015 33788
36015 36014
36017 33624
36017 36016
36019 40052
36019 36025
36021 28940
36021 36020
36023 28763
36023 36022
36025 36897
36027 8936
36027 36026
36029 49569
36031 15573
36031 36030
36033 7833
36033 36032
36035 3603
36035 36034
36037 2955
36037 36036
36039 29494
36039 36038
36041 3661
36041 36040
36043 48311
36043 36042
36045 21407
36045 36044
36047 23067
36047 36046
36049 2526
36049 41598
36051 35540
36051 36050
36053 1913
36053 36052
36055 36759
36055 36054
36057 2679
36057 36056
36059 30368
36059 36058
36061 21249
36061 36060
36063 41538
36063 36062
36065 23660
36065 36064
36067 16961
36067 36066
36069 3601
36069 36068
36071 9808
36071 41970
36073 9933
36073 36072
36075 14305
36075 36074
36077 22063
36077 36076
36079 15424
36079 36078
36081 8227
36081 36080
36083 15758
36083 36082
36085 27924
36085 36084
36087 35869
36087 36086
36089 53124
36091 16493
36091 36870
36093 8356
36093 36092
36095 35376
36095 36094
36097 23344
36097 36096
36099 41650
36099 40324
36101 8491
36101 47229
36103 47453
36103 36102
36105 3646
36105 36104
36107 687
36107 36106
36109 34689
36109 36108
36111 49409
36111 36110
36113 28506
36113 36112
36115 40208
36115 36114
36117 29071
36117 36116
36119 21932
36119 36118
36121 1447
36121 36120
36123 16250
36123 36122
36125 7460
36125 36161
36127 3021
36129 8326
36131 3585
36131 36130
36133 26925
36133 36132
36135 2513
36135 36134
36137 1180
36137 46837
36139 13974
36139 36138
36141 14841
36141 36140
36143 30056
36143 36142
36145 36144
36147 3380
36147 36146
36149 1130
36149 36148
36151 27981
36151 47393
36153 17069
36153 36152
36155 16215
36155 36154
36157 9460
36157 36792
36159 46961
36159 36158
36161 36124
36163 35030
36163 36893
36165 15084
36165 36164
36167 7385
36167 36166
36169 2095
36171 40280
36171 47287
36173 22139
36173 36172
36175 27358
36175 36174
36177 2844
36177 36176
36179 3620
36179 47607
36181 23483
36181 36816
36183 14840
36183 36182
36185 36601
36185 36184
36187 8269
36187 36186
36189 34721
36189 36188
36191 13969
36191 36190
36193 42242
36193 36192
36195 10301
36195 36194
36197 21030
36197 36196
36199 2462
36199 36198
36201 16654
36201 40986
36203 40129
36203 36202
36205 14765
36207 34014
36207 36206
36209 22098
36209 36208
36211 42298
36211 47631
36213 2495
36213 36491
36215 28136
36215 36214
36217 35976
36217 36216
36219 14768
36219 36218
36221 9339
36221 48175
36223 9736
36223 36222
36225 1026
36225 36224
36227 34664
36227 36226
36229 22056
36229 41024
36231 28139
36231 41818
36233 27938
36233 36232
36235 21210
36235 36234
36237 22037
36237 36236
36239 35598
36239 36238
36241 23295
36241 36240
36243 7097
36243 36242
36245 7642
36245 43068
36247 15731
36247 36246
36249 35335
36249 36248
36251 1351
36251 47893
36253 15412
36253 36252
36255 34378
36255 36254
36257 1513
36257 36256
36259 3305
36259 36258
36261 23267
36261 36260
36263 2498
36263 36262
36265 29374
36265 36264
36267 14717
36267 36266
36269 14088
36269 42836
36271 27451
36271 36270
36273 33739
36273 42138
36275 13897
36275 36274
36277 21474
36277 36276
36279 27857
36279 36278
36281 16821
36281 36280
36283 3794
36283 48601
36285 41628
36285 36284
36287 16553
36287 41940
36289 28709
36289 36288
36291 28545
36291 36290
36293 21803
36293 36292
36295 22600
36295 36294
36297 17084
36297 36296
36299 42230
36299 36298
36301 9667
36301 36300
36303 21618
36303 36302
36305 360
36305 36304
36307 35576
36307 36306
36309 21856
36309 36308
36311 23230
36311 36310
36313 2819
36313 36312
36315 40638
36315 36314
36317 15021
36317 36316
36319 36337
36319 36318
36321 3232
36321 36320
36323 33806
36323 36322
36325 20896
36325 36324
36327 40832
36327 48441
36329 36328
36331 1835
36331 36330
36333 1860
36333 36332
36335 2892
36335 36334
36337 23243
36339 201
36339 36338
36341 34454
36341 36340
36343 15232
36343 40626
36345 20444
36345 36344
36347 7304
36347 36346
36349 9152
36349 36348
36351 23419
36351 36350
36353 36352
36355 21583
36355 36354
36357 27918
36357 40798
36359 1475
36359 36358
36361 41100
36361 41522
36363 36705
36363 36362
36365 9764
36365 41352
36367 9728
36367 36366
36369 187
36369 36368
36371 23781
36371 48817
36373 27739
36373 36372
36375 414
36375 36374
36377 683
36377 36376
36379 7310
36379 36378
36381 304
36381 36380
36383 2743
36383 36382
36385 9695
36385 36384
36387 34886
36387 41684
36389 117
36389 36388
36391 28077
36391 36390
36393 29579
36393 36392
36395 40602
36395 46570
36397 33929
36397 36396
36399 46785
36401 2705
36401 36400
36403 20731
36403 36402
36405 41652
36405 36404
36407 770
36407 36406
36409 23648
36409 36408
36411 10011
36411 42764
36413 7894
36413 36412
36415 15420
36415 41308
36417 8277
36417 36416
36419 35556
36419 36418
36421 15267
36421 36420
36423 28305
36423 36422
36425 23374
36425 40149
36427 27156
36427 36426
36429 2921
36429 36428
36431 3862
36431 36430
36433 17194
36433 43176
36435 16138
36435 36434
36437 28872
36437 36436
36439 41728
36439 36438
36441 2209
36441 36443
36443 36440
36443 36442
36445 7798
36445 36444
36447 2967
36447 36446
36449 40802
36451 22391
36451 36450
36453 27668
36453 36452
36455 7672
36455 36454
36457 17
36457 36456
36459 27674
36459 36458
36461 15502
36461 36460
36463 27860
36465 15659
36465 36464
36467 36579
36467 36466
36469 42122
36469 36468
36471 22929
36471 36470
36473 7393
36473 36472
36475 36909
36477 733
36477 36787
36479 1595
36479 36478
36481 33765
36481 36480
36483 28512
36483 42308
36485 30348
36485 36484
36487 14056
36487 36486
36489 34229
36489 36488
36491 36212
36491 36490
36493 47859
36493 36492
36495 34919
36495 36494
36497 27704
36497 36496
36499 27666
36499 42240
36501 20872
36501 36500
36503 30377
36503 36502
36505 192
36505 36504
36507 49577
36507 36506
36509 29868
36509 36508
36511 17183
36511 49423
36513 16131
36513 40131
36515 41720
36515 36514
36517 36516
36519 43415
36521 16757
36521 36520
36523 40336
36523 36522
36525 84
36525 36524
36527 15907
36527 36526
36529 8511
36529 36528
36531 3856
36531 36530
36533 14476
36533 36532
36535 20734
36535 36534
36537 2681
36537 36536
36539 7319
36539 36538
36541 1263
36541 36540
36543 34390
36543 36542
36545 29986
36545 49191
36547 47773
36547 36546
36549 47175
36549 36548
36551 29996
36551 36550
36553 23173
36553 36552
36555 2652
36555 36554
36557 22111
36557 36556
36559 40458
36559 36558
36561 8143
36561 36560
36563 13992
36563 36562
36565 27530
36565 36564
36567 28469
36567 36566
36569 27875
36569 36568
36571 950
36571 36570
36573 22751
36573 36572
36575 21907
36575 36574
36577 13819
36577 36576
36579 34870
36581 36580
36583 8636
36583 36582
36585 40454
36587 49347
36587 36586
36589 13987
36589 36588
36591 8560
36593 42288
36593 36592
36595 16902
36595 40616
36597 2433
36599 9761
36599 36598
36601 21457
36601 36600
36603 28880
36603 36602
36605 9467
36607 3097
36607 36606
36609 48145
36609 36608
36611 41384
36611 36610
36613 29882
36613 36612
36615 36914
36617 22785
36617 36616
36619 27864
36619 42862
36621 1581
36621 36620
36623 2409
36623 36622
36625 36624
36627 22691
36627 36626
36629 15919
36629 36628
36631 27186
36631 36630
36633 30090
36633 36632
36635 7446
36635 47571
36637 8583
36637 41128
36639 14603
36639 36638
36641 3415
36641 36640
36643 48759
36643 36642
36645 35159
36645 36644
36647 805
36647 36646
36649 22249
36649 36648
36651 21202
36651 36650
36653 36915
36653 36786
36655 34424
36655 36654
36657 10085
36657 36656
36659 14839
36659 36658
36661 27576
36661 36660
36663 36895
36663 48959
36665 14224
36665 36664
36667 2283
36667 36666
36669 23450
36669 36668
36671 28726
36671 36670
36673 2430
36673 43433
36675 27640
36675 36674
36677 15927
36677 36676
36679 3577
36679 36678
36681 1987
36681 42224
36683 35176
36683 47841
36685 28048
36685 36684
36687 48427
36687 36686
36689 34908
36689 36688
36691 3829
36691 36690
36693 16416
36693 36692
36695 36257
36695 36694
36697 33819
36697 42656
36699 36698
36701 3515
36701 36700
36703 29404
36703 36702
36705 14337
36705 36704
36707 40612
36707 36706
36709 21142
36709 36708
36711 42170
36711 36710
36713 9435
36713 36712
36715 27212
36715 36714
36717 29900
36717 36716
36719 22293
36719 49387
36721 2367
36721 36720
36723 27432
36723 36722
36725 29849
36725 36724
36727 47495
36727 36726
36729 8234
36729 36728
36731 43264
36731 36730
36733 49013
36733 36732
36735 27599
36735 36734
36737 13920
36737 36736
36739 40768
36739 36738
36741 27486
36741 41998
36743 9501
36743 36742
36745 15257
36745 36744
36747 2949
36747 36746
36749 15094
36749 36748
36751 34480
36751 36750
36753 27472
36753 36752
36755 21491
36755 47049
36757 16111
36757 36756
36759 27450
36759 36758
36761 35929
36761 36760
36763 7130
36763 36762
36765 21546
36765 36764
36767 14129
36767 36766
36769 28688
36769 36768
36771 17035
36773 9732
36773 36772
36775 15710
36775 36774
36777 8429
36777 36776
36779 41688
36779 36778
36781 21768
36781 36780
36783 1259
36783 36782
36785 21568
36785 36784
36786 0
36787 42208
36788 43423
36788 21703
36789 15876
36790 36867
36791 41338
36791 33518
36792 36156
36792 40750
36793 34210
36793 7095
36794 46955
36795 30193
36795 1693
36796 15480
36797 873
36797 9484
36798 1163
36798 8912
36799 21143
36799 14439
36800 34911
36800 10285
36801 46851
36801 15537
36802 36830
36802 29081
36803 14560
36803 8032
36804 43170
36804 21054
36805 27810
36806 27912
36807 21207
36807 21206
36808 17184
36808 16981
36809 2979
36809 7792
36810 48951
36810 15113
36811 47129
36812 41812
36813 33761
36814 36832
36814 14485
36815 40055
36815 2841
36816 33986
36817 1747
36817 35885
36818 27301
36819 23756
36820 7879
36820 40035
36821 28448
36821 34525
36822 49631
36822 29888
36823 27612
36823 49257
36824 33944
36825 17032
36826 13813
36827 34083
36827 36834
36828 36913
36829 3638
36830 35194
36830 22648
36831 49401
36831 36790
36832 33834
36833 36815
36834 34082
36835 41622
36835 35520
36836 9823
36837 17717
36837 18290
36838 7032
36838 4338
36839 26397
36839 52639
36840 43861
36840 4592
36841 6883
36841 5482
36842 17106
36842 4444
36843 39873
36843 11726
36844 43665
36845 4667
36845 10750
36846 5437
36846 11160
36847 3963
36847 540
36848 11903
36848 10832
36849 32420
36849 19045
36850 32800
36850 38093
36851 27018
36851 18327
36852 33054
36852 10554
36853 20515
36853 12016
36854 38497
36854 24686
36855 5201
36855 17797
36856 27103
36856 24098
36857 18381
36857 13654
36858 19638
36858 4806
36859 4379
36859 6470
36860 43491
36860 5960
36861 12739
36861 11320
36862 18176
36862 26322
36863 38399
36863 5904
36864 44507
36864 31321
36865 18610
36865 31681
36866 34616
33672 36866
36867 988
33676 36867
36868 42258
36869 834
33748 36869
36870 36090
33796 48961
36871 15296
33864 36871
36872 41284
33880 36872
36873 48897
36874 35934
34030 46875
36875 40122
36876 15182
36877 1677
36878 16392
34144 36878
36879 35516
34158 42090
36880 9962
34186 43310
36881 48507
34222 36881
36882 35336
34272 36882
36883 49557
34342 47635
36884 35100
34366 36884
36885 21201
34522 36885
36886 36386
34602 36886
36887 22070
34606 36887
36888 30378
34858 36888
36889 1585
34890 36889
36890 1873
34892 40944
36891 335
34900 36891
36892 35916
34914 41488
36893 36162
34950 36893
36894 35074
35054 42550
36895 28308
35136 43074
36896 20598
35364 36896
36897 36018
35444 36897
36898 9010
35552 36898
36899 29942
35608 36899
36900 8852
35942 46707
36901 15888
35982 36901
36902 22982
36903 7790
36126 40556
36904 23343
36128 36904
36905 20678
36180 47997
36906 3100
36204 40206
36907 15349
36448 36907
36908 35524
36462 36908
36909 14294
36474 36909
36910 48565
36476 42068
36911 23318
36518 36911
36912 2493
36913 9466
36604 36913
36914 2461
36915 15554
36917 4179
36917 36916
36919 24785
36919 37481
36921 20498
36921 36920
36923 45487
36923 36922
36925 24868
36925 51907
36927 24274
36927 44231
36929 30529
36929 36928
36931 25242
36931 36930
36933 26879
36933 50283
36935 32759
36935 43977
36937 31188
36937 36936
36939 26989
36939 37907
36941 5289
36941 36940
36943 3910
36943 36942
36945 3900
36947 6165
36947 36946
36949 13287
36949 36948
36951 12031
36951 36950
36953 33640
36953 37411
36955 26615
36955 36954
36957 10703
36957 36956
36959 27117
36959 36958
36961 19350
36961 36960
36963 5535
36963 36962
36965 4025
36965 36964
36967 18649
36967 52217
36969 40159
36971 13580
36971 36970
36973 6433
36973 36972
36975 38705
36975 36974
36977 19021
36977 36976
36979 32356
36979 36978
36981 50955
36981 36980
36983 7029
36983 52345
36985 11272
36985 36984
36987 5813
36987 36986
36989 25104
36989 39931
36991 19755
36991 36990
36993 31892
36993 51041
36995 13344
36995 36994
36997 13196
36997 36996
36999 44391
36999 44309
37001 18305
37001 37000
37003 5248
37003 37002
37005 6406
37005 37004
37007 37006
37009 25958
37009 37008
37011 31875
37011 37010
37013 44353
37013 37012
37015 6408
37015 43731
37017 12140
37017 39597
37019 13250
37019 43849
37021 30869
37023 5317
37023 37022
37025 5320
37025 37043
37027 25351
37027 37026
37029 5333
37029 37825
37031 18876
37031 50485
37033 5300
37033 37032
37035 11716
37035 37034
37037 18983
37037 37036
37039 26908
37039 37038
37041 18237
37041 50475
37043 37024
37043 37042
37045 32943
37045 39837
37047 39603
37047 40103
37049 24075
37049 37048
37051 17424
37051 37050
37053 10778
37053 37052
37055 26695
37055 37054
37057 13187
37057 44495
37059 6324
37059 37058
37061 31398
37061 43761
37063 24704
37063 51237
37065 26180
37065 37064
37067 11472
37067 37066
37069 24850
37069 37068
37071 6442
37071 37377
37073 11154
37073 45325
37075 6538
37075 46345
37077 38109
37077 51627
37079 18691
37079 37078
37081 11718
37081 37080
37083 11365
37083 40061
37085 18698
37085 37084
37087 37086
37089 11125
37089 37088
37091 12238
37091 37090
37093 5827
37093 37092
37095 17486
37095 37094
37097 25132
37097 37096
37099 25690
37099 37811
37101 24574
37101 40029
37103 10859
37103 37102
37105 675
37105 37104
37107 33594
37107 37106
37109 38763
37109 44359
37111 46551
37111 37110
37113 6596
37113 45775
37115 30572
37115 37114
37117 38151
37117 37116
37119 25578
37119 37118
37121 33650
37121 44005
37123 24248
37123 37661
37125 5550
37125 38197
37127 17700
37127 37126
37129 18054
37129 37128
37131 6505
37131 37130
37133 24304
37133 44545
37135 12005
37135 37134
37137 32023
37137 37136
37139 4224
37139 37138
37141 25888
37141 37140
37143 50357
37143 37142
37145 30459
37145 37144
37147 6991
37147 37146
37149 43581
37149 37148
37151 17442
37151 37150
37153 24547
37153 37152
37155 6576
37155 37154
37157 32269
37157 37156
37159 17511
37159 37158
37161 24172
37161 37160
37163 27128
37163 37162
37165 11688
37165 43657
37167 46311
37169 13356
37169 37168
37171 18656
37171 37170
37173 19173
37173 50923
37175 6174
37175 37174
37177 6788
37177 37176
37179 27084
37179 38045
37181 5809
37183 6257
37183 37182
37185 11620
37185 37184
37187 20508
37187 37186
37189 6003
37189 37188
37191 548
37191 37190
37193 5359
37193 46309
37195 37485
37195 37194
37197 4793
37197 37196
37199 32547
37199 49941
37201 30854
37201 37200
37203 23926
37203 39085
37205 50767
37205 37204
37207 33194
37207 37206
37209 20231
37209 46513
37211 25408
37211 37210
37213 23934
37213 37212
37215 6907
37215 37214
37217 4053
37217 44531
37219 33099
37219 37218
37221 32299
37221 37417
37223 11409
37223 37222
37225 50027
37225 37224
37227 24551
37229 4022
37229 37228
37231 7189
37231 37230
37233 33647
37233 38441
37235 32399
37237 38485
37237 38059
37239 19502
37239 37238
37241 27109
37241 37240
37243 24266
37243 37242
37245 11785
37245 37244
37247 39113
37247 44539
37249 13045
37249 37248
37251 19172
37251 37250
37253 26304
37253 44331
37255 43443
37255 45093
37257 24672
37257 37256
37259 44721
37259 37258
37261 23985
37261 37260
37263 11072
37263 37262
37265 39745
37265 37264
37267 39737
37267 44819
37269 32357
37269 45837
37271 39521
37271 37270
37273 6214
37273 46225
37275 13149
37275 37274
37277 5966
37277 37276
37279 38765
37279 37278
37281 25432
37281 37280
37283 4351
37283 37282
37285 11884
37287 31128
37287 37286
37289 447
37289 37288
37291 11259
37291 37290
37293 24316
37293 37292
37295 5449
37295 52475
37297 162
37297 37296
37299 18716
37299 37298
37301 30440
37301 37300
37303 39259
37303 37302
37305 11389
37305 37304
37307 52111
37307 37306
37309 11353
37309 37308
37311 5618
37311 46047
37313 19930
37313 37312
37315 32893
37315 37314
37317 51467
37317 37316
37319 5430
37319 37318
37321 37320
37323 13876
37323 37322
37325 26486
37325 45881
37327 37425
37329 46367
37329 51921
37331 6277
37331 37330
37333 17964
37333 37332
37335 32535
37335 37334
37337 17490
37337 37336
37339 25482
37339 37338
37341 11343
37341 37340
37343 44519
37343 37342
37345 4109
37345 37344
37347 38931
37347 37346
37349 24018
37349 40072
37351 53083
37351 43779
37353 31414
37353 37352
37355 5739
37355 37354
37357 10767
37357 37356
37359 5891
37359 37358
37361 20141
37361 37360
37363 33105
37363 45393
37365 6087
37365 37364
37367 45819
37367 37366
37369 10844
37369 37368
37371 19361
37371 37370
37373 13255
37373 43483
37375 33494
37375 37374
37377 37070
37377 37376
37379 13443
37379 37378
37381 31060
37383 24888
37383 39497
37385 13405
37385 37384
37387 19764
37387 37386
37389 5896
37389 37388
37391 52163
37393 12750
37393 37869
37395 19240
37395 37394
37397 52071
37397 37396
37399 51331
37399 37398
37401 6935
37401 37400
37403 32199
37403 50543
37405 12555
37405 37404
37407 25184
37407 37406
37409 38345
37409 37408
37411 36952
37411 37410
37413 4377
37413 38733
37415 12265
37415 50097
37417 50621
37417 37416
37419 33626
37419 37418
37421 24864
37421 45137
37423 10861
37423 37422
37425 46695
37425 37424
37427 19384
37427 37426
37429 10468
37429 37428
37431 37044
37431 37430
37433 32230
37433 37432
37435 51873
37435 37434
37437 37436
37439 44629
37439 37438
37441 17423
37441 37440
37443 45735
37443 37442
37445 33189
37445 37444
37447 4721
37447 37446
37449 18768
37449 37448
37451 6971
37451 37450
37453 17476
37453 37452
37455 4449
37455 37454
37457 26004
37457 37456
37459 7062
37459 37458
37461 50265
37461 37460
37463 46479
37463 37462
37465 10793
37465 37464
37467 10839
37467 37466
37469 26230
37469 50601
37471 5277
37471 38049
37473 17921
37473 37472
37475 36966
37475 37474
37477 26055
37477 37476
37479 20242
37479 37478
37481 36918
37481 52109
37483 19928
37485 12688
37485 50191
37487 32373
37487 51559
37489 52073
37489 37488
37491 19882
37491 37490
37493 6207
37493 37492
37495 13872
37497 13387
37497 37496
37499 17207
37499 37498
37501 51979
37501 37500
37503 12642
37503 37502
37505 17876
37505 44679
37507 31963
37507 37506
37509 46487
37509 37508
37511 4942
37511 37510
37513 24122
37513 37593
37515 25090
37515 37514
37517 11388
37517 37516
37519 13447
37519 37518
37521 18500
37521 37520
37523 32205
37523 38981
37525 19803
37525 45971
37527 11057
37527 37526
37529 32578
37529 37528
37531 17466
37531 37530
37533 46371
37533 37532
37535 12461
37535 43517
37537 32017
37537 37536
37539 52711
37539 39083
37541 6789
37541 45367
37543 30872
37543 37542
37545 32228
37545 37544
37547 52015
37547 46615
37549 31739
37549 43947
37551 19935
37551 38365
37553 39839
37553 37552
37555 32037
37555 51245
37557 52603
37557 45913
37559 27127
37559 37558
37561 4511
37561 44523
37563 65
37563 37562
37565 12398
37565 37564
37567 5775
37567 37566
37569 31030
37569 45459
37571 19094
37571 37570
37573 11375
37573 37572
37575 12183
37577 10885
37577 51383
37579 24100
37579 45841
37581 6313
37581 40066
37583 52801
37583 37582
37585 26889
37585 37584
37587 32908
37587 37586
37589 37849
37589 37588
37591 19089
37591 37590
37593 46319
37593 39591
37595 38067
37595 37594
37597 5927
37597 37596
37599 37598
37601 11223
37601 37600
37603 58
37603 37602
37605 13092
37607 30647
37607 37606
37609 24800
37609 52555
37611 6113
37611 40167
37613 30487
37613 37612
37615 11506
37615 40195
37617 12028
37617 51733
37619 13713
37619 37618
37621 18958
37621 37620
37623 18859
37623 44535
37625 24928
37625 37624
37627 26120
37627 37626
37629 44237
37629 37628
37631 24678
37631 37630
37633 45035
37633 37632
37635 11281
37635 51369
37637 38773
37637 37636
37639 4177
37639 37638
37641 32754
37641 37640
37643 30970
37643 37642
37645 38495
37645 37644
37647 27090
37647 37679
37649 4877
37649 37648
37651 25948
37651 37650
37653 37652
37655 10544
37655 38065
37657 38661
37659 10682
37659 37658
37661 38657
37661 37660
37663 46445
37663 37662
37665 11329
37665 37664
37667 12213
37667 39683
37669 33459
37669 37668
37671 37670
37673 37899
37673 37672
37675 51753
37677 44707
37677 37676
37679 37646
37679 37761
37681 26022
37681 37680
37683 51591
37685 50385
37685 37684
37687 38711
37687 37686
37689 31595
37689 38815
37691 37217
37691 43633
37693 52755
37693 37692
37695 30834
37695 37694
37697 44989
37697 37696
37699 13705
37699 37698
37701 38565
37701 37700
37703 26013
37705 33264
37705 37704
37707 5954
37707 37706
37709 11699
37711 6112
37711 46503
37713 13384
37713 37712
37715 33077
37715 51405
37717 4618
37717 44207
37719 39827
37719 37718
37721 5461
37721 37720
37723 12008
37723 37722
37725 32676
37725 37724
37727 25200
37727 37726
37729 24744
37731 53021
37731 37730
37733 19315
37733 37732
37735 33293
37735 51763
37737 31586
37737 37736
37739 13831
37739 37738
37741 3911
37741 37740
37743 32408
37743 37742
37745 33338
37745 37744
37747 45199
37747 37746
37749 45835
37749 37748
37751 44549
37751 37750
37753 18425
37753 37752
37755 17495
37755 38001
37757 50799
37757 37756
37759 12703
37759 37758
37761 52367
37761 38507
37763 46668
37763 37762
37765 45863
37765 37764
37767 176
37767 49867
37769 75
37769 45149
37771 4301
37771 37770
37773 26460
37773 37772
37775 23958
37775 45799
37777 33491
37777 37776
37779 24420
37779 37778
37781 12370
37781 37780
37783 11131
37783 37782
37785 52657
37785 37784
37787 33448
37787 37786
37789 44651
37789 44691
37791 25079
37791 50017
37793 11497
37793 37792
37795 12805
37795 37794
37797 27126
37797 37796
37799 24542
37799 38291
37801 10639
37801 37800
37803 11145
37803 45927
37805 12910
37807 31756
37807 37806
37809 44407
37809 37808
37811 37098
37811 37810
37813 5468
37813 37812
37815 24009
37815 37814
37817 13703
37817 37816
37819 38409
37819 51269
37821 37820
37823 33228
37823 37822
37825 37028
37827 26320
37827 40065
37829 11557
37829 37828
37831 430
37831 37830
37833 7225
37833 37832
37835 4234
37835 37834
37837 31802
37837 37836
37839 39335
37839 37838
37841 20369
37841 37840
37843 33405
37843 45745
37845 4501
37845 37844
37847 12672
37847 37846
37849 19941
37849 38667
37851 7060
37851 37850
37853 17130
37853 37852
37855 13204
37855 37854
37857 26166
37857 37856
37859 31323
37859 37858
37861 12741
37861 37860
37863 17966
37863 37862
37865 10872
37865 37864
37867 18408
37867 40068
37869 37392
37869 37868
37871 13205
37871 37870
37873 24780
37873 37872
37875 4191
37875 37874
37877 32485
37877 38145
37879 53114
37879 50933
37881 13074
37881 37880
37883 23928
37883 37882
37885 13852
37885 37884
37887 19310
37887 37886
37889 19257
37889 37888
37891 46135
37891 37890
37893 13558
37893 37892
37895 45955
37895 37894
37897 4114
37897 52769
37899 13648
37899 37898
37901 20108
37901 37900
37903 50917
37903 37902
37905 51309
37905 37904
37907 36938
37907 37906
37909 23829
37909 37908
37911 30949
37911 37910
37913 4221
37913 38199
37915 10777
37915 37914
37917 11114
37917 38133
37919 51481
37919 37918
37921 32462
37921 43763
37923 4223
37923 37922
37925 19657
37925 37924
37927 39105
37927 45351
37929 13853
37929 37928
37931 18461
37931 37930
37933 6850
37933 37932
37935 11524
37935 37934
37937 12513
37937 37936
37939 11768
37939 37938
37941 31946
37941 38491
37943 17604
37943 37942
37945 10634
37945 37944
37947 5193
37947 37946
37949 46687
37949 37948
37951 6205
37951 37950
37953 4427
37953 37952
37955 30696
37955 46237
37957 44555
37957 37956
37959 5363
37959 37958
37961 13864
37961 45529
37963 6550
37963 38519
37965 5994
37965 37964
37967 25037
37967 37966
37969 17780
37969 37968
37971 5631
37971 37970
37973 19053
37973 37972
37975 11485
37975 37974
37977 52707
37977 37976
37979 25583
37979 37978
37981 18090
37981 37980
37983 4353
37983 37982
37985 25495
37985 37984
37987 4021
37987 37986
37989 17509
37989 37988
37991 38869
37991 37990
37993 5610
37993 37992
37995 572
37995 37994
37997 31033
37999 38503
37999 37998
38001 43547
38001 38000
38003 5616
38003 38002
38005 17581
38005 38004
38007 627
38007 38006
38009 44533
38009 51955
38011 17858
38011 38010
38013 4763
38013 38012
38015 31684
38015 38014
38017 37837
38017 38016
38019 3918
38019 38018
38021 33217
38021 38020
38023 31423
38023 38022
38025 37107
38025 40088
38027 39861
38027 38026
38029 33029
38029 38028
38031 31953
38031 38030
38033 13330
38033 38032
38035 39221
38037 44067
38037 38036
38039 4821
38039 38038
38041 24526
38041 38040
38043 6685
38043 38042
38045 37178
38045 38044
38047 31703
38047 38046
38049 37470
38049 38048
38051 30645
38051 43887
38053 44435
38053 49975
38055 12254
38055 38054
38057 6586
38057 38056
38059 37236
38059 38058
38061 6422
38061 38060
38063 659
38063 38062
38065 37654
38065 38064
38067 30493
38067 38066
38069 13028
38069 38068
38071 25949
38071 38070
38073 4756
38073 38072
38075 26891
38075 38074
38077 19558
38077 38076
38079 5950
38079 38078
38081 51031
38081 38080
38083 32044
38083 38082
38085 11255
38085 38084
38087 5945
38087 40197
38089 6250
38089 46349
38091 19913
38091 38985
38093 5138
38093 38092
38095 19268
38095 38094
38097 26808
38097 40172
38099 12316
38099 38098
38101 24845
38101 52649
38103 12917
38103 38102
38105 18815
38105 38104
38107 17912
38107 38106
38109 5863
38109 38108
38111 12602
38111 38110
38113 6801
38113 38112
38115 5761
38115 38114
38117 4127
38117 38116
38119 12264
38119 38118
38121 11678
38121 38120
38123 24764
38123 38122
38125 43611
38125 38727
38127 11449
38127 38126
38129 24211
38129 38128
38131 19663
38131 38130
38133 50305
38133 38132
38135 6916
38135 39517
38137 12866
38137 52789
38139 27144
38139 38138
38141 11593
38141 38140
38143 20196
38143 52925
38145 37876
38145 38144
38147 50463
38149 38299
38149 38148
38151 32624
38151 38150
38153 4815
38153 38152
38155 5918
38157 45755
38157 38156
38159 13843
38159 38158
38161 12282
38161 38160
38163 18595
38163 38162
38165 39355
38165 40102
38167 5163
38167 38166
38169 459
38169 38168
38171 13540
38171 44155
38173 12738
38173 45099
38175 26534
38175 38174
38177 33646
38177 38176
38179 18068
38179 38178
38181 25695
38183 33436
38183 38182
38185 4080
38185 40179
38187 12413
38187 38186
38189 5999
38189 38188
38191 5735
38191 52437
38193 44705
38193 38192
38195 32947
38195 38194
38197 37124
38199 37912
38199 38198
38201 50869
38201 46435
38203 6201
38203 38202
38205 38204
38207 12883
38207 38206
38209 30898
38209 38208
38211 20018
38211 38210
38213 25552
38215 20128
38215 38214
38217 12892
38217 38216
38219 475
38219 38218
38221 25953
38221 38220
38223 31021
38223 38222
38225 4861
38225 38224
38227 32211
38227 38226
38229 19282
38229 38228
38231 20079
38231 44447
38233 4696
38233 38351
38235 32646
38235 38234
38237 43871
38237 51993
38239 175
38239 38238
38241 3895
38241 38240
38243 6057
38243 38242
38245 37233
38245 51789
38247 11165
38247 38246
38249 44143
38249 38248
38251 30337
38251 38250
38253 30750
38253 38252
38255 13135
38255 38254
38257 4148
38257 38256
38259 458
38259 38258
38261 51219
38261 38260
38263 26424
38263 38262
38265 579
38265 38264
38267 18147
38267 38266
38269 4469
38269 38268
38271 13036
38271 38270
38273 6728
38273 38272
38275 39025
38275 38274
38277 12143
38277 38276
38279 51167
38279 38278
38281 32733
38281 38280
38283 26598
38283 38282
38285 17738
38285 38284
38287 39339
38287 38286
38289 17263
38289 38288
38291 37798
38291 51207
38293 25709
38293 38292
38295 45575
38295 43981
38297 52477
38297 38575
38299 30685
38299 52981
38301 12618
38301 38300
38303 24670
38303 38302
38305 6836
38305 38304
38307 43390
38307 38306
38309 37275
38309 38308
38311 6751
38311 38310
38313 30899
38313 38312
38315 33286
38315 38314
38317 5427
38317 38316
38319 26300
38319 44479
38321 44327
38321 38320
38323 7078
38323 38322
38325 26611
38325 38324
38327 19142
38327 38326
38329 4481
38329 38328
38331 13044
38331 38330
38333 18282
38333 38332
38335 23871
38335 38334
38337 13046
38337 38336
38339 45225
38339 38338
38341 17300
38341 38340
38343 26712
38343 38342
38345 32347
38345 38344
38347 25960
38347 38346
38349 12962
38349 38348
38351 38232
38351 52047
38353 30835
38353 38723
38355 18535
38355 38354
38357 13532
38357 38356
38359 17335
38359 45641
38361 33539
38361 38360
38363 18260
38363 38362
38365 44881
38365 38364
38367 24328
38367 38366
38369 5738
38369 38368
38371 4599
38371 38370
38373 43865
38373 46443
38375 6359
38375 43455
38377 20234
38377 38376
38379 39175
38379 38378
38381 33449
38381 53015
38383 27097
38383 49993
38385 44951
38385 38384
38387 5338
38387 38386
38389 51735
38389 38388
38391 24255
38391 38390
38393 32141
38393 38392
38395 33172
38395 38394
38397 51713
38397 38396
38399 50661
38399 38398
38401 25345
38401 38400
38403 12977
38403 38402
38405 19108
38405 38404
38407 7200
38407 38406
38409 17985
38409 38549
38411 32855
38411 38410
38413 38693
38413 38412
38415 50947
38415 38414
38417 5502
38417 40160
38419 31877
38419 38418
38421 24409
38421 38420
38423 37959
38423 50751
38425 17874
38425 38424
38427 18642
38427 38426
38429 53185
38429 40056
38431 5979
38431 45051
38433 33080
38435 5093
38435 50337
38437 18953
38437 50047
38439 10891
38439 44269
38441 37232
38441 46473
38443 11590
38443 38442
38445 18563
38445 38444
38447 18257
38447 38446
38449 4440
38449 38448
38451 46359
38451 38450
38453 18219
38453 38452
38455 45599
38455 38454
38457 31880
38457 38456
38459 24900
38459 38458
38461 24150
38461 38460
38463 25550
38463 38462
38465 44025
38465 38464
38467 6481
38467 38466
38469 7252
38469 38468
38471 11205
38471 38470
38473 10890
38475 52209
38475 40078
38477 154
38477 38476
38479 10611
38479 38478
38481 18784
38481 38480
38483 31273
38483 38482
38485 4411
38485 38775
38487 31468
38487 38486
38489 13193
38489 38488
38491 37940
38491 38490
38493 19836
38493 38492
38495 20477
38495 38494
38497 24035
38497 38496
38499 13578
38499 38498
38501 17448
38501 38500
38503 30653
38503 38502
38505 24625
38505 38504
38507 38506
38509 561
38509 38899
38511 5683
38511 38510
38513 31661
38513 38512
38515 44275
38515 38514
38517 6612
38517 38516
38519 38518
38521 17271
38521 38520
38523 31312
38523 39251
38525 25477
38525 38524
38527 5510
38527 38721
38529 25976
38529 38528
38531 38350
38531 38530
38533 17816
38533 38532
38535 465
38535 38695
38537 6270
38537 38536
38539 6643
38539 38538
38541 36924
38541 38540
38543 4747
38543 38542
38545 10857
38545 38544
38547 40114
38547 40073
38549 38408
38549 38548
38551 12697
38551 38550
38553 18819
38553 38552
38555 31555
38555 38554
38557 26369
38557 38556
38559 13310
38561 11534
38561 38560
38563 4916
38563 38562
38565 6695
38565 51639
38567 6329
38567 40059
38569 3950
38569 38568
38571 20017
38571 38570
38573 10923
38573 38572
38575 50987
38575 38574
38577 27068
38577 38576
38579 4796
38579 38578
38581 4847
38581 38580
38583 31823
38583 38582
38585 19781
38585 38584
38587 27143
38587 43559
38589 26681
38589 38588
38591 18603
38591 38590
38593 12113
38593 38592
38595 25721
38595 38594
38597 6060
38597 38596
38599 18990
38599 38598
38601 20509
38601 38741
38603 31000
38603 38602
38605 18940
38605 38604
38607 31632
38607 38606
38609 5120
38609 45723
38611 13037
38611 38610
38613 4865
38613 38612
38615 11468
38615 38614
38617 39927
38617 44417
38619 13636
38619 38618
38621 25032
38621 38620
38623 24754
38623 38622
38625 46185
38625 38624
38627 32557
38627 46537
38629 17675
38629 38628
38631 4567
38631 38630
38633 3906
38633 38632
38635 43931
38635 38634
38637 37795
38637 38636
38639 6960
38639 38638
38641 24101
38641 44149
38643 52793
38645 5808
38645 38644
38647 6702
38647 38646
38649 45411
38649 38648
38651 6804
38653 6187
38653 38652
38655 27114
38655 38654
38657 37122
38657 38656
38659 50761
38659 38658
38661 12418
38661 45495
38663 17923
38663 38662
38665 11464
38665 38664
38667 37848
38667 38666
38669 4514
38669 38668
38671 26053
38671 40077
38673 11591
38673 45625
38675 11714
38675 38674
38677 6990
38677 38676
38679 31529
38679 38678
38681 26450
38681 38680
38683 6018
38683 38682
38685 25093
38685 38684
38687 17992
38687 39319
38689 4566
38689 38688
38691 31650
38691 38690
38693 32620
38693 40082
38695 38534
38695 38694
38697 5895
38697 38696
38699 6771
38699 38698
38701 32897
38701 38700
38703 11880
38703 38702
38705 38105
38705 51875
38707 17613
38707 38706
38709 12869
38709 38708
38711 24069
38711 38710
38713 25390
38713 44325
38715 25920
38715 52001
38717 52901
38717 38716
38719 32179
38719 38718
38721 38526
38721 38720
38723 39523
38723 38722
38725 12944
38725 38975
38727 38124
38727 44647
38729 12698
38729 38728
38731 30948
38731 38730
38733 37412
38733 38732
38735 24703
38735 38734
38737 50763
38737 51685
38739 27026
38739 38738
38741 38600
38741 38740
38743 26429
38743 38742
38745 4047
38745 38744
38747 13128
38747 38746
38749 30497
38749 38748
38751 53
38751 38750
38753 12033
38753 38752
38755 652
38755 38754
38757 6095
38757 39243
38759 18552
38759 38758
38761 45665
38763 51067
38763 38762
38765 19207
38765 45449
38767 31874
38767 38766
38769 38724
38769 38768
38771 44501
38771 38770
38773 6784
38773 38772
38775 38484
38775 38774
38777 10805
38777 38776
38779 32561
38779 38778
38781 13180
38781 44671
38783 44639
38783 38782
38785 23956
38785 38784
38787 46365
38787 44973
38789 43511
38789 38788
38791 44457
38791 38790
38793 4615
38793 38792
38795 19469
38795 38794
38797 5463
38797 38796
38799 24958
38799 38798
38801 24040
38801 38800
38803 26658
38803 38802
38805 43531
38805 38804
38807 17828
38807 38806
38809 11377
38809 38808
38811 27137
38811 38810
38813 11575
38813 38812
38815 37688
38815 38814
38817 18239
38817 45097
38819 6047
38819 40058
38821 24922
38821 38820
38823 11346
38823 38822
38825 6287
38825 38824
38827 31065
38827 51113
38829 18581
38829 38828
38831 33642
38831 46405
38833 25212
38833 38832
38835 18184
38835 38834
38837 31369
38837 38836
38839 27075
38839 38838
38841 17683
38841 38840
38843 6959
38843 38842
38845 20493
38845 38844
38847 11447
38847 38846
38849 50053
38849 38848
38851 33433
38851 39771
38853 38169
38853 38852
38855 44561
38855 38854
38857 12540
38857 38856
38859 50021
38861 50373
38863 25558
38863 38862
38865 46505
38865 38864
38867 13548
38867 38866
38869 10572
38869 39285
38871 27073
38871 38870
38873 10654
38873 38872
38875 17711
38875 39415
38877 7185
38877 38876
38879 50713
38879 38878
38881 39585
38881 38880
38883 7061
38883 38882
38885 26729
38885 38884
38887 4723
38887 38886
38889 37461
38889 38888
38891 17552
38891 38890
38893 5411
38893 38892
38895 39457
38895 38894
38897 31173
38897 38896
38899 38508
38899 38898
38901 7223
38901 38900
38903 7231
38903 50249
38905 19993
38905 38904
38907 26359
38907 38906
38909 4154
38909 45283
38911 44167
38913 20347
38913 38912
38915 39503
38915 38914
38917 30586
38917 38916
38919 37801
38919 38918
38921 12508
38921 50457
38923 24394
38923 50149
38925 25392
38925 44977
38927 5763
38927 38926
38929 30745
38929 38928
38931 4311
38931 38930
38933 5935
38933 38932
38935 4632
38935 38934
38937 13144
38937 38936
38939 43741
38941 32138
38941 38940
38943 6175
38943 50881
38945 6439
38945 40085
38947 20202
38947 38946
38949 30880
38949 46061
38951 23978
38951 38950
38953 39795
38953 38952
38955 19166
38955 38954
38957 50865
38957 38956
38959 20360
38959 38958
38961 11924
38961 38960
38963 17491
38963 38962
38965 13301
38965 38964
38967 10577
38967 40060
38969 30747
38969 38968
38971 30921
38971 38970
38973 11950
38973 51707
38975 38769
38975 38974
38977 50801
38977 38976
38979 31393
38979 51101
38981 46115
38981 38980
38983 26500
38983 43605
38985 38090
38985 44807
38987 13865
38987 38986
38989 6432
38989 38988
38991 11597
38991 38990
38993 39039
38993 50505
38995 33235
38995 38994
38997 43745
38997 39953
38999 38293
38999 51595
39001 50011
39001 39000
39003 32097
39003 39002
39005 31243
39005 39004
39007 50129
39007 39006
39009 10797
39009 39008
39011 31424
39011 39010
39013 6303
39013 39012
39015 30752
39015 39014
39017 52839
39017 39016
39019 20177
39019 39018
39021 18706
39021 39020
39023 7256
39023 39022
39025 23824
39025 45143
39027 32868
39027 39026
39029 6184
39029 44731
39031 18556
39031 39030
39033 50467
39033 39032
39035 17980
39035 39034
39037 12567
39037 39036
39039 19546
39039 39038
39041 4543
39041 39040
39043 19187
39043 39042
39045 25587
39045 39044
39047 4627
39047 39046
39049 11492
39049 39048
39051 33369
39053 30843
39053 39052
39055 6737
39055 39054
39057 6092
39057 39973
39059 25950
39059 39058
39061 25790
39061 39060
39063 52853
39063 39062
39065 23922
39065 39064
39067 48
39067 39066
39069 24874
39069 39068
39071 31307
39071 39070
39073 45907
39073 39072
39075 11551
39075 39074
39077 26764
39077 39076
39079 25917
39079 39078
39081 20385
39081 39080
39083 43957
39083 39082
39085 46447
39085 39084
39087 33371
39087 39086
39089 38955
39089 39088
39091 6511
39091 39090
39093 33659
39093 39092
39095 17641
39095 39094
39097 26163
39097 39096
39099 30590
39099 40094
39101 6085
39101 39100
39103 5727
39103 39102
39105 18025
39105 39104
39107 26374
39107 39106
39109 5810
39109 39108
39111 20034
39111 39110
39113 32479
39113 39112
39115 39777
39115 43693
39117 33581
39117 39116
39119 19985
39119 39118
39121 11639
39121 39120
39123 20509
39123 39122
39125 11576
39125 39124
39127 5139
39127 39126
39129 20483
39129 39128
39131 7270
39131 39130
39133 30794
39133 39132
39135 18312
39135 39134
39137 23949
39137 45845
39139 30413
39139 52611
39141 26252
39141 39140
39143 32324
39145 17540
39145 39144
39147 5988
39147 39146
39149 44781
39149 39148
39151 31611
39151 44889
39153 19228
39153 39152
39155 46698
39155 39154
39157 5657
39157 39156
39159 39719
39159 46169
39161 19500
39161 39160
39163 27096
39163 39162
39165 19437
39165 44109
39167 25883
39167 39166
39169 37309
39169 39168
39171 38177
39171 39170
39173 33120
39173 45237
39175 31145
39175 43933
39177 26582
39177 39176
39179 13552
39179 45197
39181 12132
39183 33349
39183 52147
39185 17699
39187 24520
39187 44297
39189 13212
39189 39188
39191 3939
39191 39190
39193 4807
39195 52829
39195 39194
39197 25926
39197 39196
39199 18252
39199 39198
39201 43523
39201 50371
39203 19029
39203 39202
39205 5199
39205 39204
39207 13839
39207 52447
39209 12749
39209 39208
39211 6215
39211 39210
39213 18262
39213 39212
39215 26573
39215 51751
39217 32917
39217 39216
39219 24628
39219 39218
39221 5975
39221 52743
39223 6677
39223 39222
39225 25835
39225 40189
39227 11132
39227 39226
39229 4043
39229 39228
39231 12360
39231 39230
39233 547
39233 39232
39235 33641
39235 39234
39237 25545
39237 40165
39239 20399
39239 39238
39241 24489
39241 39240
39243 45129
39243 39242
39245 4005
39245 39244
39247 5681
39247 39246
39249 26480
39249 39248
39251 38522
39251 39250
39253 5826
39253 39252
39255 19288
39255 39254
39257 45061
39257 39256
39259 31589
39259 39885
39261 19159
39261 39260
39263 32755
39263 39262
39265 6979
39265 39264
39267 24878
39267 39266
39269 3832
39269 39268
39271 24175
39271 39270
39273 32523
39273 40074
39275 5615
39275 39274
39277 32021
39279 31997
39279 39278
39281 12553
39281 39280
39283 37539
39283 39282
39285 38868
39285 39284
39287 24182
39287 46686
39289 562
39289 39288
39291 53085
39291 52961
39293 39711
39295 4989
39295 39294
39297 19635
39297 39296
39299 45377
39299 39298
39301 19603
39301 39300
39303 5938
39303 39302
39305 32045
39307 24885
39307 39306
39309 24154
39309 39308
39311 20514
39311 39310
39313 5640
39313 39312
39315 18885
39315 39314
39317 18019
39317 39316
39319 38686
39319 39318
39321 18852
39321 39320
39323 18267
39323 40178
39325 32911
39325 39324
39327 46605
39327 39326
39329 44697
39329 39328
39331 5348
39331 52045
39333 31520
39333 39332
39335 11919
39335 39334
39337 4897
39337 39336
39339 13106
39339 39338
39341 6871
39341 39340
39343 5021
39343 39342
39345 24842
39345 52261
39347 31283
39347 39346
39349 4035
39349 40169
39351 19311
39351 39350
39353 39965
39353 39352
39355 32227
39357 30471
39357 39356
39359 39987
39359 39358
39361 31862
39361 39360
39363 12608
39363 39362
39365 11352
39365 39364
39367 12986
39367 39366
39369 4015
39369 50387
39371 11881
39371 39370
39373 45619
39373 39372
39375 19722
39375 39374
39377 6274
39377 39376
39379 4834
39379 39378
39381 50819
39381 39833
39383 597
39383 39382
39385 618
39385 51531
39387 6636
39387 39386
39389 18511
39389 40079
39391 13828
39391 39390
39393 13535
39393 39392
39395 39394
39397 6211
39397 39396
39399 11063
39399 39398
39401 18600
39401 39400
39403 12715
39403 39402
39405 12325
39405 39404
39407 7205
39407 39406
39409 46603
39411 19271
39411 39410
39413 17955
39413 39412
39415 50705
39415 39414
39417 44529
39417 39416
39419 25742
39419 39418
39421 32476
39421 39420
39423 5731
39423 39422
39425 39186
39425 39424
39427 5654
39427 46281
39429 17438
39429 39428
39431 18493
39431 39430
39433 3999
39433 39432
39435 19853
39435 43543
39437 31200
39437 39436
39439 31284
39439 39438
39441 6696
39441 39440
39443 31726
39443 39442
39445 25832
39445 40027
39447 11124
39447 39446
39449 4156
39449 39547
39451 52471
39451 39450
39453 11364
39453 39452
39455 4239
39455 39454
39457 13438
39457 39456
39459 20151
39459 39458
39461 51325
39461 39460
39463 11017
39463 39462
39465 24506
39465 39464
39467 11107
39467 39466
39469 19685
39469 39468
39471 24546
39471 39470
39473 26249
39473 39472
39475 4923
39475 39474
39477 10914
39477 39476
39479 11445
39479 39478
39481 39480
39483 5876
39483 39482
39485 24427
39485 39484
39487 4328
39487 46123
39489 45019
39489 39488
39491 5750
39491 39490
39493 45069
39493 39492
39495 45063
39495 39494
39497 37382
39497 39496
39499 30954
39499 39498
39501 19470
39501 39500
39503 30695
39503 39502
39505 49977
39505 39504
39507 32010
39507 39506
39509 6772
39509 39508
39511 541
39511 39510
39513 33320
39513 39512
39515 7207
39515 39514
39517 38134
39517 44607
39519 38566
39519 39518
39521 20226
39521 39520
39523 38352
39523 39522
39525 24668
39525 44853
39527 11625
39527 39526
39529 32777
39529 39528
39531 38019
39531 39530
39533 10791
39533 39532
39535 180
39535 39534
39537 5235
39537 39536
39539 49
39539 39538
39541 40198
39543 45577
39543 39542
39545 20042
39545 39544
39547 39448
39547 46217
39549 24665
39549 39548
39551 32058
39551 40080
39553 5335
39553 39552
39555 25770
39555 39809
39557 27080
39557 39556
39559 18689
39559 39558
39561 32018
39561 39560
39563 11194
39563 39562
39565 19309
39565 39564
39567 156
39567 39566
39569 4157
39569 39568
39571 20404
39571 39570
39573 44431
39573 39572
39575 19574
39575 39574
39577 17898
39577 39576
39579 20492
39579 39578
39581 43877
39581 39580
39583 25868
39583 39582
39585 17353
39585 39584
39587 30985
39587 39586
39589 17778
39589 39588
39591 39879
39591 39590
39593 31640
39593 39592
39595 11779
39595 39594
39597 51485
39597 39596
39599 12824
39599 39598
39601 32509
39601 39600
39603 5034
39605 4669
39605 39604
39607 4189
39607 39606
39609 39183
39609 39608
39611 5268
39611 39751
39613 25827
39613 39612
39615 26016
39615 39614
39617 30739
39617 39616
39619 19314
39621 49886
39621 46039
39623 12204
39623 39622
39625 565
39627 10665
39627 39626
39629 33452
39629 39628
39631 31179
39631 39630
39633 19769
39633 50495
39635 32966
39635 39634
39637 12368
39637 50915
39639 7043
39639 39638
39641 26670
39641 52425
39643 24115
39643 39642
39645 6589
39645 39644
39647 623
39647 39646
39649 31911
39651 43551
39651 39650
39653 32562
39653 39652
39655 50663
39655 39654
39657 44931
39657 39656
39659 50595
39659 39658
39661 32128
39661 39660
39663 46427
39665 45655
39665 39671
39667 12542
39667 39666
39669 18874
39669 39668
39671 39664
39671 39670
39673 20029
39673 39672
39675 18516
39675 39674
39677 31669
39677 39676
39679 3981
39679 39678
39681 30409
39683 37666
39683 39811
39685 30723
39685 50735
39687 17347
39687 39686
39689 5046
39689 50135
39691 18574
39691 39690
39693 26001
39693 39692
39695 44865
39695 39694
39697 18865
39697 39696
39699 20267
39699 39698
39701 17649
39701 39700
39703 12018
39703 39702
39705 26796
39705 39704
39707 6134
39707 39706
39709 25333
39709 39708
39711 32853
39711 39710
39713 20286
39713 39712
39715 11549
39715 39714
39717 24538
39717 39716
39719 24256
39719 44773
39721 13625
39721 44247
39723 43767
39723 44467
39725 5907
39725 39724
39727 18233
39727 40021
39729 52097
39731 32361
39731 44851
39733 6409
39733 39732
39735 49878
39735 43719
39737 33013
39737 39736
39739 31223
39739 39738
39741 10948
39741 51181
39743 6043
39743 39742
39745 12244
39745 39744
39747 33391
39747 44727
39749 32797
39749 50233
39751 46025
39751 39750
39753 24775
39753 39752
39755 27109
39755 39754
39757 11176
39757 39756
39759 30661
39759 39758
39761 38311
39761 39760
39763 26354
39763 50573
39765 13293
39765 39764
39767 11461
39767 45991
39769 19382
39769 39768
39771 38850
39771 52067
39773 6118
39773 39772
39775 10467
39775 39774
39777 17591
39777 39776
39779 39344
39779 43555
39781 18465
39781 39780
39783 6557
39783 39782
39785 33284
39785 39784
39787 4909
39787 39786
39789 19396
39789 39788
39791 18697
39791 39790
39793 31968
39793 39792
39795 24554
39795 44229
39797 26309
39797 39796
39799 12691
39799 39798
39801 19817
39801 39800
39803 31803
39803 39802
39805 25291
39805 39804
39807 31271
39807 39806
39809 39554
39809 45717
39811 39682
39811 39810
39813 25859
39813 39812
39815 39095
39815 39814
39817 6058
39817 39816
39819 32396
39819 39818
39821 18527
39821 39820
39823 20476
39823 45409
39825 18377
39825 39824
39827 13444
39827 39826
39829 40019
39829 39828
39831 43905
39831 51901
39833 39380
39833 39832
39835 51251
39835 39834
39837 37431
39837 39836
39839 18077
39839 43801
39841 20408
39841 39840
39843 5283
39843 39842
39845 26669
39845 43953
39847 20208
39847 39846
39849 32497
39849 39848
39851 12895
39851 39850
39853 11705
39853 44079
39855 24082
39855 39854
39857 52169
39857 39856
39859 26176
39859 39858
39861 19335
39861 46303
39863 33174
39863 39862
39865 33068
39865 39864
39867 7028
39867 39866
39869 6708
39869 50291
39871 180
39871 39870
39873 24421
39873 39872
39875 10877
39875 39874
39877 10728
39877 39876
39879 37592
39879 39878
39881 25363
39881 39880
39883 39963
39883 39882
39885 39258
39885 39884
39887 5872
39887 39886
39889 470
39889 39888
39891 32680
39891 39890
39893 11738
39893 39892
39895 19025
39895 39894
39897 24412
39897 50375
39899 32856
39899 39898
39901 19316
39901 39900
39903 11110
39903 39902
39905 31988
39905 44171
39907 13510
39907 39906
39909 12585
39909 39908
39911 26351
39911 39910
39913 12773
39913 39912
39915 4195
39915 39914
39917 27134
39917 43951
39919 11545
39919 39918
39921 10957
39921 39920
39923 33347
39923 39922
39925 13871
39925 39924
39927 24320
39927 39926
39929 3943
39929 39928
39931 36988
39931 44225
39933 18039
39933 39932
39935 4965
39935 39934
39937 23888
39937 43793
39939 30478
39939 39938
39941 19067
39941 51561
39943 5047
39943 39942
39945 12438
39945 50271
39947 32969
39947 39946
39949 32784
39949 39948
39951 45937
39951 39950
39953 38996
39953 40168
39955 46353
39955 39954
39957 27108
39957 39956
39959 6048
39959 51297
39961 32403
39961 46147
39963 11210
39963 44869
39965 31130
39965 39964
39967 50409
39967 39966
39969 11814
39969 39968
39971 25192
39971 39970
39973 39056
39973 39972
39975 12662
39975 39974
39977 24918
39977 43869
39979 39384
39979 39978
39981 51945
39981 39980
39983 26186
39983 39982
39985 18353
39985 39984
39987 52635
39987 39986
39989 38807
39989 39988
39991 31534
39991 39990
39993 6116
39993 39992
39995 19224
39995 39994
39997 25706
39997 52741
39999 51609
39999 39998
40001 13650
40001 40000
40003 52139
40003 40002
40005 31380
40005 40004
40007 4331
40007 40006
40009 17329
40009 40008
40011 31599
40011 40010
40013 13876
40013 40012
40015 24556
40015 40014
40017 11137
40017 40016
40019 39877
40019 45477
40021 39726
40021 40020
40023 27089
40023 40022
40025 33398
40025 40024
40027 39444
40027 40026
40029 37100
40029 40028
40031 19010
40031 40030
40032 3191
40032 1732
40033 27791
40033 1820
40034 7545
40034 1880
40035 42846
40035 3372
40036 36101
40036 8496
40037 40996
40037 10328
40038 13670
40038 8344
40039 34183
40039 40776
40040 42206
40040 14167
40041 2833
40041 23288
40042 35509
40042 10368
40043 30298
40043 27322
40044 27991
40044 36215
40045 34893
40045 345
40046 20529
40046 20976
40047 35963
40047 28648
40048 14276
40048 29504
40049 3027
40049 10220
40050 1793
40050 35044
40051 35847
40051 46771
40052 35671
40052 36024
40053 9029
40053 2828
40054 3639
40054 40127
40055 16499
40056 38428
40056 577
40057 5718
40058 44683
40058 20276
40059 39519
40059 6328
40060 40106
40060 12915
40061 13155
40062 4762
40062 19732
40063 12222
40064 38547
40064 20391
40065 44729
40065 13008
40066 17279
40067 51195
40067 12404
40068 40107
40068 4690
40069 10653
40069 6256
40070 17580
40070 5180
40071 38558
40071 20135
40072 33332
40073 40166
40074 39272
40074 5984
40075 31370
40075 11538
40076 38265
40076 5952
40077 38670
40077 12230
40078 38474
40078 140
40079 39388
40079 45677
40080 40109
40080 37703
40081 26984
40081 13372
40082 46611
40082 44927
40083 3903
40083 32723
40084 20476
40084 17905
40085 45469
40085 5130
40086 19688
40086 12528
40087 37105
40087 31133
40088 38024
40088 32335
40089 6200
40090 12835
40090 36944
40091 31793
40092 4292
40093 53117
40093 44223
40094 39098
40094 37574
40095 52965
40095 37604
40096 10748
40097 53003
40097 52779
40098 20352
40099 32305
40099 39663
40100 24751
40101 20236
40101 39304
40102 38164
40102 50023
40103 52397
40104 25982
40105 44197
40105 17854
40106 43663
40106 18456
40107 37866
40107 18407
40108 36844
40108 40089
40109 50829
40109 37702
40110 46469
40110 38432
40111 23961
40111 40071
40112 17944
40112 40067
40113 33554
40113 40057
40114 43613
40115 11918
40115 37656
40116 36868
33718 40116
40117 28733
33756 40117
40118 16717
33826 40118
40119 838
33848 40119
40120 29076
33922 47513
40121 36873
33964 43431
40122 34140
34040 47801
40123 47701
34044 40123
40124 14237
34086 40124
40125 1713
34092 40125
40126 34139
34138 40126
40127 14233
34228 40127
40128 34118
34382 40128
40129 21462
34452 40129
40130 674
34562 40130
40131 36512
34568 40131
40132 34589
34588 40132
40133 23489
34610 40133
40134 8028
34808 40134
40135 49115
34940 40135
40136 47717
35082 40136
40137 20998
35088 42450
40138 35197
35196 40138
40139 23320
35214 40139
40140 35485
35298 40140
40141 33949
35436 40141
40142 2380
35632 40142
40143 1264
35636 40143
40144 46656
35672 41146
40145 21517
35772 40145
40146 23117
35774 40146
40147 47149
35900 40147
40148 14207
35924 40148
40149 36424
35936 40149
40150 17197
36088 48753
40151 8668
36160 40151
40152 40994
36168 40152
40153 28884
36336 40153
40154 29252
36590 40154
40155 47307
36596 42262
40156 48621
36614 40156
40157 14378
36652 40157
40158 15679
36770 40158
40159 4233
36968 40159
40160 38416
37020 40160
40161 11548
37082 51555
40162 4496
37166 45395
40163 24467
37180 40163
40164 4112
37226 44115
40165 39236
37234 52737
37324 40166
40167 37610
37348 40167
40168 39952
37380 40168
40169 39348
37390 44839
40170 38170
37482 40170
40171 17284
37494 44681
40172 40191
37580 40172
40173 24262
37674 52451
40174 26810
37682 44541
40175 50333
37708 53090
40176 38008
37728 51441
40177 27104
37760 40177
40178 39322
37824 40178
40179 51075
37962 40179
40180 31541
37996 43519
40181 17943
38034 40181
40182 26521
38146 40182
40183 4059
38180 40183
40184 45363
38196 40184
40185 37455
38472 40185
40186 18709
38546 40186
40187 13642
38642 40187
40188 26454
38650 46005
40189 39224
38760 40189
40190 4068
38910 40190
40191 38096
38938 40191
40192 11692
39050 40192
40193 33343
39142 52103
40194 5222
39180 40194
40195 37614
39192 44261
40196 13410
39276 45247
39408 40197
40198 51869
39540 52513
40199 39830
39602 40199
40200 37649
39618 40200
40201 19550
39624 40201
40202 37790
39648 40202
40203 38212
39662 50691
40204 50671
39728 40204
40206 36906
40206 40205
40208 15130
40208 40356
40210 23790
40210 40209
40212 27848
40212 40211
40214 14792
40214 40213
40216 17145
40216 40215
40218 48219
40218 40217
40220 15040
40220 40219
40222 8512
40222 40221
40224 8015
40224 40223
40226 13942
40228 8183
40228 40227
40230 48005
40230 40229
40232 3859
40232 40231
40234 21862
40234 48323
40236 7477
40238 16191
40238 40237
40240 34745
40240 40239
40242 34690
40242 40554
40244 21766
40244 40243
40246 34976
40246 47853
40248 7888
40248 41390
40250 3024
40250 40249
40252 41364
40252 40251
40254 2080
40254 43050
40256 29538
40256 40255
40258 47865
40258 40257
40260 49727
40260 40259
40262 2219
40262 40261
40264 20783
40264 40263
40266 227
40266 40265
40268 22742
40268 40267
40270 2465
40270 40269
40272 8459
40272 40271
40274 29891
40274 40273
40276 3376
40276 40275
40278 40135
40278 40277
40280 15681
40280 40372
40282 29833
40282 40281
40284 15151
40284 40283
40286 30138
40286 40285
40288 15609
40288 40287
40290 14609
40290 42744
40292 16073
40292 40291
40294 27041
40296 33608
40296 40666
40298 35189
40298 40297
40300 15767
40300 40299
40302 8198
40302 40301
40304 3497
40304 40303
40306 2007
40306 41158
40308 15245
40308 40307
40310 34572
40310 40309
40312 2612
40312 43096
40314 10542
40314 46935
40316 14574
40316 42382
40318 20590
40318 41766
40320 48775
40320 40319
40322 35342
40322 40321
40324 36098
40324 40323
40326 34308
40326 40325
40328 7944
40330 8380
40330 43335
40332 15836
40332 40331
40334 29243
40334 40333
40336 16906
40336 40335
40338 935
40338 40337
40340 2617
40340 40339
40342 22234
40342 40341
40344 14442
40344 40343
40346 1402
40346 40345
40348 28523
40348 40347
40350 16082
40350 40349
40352 41624
40352 40351
40354 22541
40354 40353
40356 40207
40358 2693
40358 40357
40360 23396
40362 35750
40362 47569
40364 3526
40364 40363
40366 10035
40366 40365
40368 40132
40368 40367
40370 1423
40370 40369
40372 40279
40372 40371
40374 2290
40374 43286
40376 33995
40376 40375
40378 28840
40378 40842
40380 28333
40380 40379
40382 27913
40382 40381
40384 7095
40384 40383
40386 23100
40386 41178
40388 23144
40388 40387
40390 2628
40390 42226
40392 28402
40392 49255
40394 10163
40394 40393
40396 40530
40396 41144
40398 14939
40398 40397
40400 49393
40400 40399
40402 23263
40402 40516
40404 33838
40404 40403
40406 34464
40406 43212
40408 9163
40408 49795
40410 33597
40410 40409
40412 9981
40412 43296
40414 21366
40414 40413
40416 14823
40416 40415
40418 42216
40418 40417
40420 8330
40420 42244
40422 7361
40422 40421
40424 16568
40426 7604
40426 43325
40428 22507
40428 40427
40430 36155
40430 40429
40432 16442
40432 40431
40434 1378
40434 40433
40436 3327
40436 40435
40438 42166
40438 41502
40440 16256
40440 40439
40442 49435
40442 40441
40444 8794
40444 43120
40446 21001
40446 40445
40448 34468
40448 40447
40450 28070
40450 49389
40452 47209
40452 40451
40454 36584
40454 40453
40456 30366
40456 41518
40458 48129
40458 46733
40460 49239
40462 27562
40462 42882
40464 40443
40464 40463
40466 2375
40466 41150
40468 20787
40468 43340
40470 14701
40470 40469
40472 1491
40472 40471
40474 27296
40474 40473
40476 8266
40476 40475
40478 29715
40478 40477
40480 258
40480 40479
40482 23248
40482 40481
40484 2948
40484 41412
40486 27396
40486 40485
40488 3067
40488 40487
40490 22119
40490 40489
40492 1406
40492 40491
40494 16848
40494 40493
40496 14605
40496 40495
40498 48823
40500 36103
40500 40499
40502 21771
40502 40501
40504 28034
40504 40503
40506 35344
40506 40505
40508 21702
40508 40507
40510 29662
40510 40509
40512 49077
40512 40836
40514 3604
40514 48715
40516 40401
40516 40515
40518 761
40518 40517
40520 49447
40520 40519
40522 34533
40522 40521
40524 8909
40524 40523
40526 9800
40526 40525
40528 23744
40528 40527
40530 14525
40530 40529
40532 41414
40532 40531
40534 34704
40534 40533
40536 22585
40536 40535
40538 35606
40538 40537
40540 741
40540 40539
40542 8678
40542 49415
40544 10353
40544 40543
40546 13825
40546 40545
40548 8875
40550 34461
40550 40549
40552 1523
40552 40551
40554 40241
40554 40553
40556 36903
40556 41174
40558 9475
40560 21006
40560 40559
40562 100
40562 40561
40564 22548
40564 40563
40566 16106
40566 40565
40568 49069
40568 40567
40570 41552
40570 46642
40572 1256
40572 40571
40574 21402
40574 40834
40576 42660
40576 40575
40578 1899
40578 40577
40580 28588
40580 40579
40582 40581
40584 20773
40584 40583
40586 2020
40586 40585
40588 23691
40588 40587
40590 22263
40590 40589
40592 16697
40592 40998
40594 47073
40594 40593
40596 21069
40596 47965
40598 15578
40598 40597
40600 9867
40600 40599
40602 40601
40604 43208
40604 40603
40606 33936
40606 40605
40608 48385
40608 40607
40610 42272
40610 40609
40612 22422
40612 40611
40614 40252
40614 40613
40616 36594
40616 40615
40618 9974
40618 47295
40620 1723
40620 40619
40622 3704
40622 40621
40624 42806
40624 40623
40626 36342
40626 40625
40628 7147
40628 40627
40630 21782
40630 40629
40632 46757
40632 40631
40634 43398
40636 22991
40636 40635
40638 47409
40638 40637
40640 20830
40640 40639
40642 34883
40644 14064
40644 40643
40646 958
40646 48683
40648 354
40648 40647
40650 33614
40650 40649
40652 36544
40652 40651
40654 23554
40654 43166
40656 1641
40656 40655
40658 15014
40658 40657
40660 30211
40660 42818
40662 1997
40662 40661
40664 1179
40664 40663
40666 40295
40666 40665
40668 48765
40670 36100
40670 42972
40672 7794
40672 40880
40676 8225
40676 48103
40678 22517
40678 40677
40680 46575
40680 43288
40682 10321
40682 40681
40684 28168
40684 40683
40686 2054
40686 40685
40688 13761
40688 40687
40690 3249
40690 40689
40692 20748
40692 40691
40694 41798
40696 41436
40698 22493
40698 40697
40700 15190
40700 40699
40702 34627
40702 40972
40704 7449
40704 40703
40706 33938
40706 40705
40708 35589
40708 40707
40710 27826
40710 40709
40712 23586
40712 48315
40714 7380
40714 40713
40716 33620
40716 40715
40718 30151
40718 46963
40720 9510
40720 40719
40722 29510
40722 40721
40724 47857
40724 40723
40726 16374
40726 40725
40728 7707
40728 40727
40730 16977
40730 40729
40732 2787
40732 40731
40734 13772
40734 40733
40736 29068
40736 40735
40738 27753
40740 2137
40740 40739
40742 35484
40742 40741
40744 21179
40744 40743
40746 41454
40748 8108
40748 40747
40750 1426
40750 40749
40752 1648
40752 40751
40754 2403
40754 40753
40756 8186
40756 40755
40758 43158
40758 40757
40760 15599
40760 40759
40762 29236
40762 40761
40764 978
40764 49031
40766 2991
40768 226
40768 40767
40770 41946
40770 40769
40772 36767
40772 40771
40774 28401
40774 40773
40776 2004
40776 40775
40778 1127
40778 40777
40780 1690
40780 43356
40782 2533
40782 40781
40784 46636
40786 23605
40786 40785
40788 27327
40788 40787
40790 43164
40790 43359
40792 3011
40792 40791
40794 33728
40794 40793
40796 2316
40796 48305
40798 36356
40798 40797
40800 40716
40800 48169
40802 22588
40802 40801
40804 30307
40804 40803
40806 43401
40808 21138
40808 40807
40810 41060
40810 40809
40812 288
40814 36693
40814 40813
40816 15333
40816 40815
40818 20638
40818 40817
40820 10537
40820 40819
40822 3208
40822 46703
40824 3018
40826 41966
40826 40825
40828 21189
40828 40827
40830 10231
40830 40829
40832 16129
40832 40831
40834 40573
40834 40833
40836 48799
40836 40835
40838 16594
40838 40837
40840 2509
40840 40839
40842 48235
40842 49713
40844 14009
40846 49463
40846 40845
40848 3195
40848 40847
40850 9361
40850 40849
40852 15276
40852 40851
40854 22606
40854 40853
40856 15308
40856 40855
40858 7128
40858 40857
40860 3289
40860 40859
40862 15743
40862 40861
40864 9091
40864 40863
40866 16070
40866 40865
40868 14245
40868 43404
40870 22612
40870 40869
40872 8568
40872 40871
40874 2170
40874 48261
40876 1745
40876 40875
40878 21152
40878 40877
40880 49099
40880 43395
40882 23762
40882 49783
40884 33700
40884 40883
40886 49207
40886 40885
40888 7122
40888 40887
40890 2655
40890 40889
40892 41276
40892 40891
40894 27148
40894 40893
40896 34341
40896 40895
40898 17197
40898 48421
40900 3759
40900 43330
40902 2295
40902 40901
40904 36347
40904 40903
40906 29832
40906 40905
40908 8418
40908 40907
40910 16729
40910 40909
40912 87
40912 40911
40914 14431
40914 40913
40916 21233
40916 40915
40918 34369
40918 40917
40920 36131
40920 40919
40922 23690
40922 40921
40924 16944
40924 43220
40926 14044
40926 40925
40928 7102
40928 40927
40930 15740
40930 40929
40932 34398
40932 40931
40934 40770
40934 42768
40936 14666
40936 40935
40938 34008
40938 40937
40940 14949
40940 40939
40942 23668
40942 40941
40944 36890
40944 40943
40946 10239
40946 40945
40948 8053
40948 40947
40950 2815
40952 47455
40952 40951
40954 22844
40954 40953
40956 41392
40956 40955
40958 34846
40958 40957
40960 46640
40962 41440
40962 40961
40964 22270
40964 47527
40966 27283
40966 40965
40968 1321
40968 40967
40970 34916
40970 42756
40972 40701
40972 40971
40974 21310
40974 40973
40976 7501
40976 48365
40978 2416
40978 40977
40980 35330
40980 40979
40982 29588
40982 40981
40984 2899
40984 40983
40986 36200
40986 40985
40988 8349
40988 40987
40990 41990
40990 40989
40992 40350
40992 40991
40994 48491
40994 40993
40996 48387
40998 40591
40998 40997
41000 7932
41000 40999
41002 21240
41004 34399
41004 41003
41006 7114
41006 41005
41008 33981
41008 41007
41010 14824
41010 46552
41012 7832
41012 47663
41014 16422
41014 41013
41016 46947
41016 48599
41018 34237
41018 47823
41020 21670
41020 47883
41022 9442
41022 41021
41024 36228
41024 41023
41026 27484
41026 41025
41028 7365
41028 41027
41030 34545
41030 41029
41032 8494
41032 46741
41034 21107
41034 41033
41036 22206
41036 41958
41038 35794
41038 41037
41040 47519
41040 41039
41042 34466
41042 48371
41044 789
41044 41524
41046 28674
41046 41045
41048 309
41048 41047
41050 13996
41050 41049
41052 34334
41054 16779
41054 41053
41056 2956
41056 41055
41058 34550
41058 41988
41060 23574
41060 41059
41062 34484
41062 41061
41064 2123
41064 43218
41066 2117
41066 41065
41068 16823
41068 41067
41070 34027
41070 41069
41072 27402
41072 41071
41074 34946
41074 41073
41076 23751
41076 41075
41078 40970
41078 41077
41080 1514
41080 41079
41082 34502
41082 41081
41084 1005
41084 41083
41086 34129
41088 47599
41088 41087
41090 49805
41090 49861
41092 3541
41092 41091
41094 27651
41094 41093
41096 9707
41096 41095
41098 13764
41098 41097
41100 17082
41100 41099
41102 16535
41102 41101
41104 21171
41104 41103
41106 7174
41106 48147
41108 9874
41108 41107
41110 14304
41110 41109
41112 3117
41112 41111
41114 3858
41114 41113
41116 14391
41116 41115
41118 22617
41120 27866
41120 41119
41122 28962
41122 41121
41124 34379
41124 46893
41126 3051
41126 41125
41128 36636
41128 41127
41130 987
41130 41129
41132 16696
41132 41131
41134 22827
41134 41133
41136 49605
41136 41135
41138 40852
41138 41137
41140 29743
41140 41139
41142 22488
41142 42826
41144 42014
41144 41143
41146 40144
41146 41145
41148 29650
41148 41147
41150 41149
41152 15440
41152 41151
41154 35821
41154 42528
41156 3108
41156 48835
41158 40305
41158 41157
41160 34146
41160 41159
41162 799
41162 41161
41164 23037
41164 41163
41166 23331
41166 41165
41168 23350
41168 41167
41170 36477
41170 41169
41172 41171
41174 40555
41174 48969
41176 30358
41176 41175
41178 40385
41178 49513
41180 10147
41180 46723
41182 42808
41182 41181
41184 14144
41184 41183
41186 48729
41186 41185
41188 10352
41188 41187
41190 7354
41190 41189
41192 48181
41192 48625
41194 16878
41194 41193
41196 21809
41196 41195
41198 9786
41198 49315
41200 27366
41202 8730
41202 41201
41204 34847
41204 41203
41206 40950
41206 46639
41208 28334
41208 49003
41210 28007
41210 41209
41212 9403
41212 41211
41214 17142
41214 41213
41216 9267
41216 41215
41218 21529
41218 41217
41220 34034
41220 41219
41222 15157
41222 42946
41224 28234
41224 41223
41226 21533
41226 42534
41228 37
41228 41227
41230 28085
41230 43366
41232 2405
41232 47977
41234 29194
41234 47979
41236 1104
41236 41235
41238 16812
41238 41237
41240 3205
41240 41239
41242 34530
41242 41241
41244 21002
41244 41243
41246 16490
41246 41245
41248 16871
41248 42636
41250 14612
41250 41249
41252 15216
41252 41251
41254 23101
41254 41253
41256 824
41256 41255
41258 30369
41258 41257
41260 7651
41260 41259
41262 27224
41262 46653
41264 341
41264 41263
41266 7392
41266 48885
41268 35812
41268 42340
41270 287
41270 41269
41272 14579
41272 41271
41274 33996
41274 49209
41276 35872
41276 41275
41278 2524
41278 47811
41280 27499
41280 41279
41282 20444
41282 41281
41284 34850
41284 41283
41286 42184
41286 41285
41288 14786
41288 41287
41290 9260
41290 41289
41292 36682
41292 41291
41294 2769
41294 41293
41296 28600
41296 41295
41298 1533
41298 41297
41300 22074
41300 41299
41302 10337
41302 41301
41304 17140
41304 41303
41306 16080
41306 41305
41308 36414
41308 41307
41310 28986
41310 53125
41312 21139
41312 41311
41314 10171
41314 41313
41316 41315
41318 48257
41318 41317
41320 34346
41320 41319
41322 8443
41322 46941
41324 47919
41324 41323
41326 29418
41326 49904
41328 1279
41328 41327
41330 2993
41330 41329
41332 49647
41332 41331
41334 28828
41334 41333
41336 33726
41336 42502
41338 36829
41338 41337
41340 22694
41340 41339
41342 30312
41342 41822
41344 14205
41344 48295
41346 28765
41346 41345
41348 10109
41348 41347
41350 1289
41350 41349
41352 36364
41352 41351
41354 33708
41354 41962
41356 8286
41358 35745
41358 41357
41360 7452
41362 903
41364 34242
41364 41363
41366 807
41366 41365
41368 27754
41368 41367
41370 1731
41370 41856
41372 23006
41372 41371
41374 7741
41374 41373
41376 30170
41376 42988
41378 23326
41378 48107
41380 48915
41380 41379
41382 23155
41382 41381
41384 28410
41384 41383
41386 16087
41386 41385
41388 1910
41388 41387
41390 40247
41390 41389
41392 1089
41392 41391
41394 27538
41394 41393
41396 8014
41396 41395
41398 35440
41398 41397
41400 10495
41400 41399
41402 42218
41402 41401
41404 42868
41404 41403
41406 3198
41406 41405
41408 16825
41408 46999
41410 15023
41410 41409
41412 40483
41412 41411
41414 16953
41414 41656
41416 22666
41416 41415
41418 3264
41418 41417
41420 14446
41420 41419
41422 27348
41422 47793
41424 2791
41424 43327
41426 27833
41428 13818
41428 41427
41430 28654
41430 41429
41432 1115
41432 41431
41434 13809
41434 41433
41436 35496
41436 41435
41438 9680
41438 41437
41440 10176
41440 41439
41442 42740
41444 1193
41444 41443
41446 28744
41446 42648
41448 47695
41448 41447
41450 3433
41450 41449
41452 27550
41452 41451
41454 42104
41454 41453
41456 43409
41458 40854
41458 41457
41460 14516
41460 41459
41462 35086
41462 41461
41464 7161
41464 41463
41466 3846
41466 41932
41468 9310
41468 41467
41470 28655
41470 41469
41472 1744
41472 41471
41474 20694
41474 41473
41476 10505
41476 41475
41478 42982
41478 41477
41480 7511
41480 41479
41482 27510
41484 30186
41484 41483
41486 40136
41486 41485
41488 36892
41488 41487
41490 21500
41490 41489
41492 34479
41492 41491
41494 8979
41494 41493
41496 8063
41496 41495
41498 30388
41498 41497
41500 27624
41500 41499
41502 40437
41502 41501
41504 815
41504 41503
41506 40224
41508 46646
41510 47499
41510 41509
41512 14838
41512 41511
41514 29780
41514 41513
41516 34029
41516 48645
41518 40455
41518 41517
41520 27947
41520 41519
41522 36360
41522 41826
41524 41043
41524 41523
41526 3193
41526 41525
41528 22449
41528 41527
41530 41529
41532 28426
41532 41531
41534 10530
41534 41533
41536 29138
41536 41535
41538 10534
41538 41537
41540 35453
41540 42428
41542 41425
41542 41541
41544 49697
41544 41543
41546 14251
41546 41545
41548 23172
41548 41547
41550 27249
41550 42150
41552 15532
41552 41551
41554 36043
41554 41553
41556 41600
41556 41555
41558 21230
41558 41557
41560 34124
41560 41559
41562 15471
41562 41561
41564 15840
41564 41563
41566 36825
41566 41565
41568 16148
41568 42050
41570 15082
41570 41569
41572 34294
41572 41571
41574 16881
41574 41573
41576 275
41576 41575
41578 30119
41578 49837
41580 28660
41580 41579
41582 16926
41582 41581
41584 23404
41584 49399
41586 2621
41588 34724
41588 41910
41590 9097
41590 41589
41592 35033
41592 41591
41594 1916
41594 47477
41596 15155
41596 41595
41598 36048
41598 43142
41600 48291
41600 41599
41602 49285
41602 41601
41604 10508
41604 41603
41606 15038
41606 41605
41608 2255
41608 41607
41610 2528
41610 47069
41612 48547
41612 41611
41614 28320
41614 41613
41616 47201
41616 41615
41618 28570
41618 41617
41620 2636
41620 41619
41622 3450
41622 41621
41624 28557
41624 41623
41626 41001
41626 41625
41628 42180
41628 49495
41630 1137
41630 41629
41632 14749
41632 41631
41634 3235
41634 41633
41636 47261
41636 41635
41638 963
41638 41637
41640 27571
41640 48721
41642 7841
41642 41641
41644 35680
41644 41643
41646 8016
41646 41645
41648 7500
41648 49731
41650 22738
41650 41649
41652 16224
41652 41651
41654 36623
41654 41653
41656 41413
41656 41655
41658 21927
41658 49547
41660 41312
41660 41659
41662 21428
41662 41661
41664 14711
41664 48889
41666 20723
41666 41665
41668 16306
41668 41667
41670 3648
41670 41669
41672 9683
41672 43336
41676 14331
41676 41675
41678 40884
41678 41677
41680 34154
41680 41679
41682 14678
41682 41681
41684 36886
41684 41683
41686 35906
41686 47687
41688 35178
41688 41687
41690 28461
41690 41689
41692 30294
41692 41691
41694 10209
41694 41693
41696 3761
41696 41695
41698 7926
41698 46981
41700 8723
41700 41699
41702 2303
41702 41701
41704 15306
41704 41703
41706 21789
41706 41705
41708 828
41708 41707
41710 21315
41710 41709
41712 2360
41712 41711
41714 20719
41714 41713
41716 3184
41716 41715
41718 41008
41718 49589
41720 8425
41720 41719
41722 15318
41722 41721
41724 9535
41726 14068
41726 43405
41728 1116
41728 41727
41730 40496
41730 42032
41732 21058
41732 41731
41734 35367
41734 41733
41736 49381
41738 1408
41738 47153
41740 265
41740 41739
41742 14626
41742 41741
41744 29101
41744 41743
41746 35607
41746 41745
41748 1400
41748 41747
41750 49059
41750 41749
41752 7608
41752 41751
41754 7615
41754 41753
41756 27459
41756 41755
41758 9089
41758 41757
41760 7890
41760 41759
41762 7478
41764 27356
41764 41763
41766 40317
41766 41765
41768 21261
41768 41767
41770 14804
41770 41769
41772 685
41772 41771
41774 49253
41774 41773
41776 48727
41776 41775
41778 10124
41778 41777
41780 10175
41780 41779
41782 28261
41782 41781
41784 35599
41784 41783
41786 28082
41786 42566
41788 302
41788 41787
41790 14191
41790 41789
41792 284
41792 41791
41794 17173
41796 22675
41796 41795
41798 40693
41798 41797
41800 7983
41800 41799
41802 36175
41802 41801
41804 961
41804 41803
41806 35365
41806 42734
41808 22381
41808 41807
41810 7908
41810 41809
41812 28742
41812 41811
41814 30123
41814 41813
41816 35269
41816 41815
41818 36230
41818 41817
41820 35395
41820 41819
41822 41341
41822 41821
41824 691
41824 41823
41826 41825
41828 1789
41828 41827
41830 348
41830 41829
41832 7803
41832 41831
41834 23232
41834 41833
41836 22078
41836 41835
41838 41194
41840 1025
41840 41839
41842 47333
41842 41841
41844 16386
41844 41843
41846 43329
41848 23367
41848 41847
41850 47029
41850 41849
41852 23797
41852 41851
41854 36727
41854 41853
41856 41369
41856 41855
41858 48073
41858 43403
41860 7607
41860 41859
41862 16282
41862 41861
41864 29814
41864 41863
41866 7627
41866 41865
41868 49695
41868 41867
41870 36281
41870 41869
41872 9035
41872 41871
41874 27295
41874 41873
41876 49919
41876 41875
41878 15787
41878 41877
41880 41009
41880 41879
41882 43106
41882 41881
41884 34096
41884 41883
41886 46630
41886 41885
41888 22684
41888 41887
41890 42618
41890 47289
41892 9250
41892 41891
41894 1799
41894 41893
41896 49377
41898 3567
41898 41897
41900 15586
41900 41899
41902 21215
41902 41901
41904 22191
41904 48639
41906 2873
41906 41905
41908 1698
41908 41907
41910 41587
41910 41909
41912 35629
41912 41911
41914 8424
41914 41913
41916 42406
41916 41915
41918 21208
41918 49143
41920 14257
41920 41919
41922 3675
41922 49561
41924 42794
41924 47655
41926 972
41926 42924
41928 8125
41928 41927
41930 8559
41930 41929
41932 41465
41932 41931
41934 21676
41934 48795
41936 14358
41936 41935
41938 27040
41938 41937
41940 36286
41940 41939
41942 15504
41942 41941
41944 29971
41944 41943
41946 29632
41946 41945
41948 359
41948 41947
41950 1473
41950 41949
41952 8543
41952 41951
41954 34570
41954 41953
41956 15307
41956 41955
41958 47389
41958 41957
41960 2941
41960 41959
41962 41353
41962 41961
41964 22000
41964 43190
41966 36593
41966 41965
41968 34482
41968 41967
41970 36070
41970 41969
41972 355
41972 41971
41974 36069
41974 41973
41976 29440
41978 342
41978 41977
41980 1687
41980 41979
41982 3770
41984 34100
41984 41983
41986 23462
41986 41985
41988 41057
41988 41987
41990 16409
41990 41989
41992 15801
41992 49009
41994 36233
41994 41993
41996 16793
41996 41995
41998 36740
41998 41997
42000 30390
42000 41999
42002 49103
42002 42001
42004 8450
42004 42003
42006 7793
42006 42005
42008 2406
42008 42007
42010 35902
42010 42009
42012 2842
42012 42011
42014 40395
42014 42182
42016 21363
42016 42015
42018 8278
42018 42017
42020 49229
42020 42019
42022 35058
42022 42021
42024 9531
42024 42023
42026 28735
42026 42025
42028 28316
42028 42027
42030 27376
42030 42029
42032 41729
42032 42031
42034 17189
42034 42033
42036 30252
42036 42035
42038 49898
42038 53141
42040 15197
42040 42039
42042 27452
42042 42041
42044 34494
42044 42560
42046 15531
42046 42045
42048 28398
42048 42047
42050 42049
42052 9776
42054 28449
42054 42053
42056 17148
42056 42055
42058 30244
42058 42057
42060 27489
42060 42059
42062 27415
42062 42061
42064 17152
42064 42063
42066 42065
42068 36910
42068 42067
42070 23549
42070 42069
42072 16352
42072 42071
42074 27469
42074 47903
42076 9309
42076 42075
42078 15220
42078 47735
42080 33792
42080 42388
42082 42844
42082 49313
42084 27457
42084 42083
42086 16864
42086 42085
42088 34945
42088 43414
42090 36879
42090 42089
42092 23760
42092 42091
42094 23349
42094 42093
42096 20665
42096 42095
42098 3176
42100 28501
42100 42099
42102 21173
42102 42101
42104 40745
42104 42103
42106 34216
42106 42105
42108 17172
42108 42107
42110 9677
42110 42109
42112 41608
42112 42111
42114 35384
42114 42113
42116 14356
42116 42115
42118 8054
42118 42117
42120 30102
42120 42119
42122 29160
42122 42121
42124 41034
42124 47247
42126 28109
42126 42125
42128 36169
42128 42127
42130 1888
42130 42129
42132 1027
42132 42131
42134 13986
42134 42133
42136 27275
42138 36272
42138 42137
42140 14963
42140 42139
42142 34623
42142 42141
42144 7782
42144 42472
42146 35378
42146 42145
42148 14334
42148 42147
42150 41549
42150 42149
42152 43138
42152 46735
42154 1517
42154 42153
42156 22203
42156 42155
42158 40541
42158 42157
42160 42522
42160 42159
42162 33
42162 42161
42164 27477
42164 42163
42166 42538
42166 42165
42168 9325
42168 42167
42170 28888
42170 42169
42172 10077
42172 42171
42174 35658
42174 42173
42176 7482
42176 42175
42178 34169
42178 42177
42180 21028
42182 42013
42182 42181
42184 35802
42184 42183
42186 40690
42186 42185
42188 15422
42188 42187
42190 28427
42190 42189
42192 35519
42192 42191
42194 35889
42194 42193
42196 17165
42196 42195
42198 48943
42200 35359
42202 41456
42202 42201
42204 1135
42204 42203
42206 7849
42208 3799
42208 43342
42210 27961
42210 42209
42212 1012
42212 42211
42214 301
42214 42213
42216 35736
42216 42215
42218 29578
42218 42217
42220 23319
42220 42219
42222 33833
42222 42221
42224 36680
42224 42223
42226 40389
42226 42225
42228 16182
42228 42227
42230 27779
42230 43345
42232 42231
42234 48229
42234 42233
42236 14777
42236 42235
42238 29318
42238 48087
42240 36498
42240 42239
42242 22901
42242 42241
42244 40419
42244 42243
42246 1419
42246 42245
42248 2995
42248 42247
42250 9049
42250 43344
42252 28326
42252 42251
42254 2057
42254 42253
42256 35825
42256 42255
42258 8206
42258 42257
42260 48789
42260 42259
42262 40155
42262 42261
42264 42992
42264 42263
42266 28550
42266 42265
42268 15416
42268 42267
42270 15295
42270 42269
42272 28712
42272 48635
42274 47803
42274 42273
42276 33908
42276 42275
42278 8662
42278 42277
42280 30061
42280 42279
42282 35069
42282 42281
42284 33914
42284 47373
42286 15056
42286 42285
42288 8402
42288 42287
42290 8460
42290 42289
42292 3658
42292 42291
42294 33731
42294 42293
42296 7389
42296 42295
42298 2499
42298 47005
42300 34408
42300 42299
42302 29356
42302 48809
42304 47233
42304 42303
42306 46969
42306 42305
42308 36482
42308 42307
42310 78
42310 42309
42312 47615
42314 22076
42314 42313
42316 34541
42316 42315
42318 16192
42318 42317
42320 33750
42320 49089
42322 14586
42322 42321
42324 35182
42324 42323
42326 28575
42326 42325
42328 8340
42328 42327
42330 23305
42330 42329
42332 21521
42332 43339
42334 28787
42334 42333
42336 34417
42336 48251
42338 1457
42338 42337
42340 41267
42340 42339
42342 28598
42342 42341
42344 27980
42344 43410
42346 9128
42348 35326
42348 42347
42350 28691
42350 42349
42352 34304
42352 42351
42354 14600
42354 42353
42356 14670
42356 42355
42358 114
42358 42357
42360 21140
42360 47007
42362 1755
42362 42361
42364 21018
42364 42363
42366 14518
42366 46705
42368 28385
42368 42367
42370 9710
42370 42369
42372 29944
42372 46655
42374 42172
42374 43406
42376 36343
42376 42375
42378 29394
42378 43425
42380 14630
42380 42379
42382 40315
42382 42381
42384 21565
42384 42383
42386 15912
42386 42385
42388 42079
42388 42387
42390 41089
42390 42389
42392 35948
42392 42391
42394 22430
42394 42393
42396 21704
42396 42395
42398 9970
42398 42397
42400 29740
42400 42399
42402 3403
42404 36015
42404 42403
42406 16775
42406 42405
42408 30259
42408 42407
42410 46731
42412 27741
42412 42411
42414 34615
42414 42413
42416 3402
42416 42415
42418 36213
42418 42417
42420 21329
42420 42419
42422 9637
42422 42421
42424 15127
42424 42423
42426 7145
42426 42425
42428 41539
42428 42427
42430 27802
42430 42429
42432 16321
42432 42431
42434 29046
42434 42433
42436 416
42436 42435
42438 2506
42438 49763
42440 10123
42440 42439
42442 13778
42442 42441
42444 22247
42444 42443
42446 2009
42446 42445
42448 9192
42448 42447
42450 40137
42450 42449
42452 9216
42452 49519
42454 16334
42454 42453
42456 30384
42456 42455
42458 20781
42458 42457
42460 21656
42460 42459
42462 35355
42462 42461
42464 7638
42464 42463
42466 49819
42466 42465
42468 48935
42470 21681
42470 42469
42472 42143
42472 42471
42474 23769
42474 42473
42476 7130
42476 42475
42478 16270
42478 42477
42480 34734
42480 42479
42482 20528
42482 42481
42484 123
42484 42483
42486 36808
42486 42485
42488 9834
42488 42487
42490 7099
42490 42489
42492 29562
42492 42491
42494 2729
42494 42493
42496 35268
42496 49251
42498 22778
42498 42497
42500 22627
42500 42499
42502 41335
42502 42501
42504 21029
42504 42503
42506 27710
42506 42505
42508 30184
42508 42507
42510 15567
42510 42509
42512 34548
42512 42511
42514 22335
42516 17039
42516 42515
42518 47451
42518 42517
42520 34235
42520 42519
42522 313
42522 42521
42524 208
42524 42523
42526 27909
42528 41153
42528 42527
42530 1164
42530 42529
42532 40968
42532 42531
42534 41225
42536 857
42536 42535
42538 419
42538 42537
42540 27756
42540 42539
42542 16305
42542 42541
42544 8041
42544 42543
42546 3130
42546 42545
42548 17195
42548 42547
42550 36894
42550 42549
42552 22680
42552 42551
42554 15925
42554 48523
42556 10236
42556 42555
42558 27187
42558 42557
42560 42043
42560 42559
42562 2136
42562 42561
42564 13765
42564 42563
42566 41785
42566 42565
42568 10511
42568 42567
42570 36555
42570 46937
42572 27675
42572 42571
42574 30373
42574 42573
42576 16683
42576 42575
42578 28454
42578 42577
42580 29166
42580 42579
42582 21606
42582 42581
42584 29686
42584 42583
42586 3279
42586 42866
42588 27357
42588 42587
42590 8291
42590 42589
42592 21781
42594 10307
42594 42593
42596 20617
42596 42595
42598 2030
42598 42597
42600 42292
42600 42599
42602 14498
42602 42601
42604 989
42604 42603
42606 7315
42606 42605
42608 8987
42608 42607
42610 9917
42610 42609
42612 15541
42612 42611
42614 14530
42614 42613
42616 43430
42618 7939
42618 42617
42620 9937
42620 42619
42622 26932
42622 42621
42624 49849
42624 46657
42626 7726
42626 42625
42628 14393
42628 42627
42630 35998
42630 42629
42632 21286
42632 42631
42634 199
42634 42633
42636 41247
42636 42635
42638 21034
42638 42637
42640 35898
42640 42639
42642 8737
42642 42641
42644 14813
42646 3364
42646 42645
42648 41445
42650 8061
42650 42649
42652 7795
42652 42651
42654 395
42654 42653
42656 36696
42656 42655
42658 47325
42658 42657
42660 22904
42660 42659
42662 272
42662 42661
42664 14819
42664 47021
42666 15910
42666 42665
42668 15413
42668 42667
42670 8683
42670 42669
42672 30033
42672 42671
42674 16975
42674 47173
42676 23418
42676 42675
42678 36739
42678 42677
42680 33737
42680 42679
42682 3736
42682 48165
42684 1093
42684 42683
42686 3113
42686 42685
42688 29625
42690 14443
42690 42689
42692 22222
42692 42691
42694 21997
42694 42693
42696 2218
42696 42695
42698 14722
42698 42697
42700 1253
42700 43328
42702 28804
42702 42701
42704 29612
42704 42703
42706 22112
42706 42705
42708 1650
42708 49095
42710 3610
42710 42709
42712 15574
42712 42711
42714 17204
42714 42713
42716 29502
42716 42715
42718 35389
42718 42717
42720 14219
42720 42719
42722 34284
42722 42721
42724 20426
42724 42723
42726 3417
42726 42725
42728 42624
42730 16896
42730 42729
42732 10276
42732 43046
42734 41805
42734 42733
42736 237
42736 42735
42738 13931
42738 42737
42740 14710
42740 42739
42742 36303
42742 42741
42744 49033
42744 42743
42746 33610
42746 42745
42748 9735
42748 42747
42750 16025
42750 47897
42752 2587
42752 42751
42754 49621
42754 42753
42756 40969
42756 42755
42758 34314
42758 42757
42760 29863
42760 42759
42762 29472
42762 42761
42764 36410
42764 42763
42766 40470
42766 42765
42768 40933
42768 42767
42770 1865
42770 42769
42772 42018
42772 42771
42774 8138
42776 42118
42776 48221
42778 23480
42778 42777
42780 28955
42780 42779
42782 9223
42782 42781
42784 278
42784 42783
42786 2479
42786 42785
42788 41214
42788 42787
42790 28166
42790 42789
42792 28378
42792 42791
42794 15443
42794 42793
42796 15316
42796 42795
42798 35157
42798 42797
42800 35904
42800 48531
42802 30074
42802 42801
42804 21838
42804 42803
42806 15751
42806 42805
42808 21278
42808 42807
42810 27950
42810 47133
42812 43324
42812 42811
42814 34328
42814 42813
42816 47551
42816 42815
42818 40659
42818 42817
42820 8640
42820 42819
42822 15585
42822 42821
42824 27786
42824 42823
42826 47245
42826 42825
42828 42594
42828 42827
42830 20827
42830 42829
42832 739
42834 14778
42834 42833
42836 36268
42836 42835
42838 14032
42838 42837
42840 28546
42840 43399
42842 2231
42842 42841
42844 14697
42844 42843
42846 34318
42846 42845
42848 2051
42848 42847
42850 14441
42850 42849
42852 42598
42852 42851
42854 246
42854 42853
42856 33778
42856 42855
42858 27382
42858 42857
42860 14071
42862 36618
42862 42861
42864 7702
42864 42863
42866 42585
42866 42865
42868 14679
42868 42867
42870 9064
42870 42869
42872 2623
42872 42871
42874 28638
42874 42873
42876 28859
42876 42875
42878 29057
42878 42877
42880 34273
42880 42879
42882 40461
42882 42881
42884 36890
42884 42883
42886 29444
42886 42885
42888 35430
42888 42887
42890 2674
42890 42889
42892 28883
42892 42891
42894 22122
42894 42893
42896 8114
42896 42895
42898 1013
42898 42897
42900 729
42900 42899
42902 33702
42902 42901
42904 34406
42904 42903
42906 17203
42906 42905
42908 28380
42908 42907
42910 16546
42910 42909
42912 34084
42912 43331
42914 34446
42914 42913
42916 21127
42916 42915
42918 42714
42918 42917
42920 49213
42920 42919
42922 34937
42922 42921
42924 41925
42924 42923
42926 29063
42926 42925
42928 28707
42928 42927
42930 2411
42930 42929
42932 23135
42932 42931
42934 47911
42934 47839
42936 29468
42936 42935
42938 47871
42938 42937
42940 29018
42940 42939
42942 294
42942 42941
42944 2036
42946 41221
42946 43397
42948 29396
42948 42947
42950 36341
42950 42949
42952 10491
42952 42951
42954 7943
42954 42953
42956 1219
42956 42955
42958 42400
42958 42957
42960 46627
42960 42959
42962 36551
42962 42961
42964 28086
42964 42963
42966 2659
42966 42965
42968 10227
42968 42967
42970 9052
42970 46921
42972 40669
42972 42971
42974 884
42974 48541
42976 14147
42976 42975
42978 2977
42978 42977
42980 15547
42980 46881
42982 21710
42982 42981
42984 14497
42984 42983
42986 2265
42986 42985
42988 41375
42988 47691
42990 13906
42990 42989
42992 1227
42992 42991
42994 30144
42994 42993
42996 22033
42996 47589
42998 35946
42998 47497
43000 16989
43000 42999
43002 43001
43004 23622
43004 43003
43006 1145
43006 43005
43008 48055
43008 46715
43010 49918
43010 43009
43012 9967
43012 48571
43014 28222
43014 43013
43016 15461
43016 43015
43018 22456
43018 43017
43020 20648
43020 43019
43022 30194
43022 43021
43024 15266
43024 43023
43026 2804
43026 43025
43028 22212
43028 43027
43030 8259
43030 43029
43032 1174
43032 43031
43034 34098
43034 46897
43036 1350
43036 43035
43038 27844
43038 47543
43040 1652
43040 43039
43042 47623
43042 43041
43044 22521
43044 43043
43046 42731
43046 43045
43048 36587
43048 43047
43050 40253
43050 43049
43052 13975
43052 43051
43054 7366
43054 43053
43056 35494
43056 48949
43058 730
43058 43057
43060 42070
43060 43059
43062 35876
43062 43061
43064 30041
43064 43063
43066 2677
43066 43065
43068 36244
43068 43067
43070 49721
43070 49153
43072 14607
43072 43071
43074 36895
43074 43073
43076 21715
43076 43337
43078 3171
43078 43077
43080 16804
43082 21724
43082 43081
43084 14852
43084 43083
43086 10413
43086 43085
43088 3390
43088 46649
43090 35915
43090 43089
43092 2448
43092 49241
43094 1004
43094 43093
43096 40311
43096 43095
43098 35348
43098 43097
43100 21435
43100 43099
43102 49457
43102 43101
43104 22189
43104 43103
43106 29198
43108 46661
43108 43107
43110 13881
43110 43109
43112 48749
43112 43111
43114 933
43114 43113
43116 35334
43116 43115
43118 14006
43118 43117
43120 40464
43120 43119
43122 2191
43122 43121
43124 40286
43124 43123
43126 21805
43126 43125
43128 23081
43128 43127
43130 23779
43130 43129
43132 22516
43132 43131
43134 868
43134 49921
43136 21953
43136 43135
43138 10024
43138 43137
43140 2345
43140 43139
43142 41597
43142 43141
43144 16834
43144 43143
43146 34254
43146 49199
43148 30196
43148 43147
43150 29615
43150 43149
43152 34747
43152 43151
43154 7556
43154 43222
43156 35207
43156 43155
43158 1551
43158 43157
43160 16367
43160 48719
43162 7432
43162 43161
43164 40818
43166 40653
43166 43165
43168 41154
43168 43167
43170 35970
43170 43169
43172 2273
43172 43171
43174 22355
43174 43173
43176 36432
43176 43175
43178 3834
43178 43177
43180 34617
43180 43179
43182 20854
43182 43181
43184 40796
43184 43183
43186 21685
43186 43185
43188 29028
43188 43187
43190 41963
43190 43189
43192 34103
43192 43191
43194 22887
43194 46654
43196 2268
43196 43195
43198 3437
43198 43197
43200 10263
43200 43199
43202 16479
43202 43201
43204 34641
43204 43203
43206 34534
43206 43205
43208 968
43208 43207
43210 10084
43210 47345
43212 42232
43212 46574
43214 14412
43214 43213
43216 28942
43218 41063
43218 43217
43220 40923
43220 43219
43222 43153
43222 43221
43224 21251
43224 43223
43226 8386
43226 43225
43228 7013
43228 43227
43230 48207
43230 43229
43232 1601
43232 43231
43234 7962
43234 48623
43236 23523
43236 43235
43238 22188
43240 16372
43240 43239
43242 333
43242 43241
43244 2437
43244 43243
43246 34401
43246 43245
43248 8790
43248 43247
43250 3791
43250 43249
43252 33686
43252 43251
43254 732
43254 43253
43256 2477
43256 43326
43258 9289
43258 43257
43260 2396
43260 43259
43262 13801
43262 43261
43264 21126
43264 43263
43266 41830
43266 43265
43268 21900
43268 43267
43270 40592
43270 43269
43272 29157
43272 43271
43274 17157
43274 43273
43276 46833
43276 43275
43278 7294
43278 43277
43280 35621
43280 43279
43282 9197
43282 43281
43284 8769
43284 47041
43286 40373
43286 43285
43288 53142
43290 28662
43290 43289
43292 49701
43292 43291
43294 23751
43294 43293
43296 40411
43296 43407
43298 13797
43298 43297
43300 969
43300 43299
43302 16813
43302 43301
43304 33892
43304 43303
43306 42940
43306 43305
43308 13936
43308 43307
43310 36880
43310 43309
43312 7860
43312 43311
43314 9722
43314 46993
43316 43435
43318 7659
43318 43317
43320 22183
43320 43319
43322 418
43322 43321
43324 14241
43324 43323
43325 20439
43326 43360
43326 3303
43327 41423
43327 23589
43328 3260
43329 41845
43329 8333
43330 3758
43331 42911
43331 3440
43332 711
43332 9456
43333 43105
43333 8646
43334 27060
43334 27669
43335 40329
43335 28455
43336 41671
43336 16542
43337 43075
43337 21714
43338 10205
43338 14637
43339 43362
43339 29179
43340 15265
43341 28885
43341 23242
43342 30089
43343 23531
43343 23530
43344 42249
43344 43034
43345 35590
43346 22163
43346 34436
43347 43363
43347 27989
43348 42356
43348 40995
43349 13903
43349 41626
43350 16152
43351 16102
43352 21759
43352 43361
43353 46565
43354 40844
43354 43364
43355 15761
43355 42513
43356 40779
43357 23774
43357 42773
43358 756
43358 43432
43359 40789
43360 3302
43361 41975
43361 21758
43362 49830
43363 40226
43363 40673
43364 40843
43365 43351
43365 43367
43366 43333
43367 41673
43367 8105
43368 39213
43368 5374
43369 12533
43369 4392
43370 43391
43370 30392
43371 4237
43371 10788
43372 19948
43372 4430
43373 6849
43373 11682
43374 6386
43374 12295
43375 13873
43375 13608
43376 37181
43376 17731
43377 18924
43377 19209
43378 31604
43378 51563
43379 38573
43379 12312
43380 553
43380 26716
43381 31643
43381 5398
43382 10865
43382 10864
43383 5058
43383 40063
43384 20522
43384 11298
43385 36851
43385 23955
43386 39073
43386 580
43387 38009
43387 20301
43388 20522
43388 38154
43389 31792
43389 18887
43390 43721
43390 39680
43391 38219
43391 45115
43392 41788
40225 43392
43393 10270
40235 43393
43394 42809
40355 43394
43395 40879
40425 43395
43396 48133
40459 43396
43397 42945
40547 43397
43398 20651
40633 43398
43399 48255
40667 48489
43400 35497
40695 46566
43401 28367
43402 27992
40823 48213
43403 41857
40899 43403
43404 40867
41085 43404
43405 41725
41117 43405
43406 42373
41199 43406
43407 43295
41229 43407
43408 41362
41361 43408
43409 8516
41455 53138
43410 42343
41505 43410
43411 23437
43412 26933
41585 49835
43413 13779
43414 42087
41761 49165
43415 49753
41793 43415
43416 3156
41837 48919
43417 14455
42051 48971
43418 34874
42097 43418
43419 27638
42135 43419
43420 20949
42197 43420
43421 35358
42199 43421
43422 7410
42205 46953
43423 34350
42207 48363
42229 43424
43425 42377
42331 43425
43426 10539
42345 43426
43427 30141
42401 46562
43428 3514
42409 43428
43429 14649
42591 43429
43430 2591
42615 43430
43431 40121
42687 47731
43432 42943
42699 49105
43433 36672
43163 43433
43434 7912
43255 49593
43435 8382
43315 43435
43437 11793
43437 43436
43439 31031
43439 43438
43441 45919
43443 43743
43443 43442
43445 12058
43445 52783
43447 33300
43447 43446
43449 37513
43449 43448
43451 24189
43451 44063
43453 13623
43455 38374
43455 43454
43457 33046
43459 52943
43459 43458
43461 26673
43461 43460
43463 10994
43463 51151
43465 31236
43465 43464
43467 18179
43467 43466
43469 25257
43469 46331
43471 26104
43471 43470
43473 40190
43473 43472
43475 46666
43477 26541
43477 44693
43479 26657
43479 43478
43481 11721
43481 43480
43483 37372
43483 43482
43485 25108
43485 52249
43487 4231
43487 43486
43489 11637
43489 46665
43491 12432
43491 46033
43493 4853
43493 43492
43495 24545
43495 43494
43497 6867
43497 43496
43499 33016
43499 43498
43501 33121
43501 43500
43503 32973
43503 43502
43505 12256
43505 43504
43507 24199
43507 43506
43509 5533
43509 43508
43511 19626
43511 43510
43513 23841
43513 43512
43515 31082
43515 43514
43517 51507
43517 44577
43519 40180
43519 44489
43521 4985
43521 43520
43523 24260
43523 43522
43525 45963
43525 43524
43527 6335
43527 43526
43529 45521
43529 44271
43531 13565
43531 43530
43533 25370
43533 43532
43535 24224
43535 43534
43537 24543
43537 43536
43539 6248
43539 43538
43541 39533
43541 43540
43543 52955
43543 43542
43545 19457
43545 43544
43547 37754
43547 43546
43549 32493
43549 45797
43551 38759
43551 43550
43553 12767
43553 43552
43555 43859
43555 45105
43557 33247
43557 43556
43559 38586
43559 43939
43561 19525
43561 43560
43563 11930
43563 43562
43565 24729
43565 43564
43567 4929
43567 43566
43569 20067
43569 52085
43571 17667
43571 45999
43573 31194
43573 43572
43575 30417
43575 43574
43577 18297
43577 43576
43579 5119
43579 43578
43581 38973
43581 43580
43583 12968
43583 43582
43585 33178
43585 43584
43587 32661
43587 52135
43589 51471
43589 52173
43591 6185
43591 43590
43593 7247
43593 43592
43595 18908
43595 43594
43597 18959
43597 43596
43599 11819
43599 43598
43601 18270
43601 43600
43603 26390
43603 43602
43605 52785
43605 43639
43607 12493
43607 43606
43609 52873
43609 43608
43611 4614
43611 43610
43613 13052
43613 43612
43615 32940
43615 43614
43617 38826
43617 43616
43619 26148
43619 43618
43621 13021
43621 43620
43623 33636
43623 43622
43625 18648
43625 43624
43627 30725
43627 50617
43629 6919
43629 43628
43631 43471
43631 45731
43633 37690
43633 43632
43635 31340
43635 43634
43637 6019
43637 43636
43639 43604
43639 43638
43641 4271
43641 43640
43643 25456
43643 43642
43645 52945
43647 52221
43647 43646
43649 26474
43649 43648
43651 4367
43651 43650
43653 11820
43653 43652
43655 31486
43655 43654
43657 37164
43657 43656
43659 26988
43659 43658
43661 26173
43661 43660
43663 38966
43665 31260
43665 43664
43667 10597
43669 4837
43669 43668
43671 33283
43671 43670
43673 32926
43673 43672
43675 52617
43675 43674
43677 26386
43677 45597
43679 25572
43679 43678
43681 25746
43681 43680
43683 513
43683 43682
43685 17248
43685 43684
43687 27068
43687 43686
43689 19205
43689 43688
43691 30408
43691 46593
43693 39114
43693 43692
43695 12337
43695 43694
43697 25318
43697 43696
43699 13880
43699 43698
43701 20269
43701 43700
43703 142
43703 43702
43705 24468
43705 43704
43707 5921
43707 43706
43709 33333
43709 43708
43711 31506
43711 43710
43713 11804
43713 43712
43715 17251
43715 43714
43717 12318
43717 43716
43719 43718
43721 46582
43721 43720
43723 20246
43723 43722
43725 24053
43725 43724
43727 12537
43727 43726
43729 11251
43729 43728
43731 37763
43731 43730
43733 25919
43733 51747
43735 12610
43735 50141
43737 11252
43737 43736
43739 32272
43739 43738
43741 179
43741 43740
43743 12852
43743 43742
43745 18107
43745 43744
43747 52867
43747 44059
43749 13432
43751 6496
43751 43750
43753 50525
43753 43752
43755 26302
43755 43754
43757 32626
43757 43756
43759 5075
43759 43758
43761 37060
43761 43760
43763 51831
43763 43762
43765 11381
43765 50453
43767 44181
43767 43766
43769 4778
43769 43768
43771 5587
43771 43770
43773 45605
43773 43772
43775 52705
43775 43774
43777 11653
43777 43776
43779 43778
43781 24252
43781 43780
43783 25053
43783 43782
43785 19911
43785 43784
43787 53176
43787 45073
43789 549
43789 43788
43791 20168
43791 43790
43793 39936
43793 52343
43795 33039
43795 43794
43797 23904
43797 43796
43799 31003
43799 43798
43801 39838
43801 43800
43803 19705
43803 43802
43805 26818
43805 43804
43807 24728
43807 50317
43809 45481
43809 43808
43811 50221
43811 43810
43813 19092
43813 43812
43815 30781
43815 51697
43817 19696
43817 43816
43819 19687
43819 43818
43821 13062
43821 43820
43823 26558
43823 51799
43825 33551
43825 43824
43827 13342
43827 43826
43829 12491
43829 43828
43831 24825
43831 43830
43833 23840
43833 43832
43835 649
43835 43834
43837 17686
43837 43836
43839 25122
43839 43838
43841 26142
43841 43840
43843 18570
43843 43842
43845 52845
43845 43844
43847 10633
43847 43846
43849 37018
43849 43848
43851 7048
43851 43850
43853 13698
43853 43852
43855 4741
43855 43854
43857 30926
43857 43856
43859 39778
43859 43858
43861 25923
43861 43860
43863 3925
43863 43862
43865 4774
43865 51373
43867 137
43867 43866
43869 39976
43869 45231
43871 11589
43871 43870
43873 11978
43873 52405
43875 6833
43875 43874
43877 7206
43877 43876
43879 39657
43879 43878
43881 27077
43881 43880
43883 5759
43883 43882
43885 39359
43885 43884
43887 51203
43887 43886
43889 13538
43889 43888
43891 19277
43891 43890
43893 31881
43893 43892
43895 52407
43895 43894
43897 52763
43897 43896
43899 12042
43899 43898
43901 39975
43901 43900
43903 12473
43903 43902
43905 23802
43905 43904
43907 11491
43907 43906
43909 39893
43909 43908
43911 5667
43911 43910
43913 19281
43913 43912
43915 46127
43915 43914
43917 25273
43917 43916
43919 4001
43919 43918
43921 19797
43921 43920
43923 18647
43923 43922
43925 17388
43925 45027
43927 50927
43927 43926
43929 11782
43929 43928
43931 52569
43931 43930
43933 46521
43933 43932
43935 20171
43935 43934
43937 12411
43937 43936
43939 43558
43939 43938
43941 4757
43941 43940
43943 24216
43943 43942
43945 6005
43945 43944
43947 50289
43947 44443
43949 32127
43949 43948
43951 39916
43951 43950
43953 39844
43953 45041
43955 19389
43955 43954
43957 37538
43957 43961
43959 20308
43959 43958
43961 43956
43961 43960
43963 13513
43963 43962
43965 19997
43965 43964
43967 31552
43967 43966
43969 24634
43969 52505
43971 26346
43971 43970
43973 27129
43973 43972
43975 17527
43975 43974
43977 36934
43977 43976
43979 31186
43979 52387
43981 38294
43981 43980
43983 26621
43983 43982
43985 26599
43985 43984
43987 6318
43987 43986
43989 32274
43989 43988
43991 6834
43991 45479
43993 19070
43993 43992
43995 19421
43995 43994
43997 20486
43997 43996
43999 31620
44001 25407
44001 44000
44003 25522
44003 44002
44005 37120
44005 44004
44007 24650
44007 44305
44009 43963
44009 44008
44011 44010
44013 629
44013 44012
44015 25773
44015 44014
44017 19585
44017 50623
44019 18031
44019 50651
44021 26167
44021 44020
44023 19816
44023 44022
44025 20096
44025 44024
44027 11748
44027 44026
44029 27135
44029 44028
44031 30927
44031 44030
44033 11865
44033 44032
44035 11657
44035 44034
44037 43548
44037 44036
44039 44987
44039 44038
44041 4061
44041 44040
44043 12604
44043 44042
44045 17426
44045 44044
44047 51867
44047 44139
44049 12939
44049 44048
44051 37486
44051 44050
44053 32982
44053 44052
44055 12713
44055 44054
44057 26522
44057 44056
44059 43746
44059 44058
44061 5355
44061 44060
44063 43450
44063 44062
44065 31478
44065 44064
44067 17590
44067 44066
44069 43935
44071 50261
44071 44070
44073 5383
44073 44072
44075 24539
44075 44074
44077 13318
44077 44076
44079 39852
44079 44078
44081 19593
44081 44080
44083 25925
44083 44082
44085 18509
44085 44084
44087 18742
44087 44086
44089 18766
44089 44088
44091 30979
44091 44090
44093 38643
44093 46584
44095 13591
44095 44094
44097 4842
44097 44096
44099 17265
44099 44098
44101 25070
44101 44100
44103 17546
44103 44102
44105 26747
44105 50119
44107 39009
44107 44106
44109 39164
44109 52715
44111 26720
44111 44110
44113 5806
44113 44112
44115 40164
44115 44551
44117 37619
44117 44116
44119 11908
44119 44118
44121 17646
44121 44120
44123 18557
44123 44122
44125 4364
44125 44124
44127 10926
44127 51911
44129 44128
44131 26612
44131 44130
44133 26823
44133 44132
44135 11323
44135 44134
44137 11638
44137 44136
44139 44046
44139 44138
44141 6853
44141 44140
44143 17328
44143 44142
44145 17761
44145 44144
44147 25152
44147 44146
44149 38640
44149 44148
44151 40098
44151 44150
44153 5729
44153 44152
44155 52993
44155 44154
44157 17366
44157 44156
44159 17496
44159 44158
44161 46674
44163 43946
44163 44162
44165 31768
44165 44164
44167 5205
44167 44166
44169 6333
44169 44168
44171 39904
44171 44170
44173 11034
44175 49989
44177 31087
44177 45555
44179 23957
44179 44178
44181 4429
44181 44180
44183 17221
44183 44182
44185 4525
44185 44184
44187 33020
44187 44186
44189 45317
44189 45183
44191 27098
44191 44190
44193 24790
44193 44192
44195 27071
44195 44194
44197 38818
44197 52815
44199 33072
44199 44198
44201 18611
44201 44200
44203 31201
44203 44202
44205 10835
44205 44204
44207 37716
44207 44206
44209 33062
44209 44208
44211 55
44211 44210
44213 18902
44213 44212
44215 5117
44215 44214
44217 37291
44217 44216
44219 10845
44219 44218
44221 6577
44221 44220
44223 37284
44223 44661
44225 45013
44225 44224
44227 37479
44229 50773
44229 44228
44231 36926
44231 44230
44233 30616
44233 44232
44235 25551
44235 44234
44237 3971
44237 44236
44239 13567
44239 44238
44241 36961
44241 49983
44243 11939
44243 44242
44245 17893
44245 51001
44247 39720
44247 44246
44249 39369
44249 44248
44251 4265
44251 44250
44253 13237
44253 44252
44255 4432
44255 44254
44257 46017
44257 44256
44259 4867
44259 44258
44261 40195
44261 51391
44263 4291
44263 44262
44265 26447
44265 51809
44267 19431
44267 44266
44269 38438
44269 44268
44271 43528
44271 44270
44273 50325
44273 44272
44275 19770
44275 44274
44277 49883
44277 44847
44279 11371
44279 44278
44281 420
44281 44280
44283 50827
44283 44282
44285 431
44285 44284
44287 10772
44287 46617
44289 165
44289 44288
44291 26010
44291 44290
44293 43462
44293 44292
44295 4891
44295 44294
44297 39425
44297 44296
44299 31169
44299 46594
44301 39725
44301 44300
44303 438
44303 44302
44305 45405
44305 44304
44307 6740
44307 44306
44309 36998
44309 44308
44311 30426
44311 44310
44313 30772
44313 44312
44315 44314
44317 20191
44317 44935
44319 26154
44319 44318
44321 31049
44321 44320
44323 6562
44323 44322
44325 38712
44325 44324
44327 31794
44327 45777
44329 12633
44329 44328
44331 37252
44331 44330
44333 30890
44333 44332
44335 4709
44335 44334
44337 4316
44337 44336
44339 4906
44339 46193
44341 26570
44341 46590
44343 6168
44343 44342
44345 26137
44345 44344
44347 52023
44347 44346
44349 33229
44349 44348
44351 4391
44351 44350
44353 26404
44353 44352
44355 18587
44355 44354
44357 20161
44357 44356
44359 37108
44359 44358
44361 5925
44361 44360
44363 20388
44363 44362
44365 51645
44365 44364
44367 27092
44367 44366
44369 26664
44369 51721
44371 19548
44371 44370
44373 24824
44373 44372
44375 33657
44375 44374
44377 12711
44377 44376
44379 23960
44379 44961
44381 19540
44381 44380
44383 25562
44385 51381
44385 44384
44387 11199
44387 44386
44389 13486
44389 44388
44391 12796
44391 44390
44393 44392
44395 11766
44395 44394
44397 32392
44397 44396
44399 37077
44399 44398
44401 50263
44401 44400
44403 46677
44405 17811
44405 44404
44407 4203
44407 44406
44409 26826
44409 44408
44411 45205
44411 44410
44413 26907
44413 44412
44415 45
44415 44414
44417 38616
44417 46527
44419 26773
44419 44418
44421 5294
44421 44420
44423 17665
44423 44422
44425 25815
44425 44424
44427 44433
44427 46607
44429 19388
44429 44428
44431 44635
44431 44430
44433 25680
44435 20506
44435 44434
44437 31086
44437 44436
44439 24191
44439 44438
44441 32772
44441 44440
44443 44163
44443 44442
44445 18350
44445 44444
44447 38230
44447 44446
44449 50631
44449 44448
44451 30437
44451 44450
44453 44452
44455 11493
44455 44454
44457 5284
44457 44456
44459 24022
44459 44458
44461 5597
44461 44460
44463 19184
44463 44462
44465 27139
44465 52057
44467 39722
44467 44466
44469 5044
44469 44468
44471 24088
44471 50909
44473 10789
44473 44472
44475 11399
44475 44474
44477 25143
44477 44476
44479 38318
44479 44478
44481 17569
44481 44480
44483 19952
44483 44482
44485 13380
44485 44484
44487 12314
44487 46431
44489 43518
44489 44488
44491 32918
44491 44490
44493 52771
44493 44492
44495 37056
44495 44494
44497 30862
44497 44496
44499 6170
44499 44498
44501 4102
44501 45915
44503 10860
44503 44502
44505 18417
44505 44504
44507 37569
44507 44506
44509 4214
44509 44508
44511 6675
44511 44510
44513 37062
44513 44512
44515 50477
44515 44514
44517 19199
44517 44516
44519 12376
44519 44518
44521 18636
44521 46663
44523 37560
44523 44522
44525 17781
44525 46606
44527 5318
44527 44526
44529 38831
44529 44528
44531 37216
44531 44530
44533 45801
44533 44532
44535 37622
44535 44534
44537 50065
44537 44536
44539 52675
44539 44538
44541 40174
44541 44540
44543 33635
44543 44542
44545 37132
44545 44544
44547 51291
44547 45151
44549 18975
44549 44548
44551 44114
44551 44550
44553 18328
44553 44552
44555 26883
44555 44554
44557 37839
44557 44556
44559 11839
44559 44558
44561 6109
44561 44560
44563 12563
44563 44562
44565 20475
44565 44564
44567 17768
44567 44566
44569 11327
44569 44568
44571 5877
44571 44570
44573 7042
44573 44572
44575 20258
44575 44574
44577 43516
44577 44576
44579 13251
44579 44578
44581 5622
44581 44580
44583 17417
44583 44582
44585 24525
44585 44584
44587 44586
44589 4461
44589 44588
44591 25183
44591 44590
44593 19572
44593 50061
44595 439
44595 44594
44597 4933
44597 45417
44599 12352
44599 44598
44601 4453
44601 44600
44603 39625
44605 145
44605 44604
44607 39516
44607 44606
44609 50577
44609 44608
44611 12941
44611 44610
44613 46067
44613 44612
44615 19560
44615 44614
44617 6288
44617 44616
44619 37773
44619 44618
44621 484
44623 43691
44623 44622
44625 20322
44625 44624
44627 6982
44627 44626
44629 31058
44629 44628
44631 4682
44631 44630
44633 11172
44633 44632
44635 31195
44635 44634
44637 20031
44637 44636
44639 31102
44639 44638
44641 32053
44641 44640
44643 39546
44643 44642
44645 52887
44645 44644
44647 38726
44647 44646
44649 30904
44649 52239
44651 23864
44651 45903
44653 5801
44653 44652
44655 45163
44655 44654
44657 31695
44657 44656
44659 13837
44659 44658
44661 46125
44661 44660
44663 24084
44663 44662
44665 33653
44665 52917
44667 20358
44667 44666
44669 6547
44669 45511
44671 38780
44671 44670
44673 30741
44673 44672
44675 26446
44675 44674
44677 4285
44677 44676
44679 46463
44681 40171
44681 44680
44683 40105
44685 25546
44685 44684
44687 6244
44687 44686
44689 39781
44689 45431
44691 37788
44691 45545
44693 43476
44693 44692
44695 31442
44695 44694
44697 10838
44697 44696
44699 52767
44699 44698
44701 13392
44701 44700
44703 25796
44703 44702
44705 32059
44705 46325
44707 19735
44707 50835
44709 53167
44709 44708
44711 4608
44711 44710
44713 11894
44713 50127
44715 12552
44715 45897
44717 44825
44717 44716
44719 538
44719 44718
44721 32863
44721 44720
44723 5041
44723 44722
44725 3885
44725 44724
44727 50095
44727 45181
44729 40110
44729 44728
44731 39028
44731 44730
44733 26804
44733 44732
44735 25831
44735 44734
44737 37783
44737 44736
44739 6089
44739 44738
44741 19012
44741 44740
44743 46683
44745 32370
44745 44744
44747 25174
44747 44746
44749 25805
44749 44748
44751 19588
44751 44750
44753 23993
44753 44752
44755 639
44755 44754
44757 25115
44757 44756
44759 12797
44759 44758
44761 4705
44761 44760
44763 6785
44763 44762
44765 52305
44765 52435
44767 24693
44767 50099
44769 25511
44769 51455
44771 5913
44771 44770
44773 39718
44773 44772
44775 4016
44775 44774
44777 26032
44777 44776
44779 11527
44779 44778
44781 13846
44781 44780
44783 37809
44783 44782
44785 24889
44785 44784
44787 20250
44789 17369
44789 44788
44791 17696
44791 44790
44793 11949
44793 44792
44795 19440
44795 44794
44797 46063
44797 44796
44799 32501
44799 50255
44801 5713
44801 44800
44803 7266
44803 44802
44805 3973
44805 44804
44807 38984
44807 44806
44809 19351
44809 44808
44811 32072
44811 44810
44813 31499
44813 44812
44815 17632
44815 44814
44817 26766
44817 44816
44819 37266
44819 44818
44821 45331
44823 5209
44823 44822
44825 5836
44825 44824
44827 33372
44827 44826
44829 53113
44829 50395
44831 46093
44831 44830
44833 12399
44833 44832
44835 24921
44835 44834
44837 11838
44837 44836
44839 40169
44839 44838
44841 32745
44841 44840
44843 32295
44843 44842
44845 33359
44845 44844
44847 44846
44849 43570
44849 44848
44851 39730
44851 44850
44853 39524
44853 44852
44855 13613
44855 44854
44857 18568
44857 44856
44859 26950
44859 50787
44861 5105
44861 44860
44863 44831
44863 44862
44865 24998
44865 44864
44867 33329
44867 44866
44869 39962
44869 46085
44871 20363
44871 52999
44873 19515
44873 44872
44875 38325
44875 44874
44877 37631
44879 20179
44879 50513
44881 37550
44881 44880
44883 11313
44883 44882
44885 31579
44885 44884
44887 49887
44887 46043
44889 44283
44889 44888
44891 5967
44891 44890
44893 33625
44893 46329
44895 17954
44895 44894
44897 33661
44897 44896
44899 30791
44899 44898
44901 19818
44903 18393
44903 44902
44905 24797
44905 46285
44907 13116
44907 44906
44909 25513
44909 52235
44911 5345
44911 44910
44913 17561
44913 44912
44915 31687
44915 44914
44917 18614
44917 44916
44919 33095
44919 44918
44921 25297
44921 44920
44923 24926
44923 49969
44925 5996
44925 44924
44927 10954
44929 13382
44929 44928
44931 18575
44931 44930
44933 26616
44933 44932
44935 44316
44935 44934
44937 36853
44937 44936
44939 17735
44939 44938
44941 46229
44941 44940
44943 44726
44943 45485
44945 492
44945 44944
44947 38501
44947 44946
44949 6334
44949 44948
44951 13511
44951 44950
44953 5567
44953 44952
44955 43673
44955 44954
44957 44445
44957 44956
44959 25331
44959 44958
44961 44378
44961 46231
44963 5586
44963 44962
44965 18522
44965 44964
44967 51739
44967 44966
44969 38243
44969 44968
44971 24606
44971 50403
44973 52011
44973 44972
44975 33309
44975 44974
44977 38924
44977 44976
44979 4711
44979 51231
44981 24981
44981 44980
44983 6508
44983 44982
44985 11209
44985 44984
44987 31386
44987 44986
44989 17573
44989 44988
44991 5603
44991 44990
44993 13645
44993 44992
44995 25517
44995 44994
44997 6945
44997 44996
44999 17452
44999 44998
45001 18899
45001 46113
45003 39353
45003 45002
45005 38247
45005 45004
45007 31441
45007 45006
45009 13213
45009 45008
45011 33155
45011 45010
45013 39930
45013 45179
45015 12654
45015 45014
45017 33299
45017 45016
45019 23974
45019 45018
45021 17394
45021 45020
45023 32696
45023 45022
45025 37829
45025 45024
45027 43924
45027 51017
45029 26011
45029 45028
45031 26356
45031 45030
45033 5146
45033 45805
45035 24991
45035 45034
45037 25438
45037 45036
45039 31782
45039 51803
45041 43952
45041 45040
45043 31482
45043 45042
45045 18561
45045 45044
45047 23806
45047 45046
45049 5544
45049 45048
45051 38430
45051 45050
45053 11111
45053 45052
45055 33038
45055 45054
45057 4616
45057 45056
45059 25286
45059 50847
45061 25666
45061 45060
45063 19592
45063 45062
45065 31525
45065 45064
45067 24447
45067 45066
45069 27122
45069 46175
45071 12281
45071 45070
45073 43786
45073 45072
45075 10482
45075 45074
45077 18880
45077 45076
45079 11511
45079 45078
45081 51439
45081 45080
45083 19619
45083 52549
45085 6150
45085 45084
45087 6129
45087 45086
45089 6542
45089 45088
45091 31286
45091 45090
45093 37254
45093 52333
45095 6280
45095 45094
45097 38816
45097 45096
45099 38172
45099 45098
45101 6014
45101 45100
45103 25941
45103 45102
45105 43554
45105 45104
45107 46343
45107 45106
45109 32089
45109 45108
45111 6323
45111 45110
45113 37699
45113 45112
45115 10606
45115 45114
45117 33092
45117 45116
45119 12433
45119 45118
45121 24242
45121 45120
45123 12339
45123 45122
45125 11643
45125 45124
45127 46497
45127 45126
45129 38756
45129 45128
45131 30925
45131 45130
45133 18847
45133 52877
45135 26855
45135 45134
45137 37420
45137 45136
45139 5261
45139 45138
45141 31404
45141 45140
45143 39024
45143 45142
45145 643
45145 45144
45147 19284
45147 45146
45149 37768
45151 44546
45151 45150
45153 3887
45153 45152
45155 10485
45155 45154
45157 25929
45157 45156
45159 44141
45159 45158
45161 5147
45161 45160
45163 18678
45163 46587
45165 11709
45165 45164
45167 13041
45167 45166
45169 24553
45169 45168
45171 11781
45171 45170
45173 13231
45173 45172
45175 20073
45175 45174
45177 11407
45177 45176
45179 45012
45179 45178
45181 44943
45181 50823
45183 44188
45183 45182
45185 38978
45185 45184
45187 33664
45187 45186
45189 50081
45189 45188
45191 25874
45191 45190
45193 26514
45193 51165
45195 24669
45195 45194
45197 39178
45197 45196
45199 32043
45199 45198
45201 45457
45201 45200
45203 31623
45203 45202
45205 6573
45205 45204
45207 19621
45207 45206
45209 19916
45209 45208
45211 37229
45211 45223
45213 498
45213 45212
45215 43515
45215 45214
45217 24795
45217 45216
45219 4547
45219 45218
45221 11914
45221 45220
45223 46243
45223 45222
45225 32437
45225 45224
45227 6495
45227 45226
45229 30339
45229 45228
45231 43868
45231 45230
45233 125
45233 45232
45235 23997
45235 45234
45237 39172
45237 45236
45239 11187
45239 45238
45241 18793
45241 45240
45243 12607
45243 45242
45245 37766
45245 49987
45247 40196
45247 45246
45249 43941
45249 45248
45251 13657
45251 45250
45253 52273
45253 45252
45255 24437
45255 45254
45257 18298
45257 45256
45259 4359
45259 45258
45261 6081
45261 45260
45263 25361
45263 45262
45265 50433
45265 45264
45267 17617
45267 45266
45269 30907
45269 45268
45271 33589
45271 45270
45273 33664
45273 45272
45275 37845
45275 45274
45277 50003
45277 50775
45279 39093
45279 45278
45281 11675
45281 45280
45283 38908
45283 45282
45285 32383
45287 39647
45287 45286
45289 13718
45289 45288
45291 24870
45291 45290
45293 10699
45293 45292
45295 24488
45295 45294
45297 37199
45297 45296
45299 25002
45299 45298
45301 578
45301 45300
45303 39131
45303 45302
45305 4540
45305 45304
45307 26531
45307 45306
45309 30825
45309 50521
45311 19591
45311 45310
45313 38903
45313 46165
45315 24698
45315 45314
45317 6489
45317 45316
45319 12060
45319 45318
45321 25999
45321 45320
45323 4115
45323 45322
45325 37072
45325 45324
45327 13484
45327 45326
45329 20314
45329 45328
45331 46437
45331 45330
45333 18506
45333 45332
45335 52205
45335 45334
45337 13114
45337 45336
45339 30913
45339 52035
45341 12648
45341 45340
45343 19307
45343 45342
45345 18805
45345 45344
45347 33660
45347 45346
45349 12049
45349 45348
45351 37926
45351 45350
45353 12667
45353 45352
45355 5787
45355 45354
45357 32517
45357 45356
45359 24058
45359 45358
45361 7228
45361 45360
45363 38714
45363 45362
45365 11792
45365 45364
45367 37540
45367 45366
45369 5137
45369 45368
45371 40062
45371 45370
45373 33145
45373 45372
45375 7218
45375 45374
45377 32925
45377 45376
45379 3989
45379 45378
45381 10939
45381 45380
45383 6136
45383 45382
45385 12726
45385 45384
45387 566
45387 45386
45389 26108
45389 45388
45391 45058
45391 45390
45393 37362
45393 45392
45395 40162
45395 50215
45397 39005
45397 45396
45399 32153
45399 51499
45401 45339
45401 45400
45403 5297
45403 45402
45405 44006
45405 50279
45407 6070
45407 50921
45409 39822
45409 45408
45411 4653
45411 45410
45413 38785
45413 45412
45415 4435
45415 45414
45417 44596
45417 45416
45419 13013
45419 45418
45421 6492
45421 51917
45423 5442
45423 45422
45425 26084
45425 45424
45427 37427
45427 45426
45429 19262
45429 45428
45431 44688
45431 45430
45433 37201
45433 45432
45435 52181
45435 45434
45437 46105
45437 45436
45439 52285
45441 26634
45441 45440
45443 25710
45443 46381
45445 4652
45445 45444
45447 19296
45447 45446
45449 50275
45449 45448
45451 5419
45451 45450
45453 31117
45453 45452
45455 4438
45455 45454
45457 33021
45457 45456
45459 37568
45459 45953
45461 51157
45461 45460
45463 13653
45463 45462
45465 52677
45465 45464
45467 19870
45467 45466
45469 46696
45469 45468
45471 51065
45471 45470
45473 31680
45473 45472
45475 17304
45475 45474
45477 40018
45477 52297
45479 43990
45479 45478
45481 31332
45481 45480
45483 26257
45483 45482
45485 44942
45485 45484
45487 20090
45487 45486
45489 37257
45489 45488
45491 30423
45491 45490
45493 24719
45495 38660
45495 45494
45497 4343
45497 45496
45499 18960
45499 45498
45501 13010
45501 45500
45503 37175
45503 45502
45505 32607
45505 45504
45507 30587
45507 45506
45509 12880
45509 45508
45511 44668
45511 45510
45513 26788
45513 45512
45515 25388
45515 45514
45517 51173
45517 45516
45519 31926
45519 45518
45521 32443
45521 45520
45523 52445
45523 45522
45525 5097
45525 45524
45527 37357
45527 45526
45529 37960
45529 45528
45531 51459
45531 45530
45533 24277
45533 45532
45535 12045
45535 45534
45537 57
45537 45536
45539 33169
45539 45538
45541 52009
45541 45540
45543 12590
45543 45542
45545 46189
45545 45544
45547 25765
45547 45546
45549 6173
45549 45548
45551 5190
45551 45550
45553 31879
45553 45552
45555 44176
45555 45554
45557 49885
45557 45759
45559 4313
45559 45558
45561 24940
45563 5985
45563 45562
45565 50139
45565 45621
45567 5264
45567 45566
45569 31987
45569 45568
45571 7272
45571 45570
45573 17282
45573 45572
45575 482
45575 45574
45577 17737
45577 45576
45579 30406
45579 45578
45581 18386
45581 45580
45583 3944
45583 45582
45585 18440
45585 45584
45587 5197
45587 45586
45589 38077
45589 45588
45591 32041
45591 45590
45593 26890
45593 45592
45595 51881
45595 45594
45597 43676
45597 45596
45599 26752
45599 50741
45601 5515
45601 45600
45603 33633
45603 45602
45605 43647
45605 45604
45607 18154
45607 45606
45609 19897
45609 45608
45611 26192
45611 45610
45613 32237
45613 45612
45615 19097
45615 45614
45617 45616
45619 43891
45619 45618
45621 45564
45621 45620
45623 43629
45623 45622
45625 38672
45625 45624
45627 46395
45627 45626
45629 37189
45629 45628
45631 11032
45631 45630
45633 20150
45633 45632
45635 4612
45635 45634
45637 39153
45637 45636
45639 37529
45639 45638
45641 38358
45641 45979
45643 12120
45643 45642
45645 38231
45645 45644
45647 4420
45647 45646
45649 37301
45649 45648
45651 26537
45651 45650
45653 19266
45653 46195
45655 4327
45655 45654
45657 13858
45657 45656
45659 5665
45659 45658
45661 24195
45661 45660
45663 38153
45663 45662
45665 25952
45665 45664
45667 19066
45667 45666
45669 30726
45669 45668
45671 6365
45671 45670
45673 17381
45673 45672
45675 24371
45675 45674
45677 31459
45677 45676
45679 50587
45679 45678
45681 11749
45681 45680
45683 6249
45683 45682
45685 24378
45685 45684
45687 32830
45687 45686
45689 24621
45689 45688
45691 51761
45691 45690
45693 503
45693 45692
45695 24988
45695 50635
45697 12174
45697 45696
45699 26342
45701 13611
45701 45700
45703 19675
45703 45702
45705 38692
45705 45704
45707 32160
45707 45706
45709 39377
45709 45708
45711 40013
45711 52903
45713 31198
45713 46057
45715 26973
45715 45714
45717 39808
45717 52431
45719 52753
45719 45718
45721 5521
45721 51107
45723 38608
45723 45722
45725 6159
45725 45724
45727 11383
45727 45726
45729 18797
45729 45728
45731 43630
45731 52201
45733 52439
45733 45732
45735 31905
45735 45734
45737 5724
45737 45736
45739 31860
45739 45738
45741 17533
45741 45740
45743 51229
45743 45742
45745 37842
45745 45744
45747 26276
45749 25226
45749 50437
45751 38509
45751 51589
45753 18159
45753 45752
45755 32551
45755 45754
45757 12942
45757 45756
45759 45758
45761 25989
45761 45760
45763 25372
45763 45762
45765 24268
45765 45764
45767 10935
45767 45766
45769 6436
45769 53101
45771 46389
45771 45770
45773 26986
45773 45772
45775 37112
45775 45774
45777 44326
45777 45776
45779 17979
45779 45778
45781 428
45781 53092
45783 4129
45783 45782
45785 4707
45785 45784
45787 31218
45787 45786
45789 449
45789 45788
45791 18890
45791 45790
45793 13658
45793 45792
45795 4130
45795 45794
45797 44037
45797 45796
45799 37774
45799 45798
45801 25376
45801 45800
45803 13206
45803 45802
45805 45032
45805 45804
45807 11355
45807 45806
45809 6064
45809 45808
45811 11877
45811 45810
45813 13702
45813 45812
45815 10901
45815 45814
45817 11008
45817 45816
45819 10854
45819 45818
45821 6913
45821 45820
45823 44837
45823 45822
45825 12439
45825 45824
45827 18073
45829 11606
45829 45828
45831 38007
45831 45830
45833 51125
45835 33101
45835 45834
45837 37268
45837 52857
45839 6153
45839 45838
45841 37578
45841 45840
45843 6520
45843 45842
45845 39136
45845 45844
45847 5919
45847 45846
45849 32971
45849 45848
45851 44613
45851 45850
45853 4546
45853 45852
45855 18497
45855 50259
45857 18215
45857 45856
45859 30598
45859 45858
45861 17122
45861 45860
45863 51343
45863 45862
45865 30987
45865 45864
45867 6332
45867 45866
45869 36917
45869 45868
45871 11891
45871 45870
45873 445
45873 45872
45875 4485
45875 45874
45877 25741
45877 45876
45879 20503
45879 45878
45881 40064
45881 45880
45883 4478
45883 45882
45885 33111
45885 45884
45887 46612
45887 46591
45889 11642
45889 45888
45891 31237
45891 45890
45893 12877
45893 45892
45895 25574
45895 51517
45897 44714
45897 45896
45899 11335
45899 45898
45901 12849
45901 45900
45903 44650
45903 45902
45905 46694
45907 4665
45907 45906
45909 13290
45909 45908
45911 26072
45911 45910
45913 37556
45913 45912
45915 44500
45915 45914
45917 24270
45917 45916
45919 19203
45919 45918
45921 32051
45921 51547
45923 31135
45923 45922
45925 24106
45925 45924
45927 37802
45927 45926
45929 4299
45929 45928
45931 33345
45931 45930
45933 45941
45933 45932
45935 26130
45935 45934
45937 5254
45937 51653
45939 26066
45939 45938
45941 6186
45941 51899
45943 10588
45943 45942
45945 26517
45945 45944
45947 17690
45947 45946
45949 25987
45949 46245
45951 38235
45951 45950
45953 51403
45953 45952
45955 11013
45955 45954
45957 10934
45957 45956
45959 20037
45959 50211
45961 44997
45961 45960
45963 6704
45963 52259
45965 12932
45965 45964
45967 3969
45967 45966
45969 43589
45969 45968
45971 37524
45971 45970
45973 4163
45973 52571
45975 10475
45975 45974
45977 24250
45977 45976
45979 45640
45979 45978
45981 45127
45983 19449
45983 45982
45985 45984
45987 20063
45987 45986
45989 12853
45989 45988
45991 39766
45991 45990
45993 43863
45993 45992
45995 30340
45995 45994
45997 20514
45997 45996
45999 44849
45999 45998
46001 12436
46001 46623
46003 39107
46003 46002
46005 40188
46005 46004
46007 607
46007 50781
46009 5095
46009 46008
46011 32292
46011 46010
46013 37585
46013 46012
46015 30675
46015 46014
46017 30963
46017 46016
46019 32273
46019 46119
46021 44817
46021 46020
46023 51431
46023 46619
46025 39610
46025 46024
46027 19176
46027 46026
46029 25204
46029 46028
46031 25175
46031 46030
46033 46213
46033 46032
46035 31055
46035 46034
46037 17228
46037 46036
46039 46038
46041 13495
46041 46040
46043 46042
46045 45284
46045 46044
46047 37310
46047 46046
46049 11923
46049 46048
46051 39423
46051 46050
46053 50777
46053 46052
46055 11469
46055 46054
46057 45712
46057 46056
46059 39762
46059 46058
46061 38948
46061 46060
46063 24746
46063 46062
46065 18696
46065 46064
46067 30464
46067 46066
46069 30442
46069 46068
46071 39529
46071 46070
46073 5699
46073 46072
46075 17642
46075 46601
46077 6767
46077 46076
46079 17471
46079 46581
46081 12788
46081 46080
46083 25638
46083 46082
46085 44868
46085 46084
46087 31311
46087 52897
46089 27086
46089 46088
46091 25358
46091 46090
46093 51527
46093 50137
46095 33312
46095 46094
46097 18448
46097 46096
46099 25962
46099 46098
46101 17643
46101 46100
46103 27072
46103 46102
46105 43723
46105 46104
46107 3921
46107 46106
46109 31040
46109 46108
46111 17129
46111 46110
46113 45000
46113 46112
46115 37522
46115 46114
46117 5556
46117 46116
46119 46018
46119 46118
46121 4083
46123 39486
46123 46700
46125 44222
46125 46124
46127 7251
46127 46126
46129 4958
46129 46128
46131 20158
46131 46130
46133 31666
46133 50851
46135 23805
46135 46134
46137 31795
46137 52281
46139 5503
46139 46138
46141 6027
46141 46140
46143 32222
46143 46142
46145 6776
46145 46144
46147 39960
46147 46146
46149 32775
46149 46148
46151 30427
46151 46150
46153 5736
46153 46152
46155 19463
46155 46154
46157 5357
46157 46156
46159 26587
46159 46158
46161 46375
46161 52913
46163 609
46163 46162
46165 45312
46165 46164
46167 26533
46167 52183
46169 39158
46169 46168
46171 18365
46171 46170
46173 20318
46173 46172
46175 52361
46175 46174
46177 24583
46177 46176
46179 18246
46179 46178
46181 18116
46181 46180
46183 45287
46183 46182
46185 30641
46185 46184
46187 25101
46187 46186
46189 44690
46189 46188
46191 18455
46191 46190
46193 50545
46193 46192
46195 45652
46195 46194
46197 17310
46197 46196
46199 25047
46199 46198
46201 20281
46201 46200
46203 43553
46203 46202
46205 25673
46205 46204
46207 19477
46207 46206
46209 11561
46209 46208
46211 6570
46211 46210
46213 43490
46213 46212
46215 30431
46215 46214
46217 44643
46217 46216
46219 24588
46219 46218
46221 37917
46221 46220
46223 26704
46223 52709
46225 50383
46225 46224
46227 12203
46227 46226
46229 27093
46229 46228
46231 44960
46231 46230
46233 10911
46233 46232
46235 20502
46235 49927
46237 37954
46237 46236
46239 13704
46239 46238
46241 19877
46241 46691
46243 45210
46243 46242
46245 45948
46245 52911
46247 20499
46247 46246
46249 33358
46249 46248
46251 13839
46251 46250
46253 50201
46255 30540
46255 46254
46257 13087
46257 46256
46259 32919
46259 46258
46261 18385
46261 46260
46263 12644
46263 46262
46265 4398
46265 46264
46267 18787
46267 52467
46269 4354
46269 46268
46271 11423
46271 46270
46273 6289
46273 46272
46275 20116
46275 46274
46277 6429
46277 46276
46279 26901
46279 46278
46281 52307
46281 46280
46283 3923
46283 46282
46285 44904
46285 46284
46287 31213
46287 46286
46289 126
46289 46288
46291 19868
46291 46290
46293 31035
46293 46292
46295 17957
46295 46672
46297 10727
46297 46296
46299 51353
46299 46298
46301 32573
46301 46300
46303 39860
46303 46302
46305 19983
46305 51865
46307 31046
46307 46306
46309 37192
46309 46308
46311 18135
46311 46310
46313 10757
46313 46312
46315 33152
46315 46314
46317 11925
46317 46316
46319 50519
46319 46318
46321 24909
46321 46320
46323 46177
46323 46322
46325 44704
46325 52335
46327 46621
46327 46326
46329 44892
46329 46328
46331 43468
46331 46330
46333 7036
46333 46332
46335 605
46335 46334
46337 26292
46339 19728
46339 46338
46341 43987
46341 46340
46343 5781
46343 46342
46345 37074
46345 46344
46347 44413
46347 46346
46349 38088
46349 46348
46351 32648
46351 46350
46353 39445
46353 46352
46355 37141
46355 46354
46357 27136
46357 46356
46359 25217
46359 46358
46361 50359
46361 46360
46363 5611
46363 46362
46365 31097
46365 46364
46367 46517
46367 46366
46369 6711
46369 46368
46371 26812
46371 46370
46373 45308
46373 46372
46375 17990
46377 4676
46377 46667
46379 12297
46379 46378
46381 45442
46381 46380
46383 46
46383 46382
46385 5774
46385 46384
46387 18468
46387 46386
46389 50721
46389 46388
46391 4855
46391 46390
46393 37893
46393 46392
46395 11122
46395 46394
46397 32663
46397 46396
46399 5920
46399 46398
46401 4181
46401 46400
46403 19180
46403 50745
46405 38830
46405 46404
46407 31554
46409 11816
46409 46408
46411 43599
46413 17913
46413 46412
46415 12975
46415 46414
46417 32967
46417 46416
46419 24949
46419 46418
46421 19273
46421 46420
46423 31777
46423 46422
46425 33221
46425 46424
46427 40203
46427 46426
46429 18460
46429 46428
46431 44486
46431 46430
46433 18124
46433 46432
46435 38200
46435 46434
46437 31524
46437 46596
46439 4708
46439 46438
46441 44367
46441 46440
46443 38372
46443 46442
46445 52507
46445 46444
46447 37202
46447 46446
46449 51625
46449 46448
46451 33629
46451 46450
46453 12680
46453 46452
46455 600
46455 46454
46457 625
46457 46456
46459 25311
46459 46458
46461 46701
46463 37504
46463 46462
46465 33098
46465 46464
46467 19822
46467 46466
46469 37826
46469 46468
46471 13841
46471 46470
46473 38440
46473 46472
46475 24140
46475 46474
46477 171
46477 46476
46479 6631
46479 46478
46481 26263
46481 46480
46483 17350
46483 46482
46485 24055
46485 46484
46487 45081
46487 46486
46489 24849
46489 52967
46491 12231
46491 46490
46493 13644
46493 52337
46495 38959
46497 24819
46497 46496
46499 11917
46499 46498
46501 31014
46501 51367
46503 37710
46503 50579
46505 31166
46505 46504
46507 5206
46507 46506
46509 11560
46509 46508
46511 39397
46513 37208
46513 46512
46515 11045
46515 46514
46517 30543
46517 46516
46519 4732
46519 46518
46521 39174
46521 50267
46523 50779
46523 46522
46525 5089
46525 46524
46527 44416
46527 46526
46529 13103
46529 46528
46531 50689
46531 50093
46533 12215
46533 46532
46535 446
46535 46534
46537 38626
46537 46536
46539 23944
46539 46538
46541 33357
46541 46692
46543 24954
46543 46542
46545 5730
46545 46544
46547 40163
46547 46546
46549 5395
46549 46548
46551 73
46551 50223
46552 41880
46552 7947
46553 40460
46553 3250
46554 43126
46554 403
46555 47369
46555 2834
46556 41596
46556 936
46557 7155
46557 2602
46558 8985
46558 1928
46559 13671
46559 28016
46560 8247
46560 8680
46561 23457
46561 1300
46562 49848
46562 42402
46563 41904
46563 9016
46564 28217
46564 28216
46565 34860
46565 43418
46566 43400
46566 40696
46567 41096
46567 14479
46568 41724
46568 34102
46569 14581
46569 42468
46570 46578
46570 41736
46571 7140
46571 40694
46572 28384
46572 41542
46573 3583
46573 29294
46574 43211
46574 40405
46575 2929
46575 40679
46576 9534
46576 41723
46577 1959
46577 3196
46578 36394
46578 384
46579 43978
46579 17380
46580 46022
46580 50863
46581 46620
46581 30770
46582 423
46582 44991
46583 25061
46583 12414
46584 44092
46584 40187
46585 46000
46585 560
46586 44382
46587 18677
46588 37695
46588 634
46589 45746
46589 26191
46590 44340
46590 24752
46591 45886
46591 24995
46592 32711
46592 17385
46593 46670
46594 44298
46594 11400
46595 46625
46595 37547
46596 46436
46596 46684
46597 11287
46597 18529
46598 39307
46598 17595
46599 44259
46599 12572
46600 33052
46600 5516
46601 46074
46601 39292
46602 37269
46602 33387
46603 38087
46603 38086
46604 10613
46605 13862
46606 44172
46607 44426
46607 44432
46608 510
46609 33154
46609 44786
46610 13112
46611 45705
46612 75
46613 6241
46613 46045
46614 11113
46614 45826
46615 37546
46616 11479
46616 46406
46617 44286
46618 12395
46618 46494
46619 46580
46619 50257
46620 30769
46621 49889
46621 46586
46622 50295
46622 46589
46623 46585
46623 17336
46624 53169
46625 38373
46625 46336
46626 22559
40293 46626
46627 330
40327 46627
46628 7169
40423 46628
46629 40466
40465 46629
46630 15093
40467 46630
46631 6998
40497 46631
46632 40558
40557 46632
46633 22100
40641 46633
46634 14199
40737 46634
46635 20756
40765 46635
46636 22059
40783 46636
46637 1293
40805 46637
46638 40812
40811 46638
46639 41205
40949 46639
46640 9635
40959 46640
46641 3487
41051 46641
46642 40569
41355 46642
46643 7896
41359 46643
46644 397
41441 46644
46645 9284
41481 46645
46646 14048
41507 46646
46647 21898
41521 46647
46648 41568
41567 46648
46649 43087
41981 46649
46650 8722
42179 46650
46651 16794
42311 46651
46652 34012
42467 46652
46653 41261
42525 48769
46654 43193
42533 46654
46655 42371
42643 46655
46656 2576
42647 46656
42727 46657
46658 49225
42831 46658
46659 48077
42859 53149
46660 27231
43079 46660
46661 955
43215 46661
46662 29661
43237 46662
46663 44520
43440 46663
46664 32812
43452 46664
46665 43488
43456 46665
46666 10766
43474 46666
46667 46376
43644 46667
46668 37014
43662 46668
46669 24353
43666 46669
46670 13612
43690 53177
46671 52395
43748 46671
46672 46294
43998 46672
46673 44592
44068 46673
46674 25243
44160 46674
46675 31919
44174 46675
46676 20241
44226 52083
46677 4161
44402 46677
46678 19229
44524 46678
46679 11074
44602 49995
46680 11049
44620 46680
46681 33313
44678 46681
46682 7203
44682 46682
46683 18904
44742 46683
46684 31523
44820 51675
46685 13570
44900 50113
46686 39286
44926 50425
46687 23820
45148 46687
46688 46092
45162 46688
46689 12362
45438 46689
46690 25968
45492 46690
46691 46240
45560 46691
46692 51385
45698 46692
46693 12636
45832 46693
46694 650
45904 46694
46695 37326
45980 46695
46696 38944
46078 46696
46697 10913
46120 46697
46698 18558
46252 46698
46699 17989
46374 46699
46700 50501
46410 46700
46701 47
46460 46701
46703 40821
46703 49625
46705 42365
46705 46704
46707 36900
46707 46706
46709 83
46709 46708
46711 21492
46711 46710
46713 21267
46713 46712
46715 43007
46715 46714
46717 8375
46717 46716
46719 27959
46719 46718
46721 20999
46721 46720
46723 41179
46723 46722
46725 34248
46725 46724
46727 29977
46727 46726
46729 9508
46729 46728
46731 8370
46731 46730
46733 40457
46733 46732
46735 42151
46735 46734
46737 28027
46737 46736
46739 49177
46739 46738
46741 41031
46741 46740
46743 14836
46743 46742
46745 28783
46745 46744
46747 16526
46747 46746
46749 28446
46749 46748
46751 35650
46751 48691
46753 33896
46753 46752
46755 48851
46755 46754
46757 77
46757 46756
46759 14125
46759 46758
46761 46747
46761 46760
46763 30347
46763 46762
46765 21939
46765 46764
46767 40704
46767 46766
46769 7825
46769 46768
46771 3086
46771 46770
46773 1810
46773 46772
46775 21896
46775 46774
46777 34926
46777 46776
46779 982
46779 46778
46781 27266
46783 34000
46783 46782
46785 36398
46785 46784
46787 22087
46787 46786
46789 7986
46789 46788
46791 1654
46791 46790
46793 9550
46793 46792
46795 49129
46795 46794
46797 48153
46797 46796
46799 21122
46799 46798
46801 3576
46801 46800
46803 13951
46803 46802
46805 27812
46805 48281
46807 42160
46807 46806
46809 7752
46809 46808
46811 21816
46813 28174
46813 46812
46815 20802
46815 46814
46817 30068
46817 46816
46819 27717
46819 46818
46821 49171
46821 46820
46823 33884
46823 46822
46825 3672
46825 46824
46827 8217
46827 46826
46829 3227
46829 46828
46831 10179
46831 46830
46833 34230
46833 46832
46835 1496
46835 46834
46837 36136
46837 46836
46839 15645
46839 46838
46841 27742
46841 46840
46843 46901
46843 46842
46845 30377
46845 46844
46847 21690
46847 46846
46849 34777
46849 46848
46851 34338
46851 46850
46853 8150
46853 46852
46855 49891
46857 35827
46857 46856
46859 15887
46859 46858
46861 9594
46861 46860
46863 9854
46863 46862
46865 35830
46865 46864
46867 36381
46867 46866
46869 23386
46869 46868
46871 28770
46871 46870
46873 28116
46873 46872
46875 36874
46875 46874
46877 30236
46877 46876
46879 3226
46879 46878
46881 53136
46881 46880
46883 2089
46883 46882
46885 8133
46885 46884
46887 8493
46887 46886
46889 46929
46889 46888
46891 34224
46891 48777
46893 41123
46893 46892
46895 8831
46895 46894
46897 43033
46897 46896
46899 15755
46899 46898
46901 8652
46901 46900
46903 27147
46903 46902
46905 901
46905 46904
46907 3760
46907 46906
46909 14909
46909 46908
46911 7882
46911 46910
46913 41
46913 46912
46915 1993
46915 46914
46917 14017
46917 46916
46919 36906
46919 46918
46921 42969
46921 46920
46923 21819
46923 46922
46925 28526
46925 46924
46927 49683
46927 48177
46929 261
46929 46928
46931 14
46931 46930
46933 15243
46933 46932
46935 40313
46935 46934
46937 42569
46937 46936
46939 36061
46939 46938
46941 41321
46941 46940
46943 33850
46943 46942
46945 3787
46945 46944
46947 40150
46947 46946
46949 290
46949 46948
46951 16588
46951 46950
46953 43422
46953 46952
46955 47253
46955 46954
46957 21901
46959 41924
46961 29539
46961 46960
46963 40717
46963 48779
46965 20979
46965 46964
46967 2945
46967 46966
46969 21163
46969 46968
46971 9758
46971 46970
46973 29465
46973 46972
46975 36285
46975 46974
46977 13773
46977 46976
46979 2880
46979 46978
46981 41697
46981 46980
46983 23768
46983 46982
46985 41921
46985 46984
46987 21812
46989 32
46989 46988
46991 23416
46991 46990
46993 47471
46993 46992
46995 15425
46995 46994
46997 29856
46997 49649
46999 41407
46999 46998
47001 30300
47001 47000
47003 2055
47003 47002
47005 42297
47005 47004
47007 42359
47007 47006
47009 23426
47009 47008
47011 3599
47011 47010
47013 745
47013 47012
47015 49185
47015 49832
47017 22849
47017 47016
47019 16648
47019 47018
47021 42663
47021 47020
47023 22701
47023 47022
47025 3127
47025 47024
47027 23709
47027 47026
47029 8347
47029 47028
47031 9134
47031 47030
47033 14517
47033 47032
47035 34873
47035 47034
47037 30130
47037 48303
47039 27229
47039 47038
47041 43283
47041 47040
47043 40456
47043 47042
47045 9199
47045 47044
47047 49297
47047 47046
47049 36754
47049 47048
47051 3871
47051 47050
47053 1397
47053 47052
47055 40220
47055 47054
47057 10432
47057 47056
47059 14036
47059 47058
47061 10144
47061 47060
47063 15701
47063 47062
47065 23161
47065 47064
47067 27766
47067 47066
47069 41609
47069 48299
47071 3183
47071 49823
47073 1073
47073 47072
47075 35435
47075 47074
47077 22898
47077 47076
47079 17153
47079 47119
47081 334
47081 47080
47083 13806
47083 47082
47085 23774
47085 48185
47087 49317
47087 47086
47089 8127
47089 47088
47091 27057
47091 49083
47093 43092
47093 49827
47095 34769
47095 47094
47097 29916
47097 47096
47099 16795
47099 47098
47101 29292
47101 47100
47103 9674
47103 47102
47105 9862
47105 47104
47107 10189
47107 47106
47109 30118
47109 47108
47111 28153
47111 47110
47113 34554
47113 47112
47115 35486
47115 47597
47117 23108
47117 47116
47119 47078
47119 47118
47121 49161
47121 47120
47123 7358
47123 47122
47125 9873
47125 47124
47127 28503
47127 47126
47129 27478
47129 49829
47131 16323
47131 47130
47133 43394
47133 47132
47135 29322
47135 47134
47137 1369
47137 47136
47139 35950
47139 47138
47141 9179
47141 47140
47143 8783
47143 47142
47145 16115
47145 47144
47147 21225
47147 47146
47149 35901
47149 47148
47151 9094
47151 49295
47153 41737
47153 47152
47155 20454
47155 47154
47157 20935
47157 49853
47159 27982
47159 47158
47161 23310
47161 47160
47163 33978
47163 47787
47165 30370
47165 47164
47167 109
47167 47166
47169 35565
47169 47168
47171 41092
47171 47521
47173 42673
47173 47172
47175 2339
47175 47174
47177 35428
47177 47176
47179 42772
47179 47178
47181 16951
47181 47180
47183 8312
47183 47182
47185 36637
47185 47184
47187 7342
47187 49169
47189 10500
47189 47188
47191 8376
47191 47190
47193 47649
47193 47192
47195 22760
47195 47194
47197 1743
47197 47196
47199 28192
47199 47198
47201 34006
47201 48225
47203 28144
47203 47202
47205 16004
47205 47204
47207 13825
47207 47206
47209 48955
47209 47208
47211 2113
47211 47210
47213 1102
47213 47212
47215 15164
47215 47214
47217 22029
47217 47216
47219 21977
47219 47218
47221 27732
47221 47220
47223 48699
47225 16814
47225 47224
47227 21637
47227 47226
47229 40670
47229 47228
47231 2829
47231 47230
47233 22062
47233 47232
47235 35366
47235 47234
47237 3454
47237 47236
47239 21468
47239 47238
47241 28130
47241 47240
47243 10121
47243 47242
47245 41141
47245 47244
47247 42123
47247 47246
47249 30146
47249 47248
47251 3669
47251 47250
47253 7514
47253 47252
47257 23750
47257 47256
47259 27246
47259 47258
47261 47503
47261 47260
47263 10057
47263 47262
47265 15426
47265 47264
47267 27047
47267 49781
47269 47989
47269 47268
47271 13805
47271 47270
47273 28
47273 47272
47275 35142
47275 47274
47277 41268
47277 47276
47279 23365
47281 29511
47281 47280
47283 34463
47283 47282
47285 9390
47285 47284
47287 36170
47287 48263
47289 41889
47289 47288
47291 15291
47291 48965
47293 2175
47293 47292
47295 40617
47295 47294
47297 21357
47297 47296
47299 30066
47299 47298
47301 30149
47301 47300
47303 30023
47303 47302
47305 27517
47305 47304
47307 41492
47307 47306
47309 17147
47309 47308
47311 9478
47311 47310
47313 40892
47313 47312
47315 16996
47315 47314
47317 34374
47317 47316
47319 1607
47319 47318
47321 47320
47323 1103
47323 47322
47325 2903
47325 49838
47327 3085
47327 47326
47329 14647
47329 47328
47331 27628
47331 47330
47333 21772
47333 47332
47335 41562
47335 48453
47337 13821
47337 47336
47339 15030
47339 47338
47341 28680
47341 47340
47343 21476
47343 47342
47345 43209
47345 47344
47347 27544
47347 47346
47349 35252
47349 47348
47351 14190
47351 47350
47353 8112
47353 47352
47355 35258
47355 47354
47357 33701
47357 47356
47359 3098
47359 47358
47361 9051
47361 47360
47363 21162
47363 47362
47365 1057
47365 47364
47367 22311
47367 47366
47369 34037
47369 47368
47371 22268
47371 47370
47373 42283
47373 47372
47375 2766
47375 47374
47377 22528
47377 49075
47379 28925
47379 47378
47381 14211
47381 47573
47383 30224
47383 47382
47385 48603
47385 47384
47387 34114
47387 47386
47389 41035
47389 47388
47391 16293
47393 36150
47393 47392
47395 15286
47395 47394
47397 9357
47397 47396
47399 9539
47399 47398
47401 29549
47401 47400
47403 8352
47403 48757
47405 10
47405 47404
47407 46749
47407 47406
47409 357
47409 47408
47411 7131
47411 47410
47413 34989
47413 47412
47415 30360
47415 47414
47417 42314
47417 48869
47419 22546
47419 47418
47421 34700
47421 47420
47423 2643
47423 48825
47425 28475
47425 47424
47427 14075
47427 47426
47429 9825
47429 47428
47431 35220
47431 47430
47433 27996
47433 47432
47435 22851
47435 47434
47437 29626
47439 28306
47439 47438
47441 29964
47441 47440
47443 3580
47443 47442
47445 244
47445 47444
47447 30234
47447 47446
47449 1487
47449 47448
47451 829
47451 47450
47453 27320
47453 47452
47455 3001
47455 47454
47457 33830
47457 47456
47459 28617
47459 47458
47461 8135
47461 47460
47463 49757
47463 47462
47465 49567
47465 47464
47467 23260
47467 47466
47469 23760
47469 47468
47471 43313
47471 47470
47473 7563
47473 47472
47475 29104
47475 47474
47477 41593
47477 47476
47479 42832
47479 47478
47481 15685
47481 47480
47483 22044
47483 47482
47485 27440
47485 47484
47487 36319
47487 47486
47489 36071
47489 47488
47491 27190
47491 47490
47493 2847
47493 47492
47495 30368
47495 47494
47497 42997
47497 47496
47499 16366
47499 47498
47501 34804
47501 49375
47503 22575
47505 3371
47505 47504
47507 27259
47507 47506
47509 35965
47509 47508
47511 2019
47511 47510
47513 40120
47513 47512
47515 22823
47515 47514
47517 29519
47517 47516
47519 33734
47519 47518
47521 47170
47521 47520
47523 33935
47523 47522
47525 23780
47525 47524
47527 40963
47527 47526
47529 10515
47531 7483
47531 47530
47533 34599
47533 47532
47535 1631
47535 47534
47537 3854
47537 47536
47539 8359
47539 47538
47541 16949
47541 47540
47543 43037
47543 47542
47545 23038
47545 47544
47547 22382
47547 47546
47549 28739
47549 47548
47551 22275
47551 47550
47553 1845
47553 47552
47555 7612
47555 47554
47557 28635
47557 47556
47559 1449
47559 47558
47561 43402
47561 47560
47563 16952
47563 47562
47565 2622
47565 47564
47567 10358
47567 47566
47569 40361
47569 47568
47571 36634
47571 47570
47573 47380
47573 47572
47575 20655
47575 47574
47577 34579
47577 49839
47579 14683
47579 47578
47581 14229
47581 47580
47583 21775
47583 47582
47585 36465
47585 47584
47587 42749
47587 47586
47589 47677
47589 47588
47591 33875
47591 47590
47593 22102
47593 47592
47595 2789
47595 47594
47597 48115
47597 47596
47599 16505
47599 47598
47601 28968
47601 47600
47603 16118
47603 47602
47605 1838
47605 47604
47607 48877
47607 47606
47609 1779
47609 47608
47611 29420
47611 47610
47613 28560
47613 47612
47615 14341
47615 47614
47617 28842
47617 47616
47619 34547
47619 47618
47621 3017
47621 47620
47623 14703
47623 47622
47625 27502
47625 47624
47627 16623
47627 47626
47629 14450
47629 47628
47631 36210
47631 47630
47633 9036
47633 47632
47635 36883
47635 47634
47637 2069
47637 47636
47639 21433
47639 47638
47641 7123
47641 47640
47643 9907
47643 47642
47645 23214
47645 47644
47647 29842
47647 47646
47649 7791
47649 47648
47651 48641
47651 47650
47653 35108
47653 47652
47655 41923
47655 47654
47657 219
47657 47656
47659 22815
47659 47658
47661 3335
47661 47660
47663 41011
47663 47662
47665 8705
47665 47664
47667 669
47667 47666
47669 33613
47669 47668
47671 15252
47671 47670
47673 27053
47673 47672
47675 36239
47675 47674
47677 48705
47677 47676
47679 35981
47679 47678
47681 29751
47681 47680
47683 8297
47683 47682
47685 21837
47685 47684
47687 41685
47687 47686
47689 28087
47689 47688
47691 42987
47691 47690
47693 9925
47693 47692
47695 15640
47695 47694
47697 3493
47697 47696
47699 48025
47699 47698
47701 16351
47701 47700
47703 3389
47703 47702
47705 20894
47705 47704
47707 46962
47707 47706
47709 35954
47709 47708
47711 14142
47711 47710
47713 7706
47713 47712
47715 28800
47715 47714
47717 3167
47717 47716
47719 42506
47719 47718
47721 28432
47721 47720
47723 22805
47723 47722
47725 2618
47725 47724
47727 1021
47727 47726
47729 9784
47729 47728
47731 43431
47731 47730
47733 29222
47733 47732
47735 42077
47735 47734
47737 28331
47737 47736
47739 15005
47739 47738
47741 28789
47741 49834
47743 366
47743 47742
47745 15991
47745 47744
47747 16432
47749 29421
47749 47748
47751 28474
47751 47750
47753 17136
47753 47752
47755 93
47755 47754
47757 20601
47757 47756
47759 15579
47759 47758
47761 22762
47761 47760
47763 34757
47763 47762
47765 35173
47765 49841
47767 16243
47767 47766
47769 23184
47769 47768
47771 10438
47771 47770
47773 16448
47773 47772
47775 1863
47775 47774
47777 16132
47777 47776
47779 34882
47779 47778
47781 752
47781 48651
47783 28544
47783 47782
47785 999
47785 47784
47787 47162
47787 47786
47789 29329
47789 47788
47791 2384
47791 47790
47793 41421
47793 47792
47795 280
47795 47794
47797 3486
47797 47796
47799 15789
47799 47798
47801 40122
47801 47800
47803 16917
47803 47802
47805 29196
47805 47804
47807 47806
47809 21083
47809 47808
47811 41277
47811 47810
47813 8526
47815 35401
47815 47814
47817 22545
47817 47816
47819 29732
47819 47818
47821 36503
47821 47820
47823 41017
47823 47822
47825 17180
47825 47824
47827 27461
47827 47826
47829 16119
47829 47828
47831 14321
47831 47830
47833 34906
47833 47832
47835 10303
47835 47834
47837 48373
47837 47836
47839 53129
47839 47838
47841 41292
47841 47840
47843 35788
47843 47842
47845 35038
47845 47844
47847 3801
47847 47846
47849 34286
47849 47848
47851 16232
47851 47850
47853 40245
47853 47852
47855 16421
47855 47854
47857 2272
47857 47856
47859 2919
47859 47858
47861 22120
47861 47860
47863 23238
47863 47862
47865 2415
47865 47864
47867 1177
47869 48127
47869 47868
47871 1229
47871 47870
47873 22963
47873 47872
47875 34744
47875 47874
47877 48217
47877 47876
47879 29754
47879 47878
47881 30016
47881 47880
47883 41019
47883 47882
47885 33824
47885 47884
47887 21168
47887 47886
47889 27055
47889 48161
47891 14183
47891 47890
47893 36250
47893 47892
47895 27150
47895 47894
47897 47587
47897 47896
47899 34909
47899 47898
47901 21603
47901 47900
47903 42073
47903 47902
47905 15388
47905 49743
47907 33749
47907 47906
47909 1301
47909 47908
47911 22300
47913 9273
47913 47912
47915 3701
47915 47914
47917 17058
47917 47916
47919 16647
47919 47918
47921 255
47921 47920
47923 43058
47923 47922
47925 7581
47925 47924
47927 1079
47927 47926
47929 16426
47929 47928
47931 28666
47931 47930
47933 34462
47933 47932
47935 34730
47935 49363
47937 23646
47937 47936
47939 47938
47941 3587
47941 47940
47943 47689
47943 47942
47945 22208
47945 47944
47947 36053
47947 47946
47949 35049
47949 47948
47951 30081
47951 47950
47953 29557
47953 47952
47955 3178
47955 47954
47957 21647
47957 47956
47959 23479
47959 47958
47961 783
47961 47960
47963 35120
47963 47962
47965 40595
47965 47964
47967 28183
47967 47966
47969 1912
47969 47968
47971 40154
47971 47970
47973 23020
47973 47972
47975 2999
47975 47974
47977 41231
47977 47976
47979 41233
47979 47978
47981 30369
47981 47980
47983 7163
47983 47982
47985 8975
47985 47984
47987 3867
47987 47986
47989 27340
47989 47988
47991 3734
47991 47990
47993 2159
47993 47992
47995 9129
47995 47994
47997 36905
47997 47996
47999 35222
47999 47998
48001 22938
48001 48000
48003 21106
48003 48002
48005 1387
48005 48004
48007 27579
48007 48006
48009 53130
48011 3596
48011 48010
48013 7403
48013 48012
48015 34729
48015 48014
48017 33741
48017 48016
48019 15310
48019 48018
48021 20471
48021 48020
48023 9438
48023 53137
48025 112
48025 48024
48027 2558
48027 48026
48029 10452
48029 48028
48031 33616
48031 48030
48033 23511
48033 48032
48035 14739
48035 48034
48037 9990
48037 48036
48039 15402
48039 48038
48041 28280
48041 48040
48043 17077
48043 48042
48045 14389
48045 48044
48047 35643
48047 48046
48049 29419
48051 8533
48051 48050
48053 118
48053 48052
48055 22934
48055 48054
48057 2364
48057 48707
48059 29635
48059 48058
48061 49900
48063 21754
48063 48062
48065 22095
48067 21438
48067 48066
48069 14991
48069 48068
48071 14283
48071 49299
48073 9908
48073 48072
48075 7115
48075 48074
48077 13985
48077 48076
48079 42120
48079 48078
48081 28555
48081 48080
48083 997
48083 48082
48085 30064
48085 48813
48087 48701
48087 48086
48089 388
48089 48088
48091 7383
48091 48090
48093 8055
48093 48092
48095 14335
48095 48094
48097 1535
48097 48096
48099 15282
48099 48098
48101 119
48101 48100
48103 40675
48103 48102
48105 30176
48105 48104
48107 41377
48107 48106
48109 42704
48109 48108
48111 49902
48113 35414
48113 48112
48115 47114
48115 48114
48117 27838
48119 3586
48119 48118
48121 34009
48121 48120
48123 743
48123 48122
48125 1154
48125 48124
48127 22345
48127 48126
48129 28994
48129 48128
48131 1441
48131 48130
48133 28622
48133 48132
48135 827
48135 48134
48137 23122
48137 48136
48139 42328
48139 48138
48141 22572
48141 48140
48143 22061
48143 48142
48145 905
48145 48144
48147 41105
48147 49737
48149 3818
48149 48148
48151 8885
48151 48150
48153 43055
48153 48152
48155 14945
48155 48154
48157 35278
48157 48156
48159 3136
48159 48158
48161 47888
48163 23766
48163 48162
48165 42681
48165 48164
48167 7395
48167 48166
48169 40799
48169 48168
48171 8215
48171 48170
48173 298
48173 48172
48175 36220
48175 48174
48177 46926
48177 48176
48179 2750
48179 48178
48181 43016
48181 48180
48183 20689
48183 48182
48185 49892
48185 48184
48187 15903
48187 48186
48189 367
48189 48188
48191 28548
48191 48190
48193 16066
48193 48192
48195 3793
48195 48194
48197 49455
48197 48196
48199 30385
48199 48198
48201 15630
48201 48200
48203 27610
48203 48202
48205 3382
48205 48204
48207 1405
48207 48206
48209 1045
48209 48208
48211 2222
48211 48210
48213 47561
48213 48212
48215 15892
48215 48214
48217 7813
48217 48216
48219 27493
48219 48218
48221 42775
48221 48220
48223 20435
48223 48222
48225 47200
48225 48224
48227 3246
48227 48226
48229 29810
48229 48228
48231 48230
48233 16701
48233 48232
48235 40377
48235 49467
48237 10374
48237 48236
48239 16772
48239 48238
48241 28637
48241 48240
48243 23261
48243 48242
48245 29258
48245 48244
48247 29422
48247 48246
48249 34560
48249 48248
48251 42335
48251 48250
48253 34498
48253 48252
48255 42839
48255 48254
48257 21657
48257 48256
48259 28229
48259 48258
48261 40873
48261 48260
48263 47286
48263 48262
48265 34383
48265 48264
48267 48321
48267 48266
48269 27557
48269 48268
48271 22941
48271 48270
48273 2084
48273 48272
48275 41846
48275 49847
48277 49509
48277 48276
48279 27318
48279 48278
48281 46804
48281 48280
48283 35039
48283 48282
48285 30344
48285 48284
48287 8104
48287 48286
48289 15811
48289 48288
48291 241
48291 48290
48293 34807
48293 48292
48295 41343
48295 48294
48297 21298
48297 48296
48299 47068
48299 48298
48301 42622
48301 48300
48303 47036
48303 48302
48305 40795
48305 48304
48307 22123
48307 49833
48309 21450
48309 48308
48311 249
48311 48310
48313 8639
48313 48312
48315 40711
48315 48314
48317 10065
48317 48316
48319 21594
48319 48318
48321 8466
48321 48320
48323 40233
48323 49247
48325 21061
48325 48324
48327 8357
48327 48326
48329 36683
48329 49065
48331 16417
48331 49651
48333 10502
48333 48332
48335 23486
48335 48334
48337 1097
48337 48336
48339 49906
48341 22461
48341 48340
48343 803
48343 48342
48345 2857
48345 48344
48347 1611
48347 48346
48349 20690
48349 48348
48351 3785
48351 48350
48353 2229
48353 48352
48355 21502
48355 48354
48357 34428
48357 48356
48359 21065
48359 48358
48361 22051
48361 48360
48363 43423
48363 48362
48365 40975
48365 48364
48367 2891
48367 48733
48369 21414
48369 48368
48371 41041
48371 48370
48373 16839
48373 48372
48375 1169
48375 48374
48377 35615
48379 2763
48379 48378
48381 34697
48381 48380
48383 28489
48383 48382
48385 30255
48385 48384
48387 34013
48387 48386
48389 15814
48389 48388
48391 3650
48391 48390
48393 20722
48393 48392
48395 10279
48395 48394
48397 28756
48397 48396
48399 22387
48399 48398
48401 42498
48401 48400
48403 3436
48403 48402
48405 22866
48405 48404
48407 20714
48407 48406
48409 36509
48409 48408
48411 9413
48411 48410
48413 21722
48413 48412
48415 35118
48415 48414
48417 23058
48417 48416
48419 8241
48419 48418
48421 40897
48421 48420
48423 22484
48423 48422
48425 35604
48425 48424
48427 15472
48427 48426
48429 29047
48429 48428
48431 21566
48431 48430
48433 27454
48433 48432
48435 8026
48435 48434
48437 10249
48437 48436
48439 14362
48439 53041
48441 36326
48441 48440
48443 1283
48443 48442
48445 15207
48445 48444
48447 2017
48447 48446
48449 28597
48449 48448
48451 945
48451 48450
48453 47334
48453 48452
48455 16531
48455 48454
48457 13968
48457 48456
48459 8923
48459 48458
48461 42518
48461 48460
48463 22416
48463 48462
48465 28939
48465 48464
48467 27416
48467 48466
48469 23373
48469 48468
48471 14700
48473 27577
48473 48472
48475 7975
48475 48474
48477 15614
48477 48476
48479 2294
48479 48478
48481 33600
48481 48480
48483 27535
48483 48482
48485 3674
48485 48484
48487 3517
48487 48486
48489 43399
48489 48488
48491 23168
48491 48490
48493 3416
48493 48492
48495 7856
48495 48494
48497 15841
48497 49497
48499 34199
48499 48498
48501 1707
48501 49215
48503 27042
48503 48502
48505 14908
48507 10106
48507 48506
48509 1549
48509 48508
48511 9921
48511 48510
48513 8839
48513 48512
48515 48771
48517 36875
48517 48516
48519 8814
48519 48518
48521 28928
48521 48520
48523 42553
48523 48522
48525 22333
48527 35567
48527 48526
48529 973
48529 48528
48531 42799
48531 48530
48533 1140
48533 48532
48535 8293
48535 48534
48537 35759
48537 48536
48539 29301
48539 48538
48541 42973
48541 49707
48543 28903
48543 48542
48545 1599
48545 48544
48547 7745
48547 48546
48549 28554
48549 48548
48551 7862
48551 48550
48553 23104
48553 49895
48555 977
48555 48554
48557 28339
48557 48556
48559 22711
48559 48558
48561 34499
48561 49735
48563 15744
48563 48562
48565 22035
48567 3843
48567 48566
48569 27228
48569 48568
48571 43011
48571 48570
48573 16449
48573 48572
48575 28379
48575 48574
48577 16418
48577 48576
48579 29352
48579 48578
48581 35559
48581 48580
48583 29125
48583 48582
48585 1802
48585 48584
48587 1260
48587 48586
48589 17159
48589 48588
48591 53135
48593 20
48593 48592
48595 35628
48595 48594
48597 13674
48597 48596
48599 41015
48599 48598
48601 36282
48601 48600
48603 2060
48603 48602
48605 3540
48605 48604
48607 34078
48607 48606
48609 9167
48609 48608
48611 9797
48613 35156
48613 48612
48615 1251
48615 48614
48617 36679
48617 48616
48619 42276
48619 48618
48621 8777
48621 48620
48623 43233
48623 48622
48625 41191
48625 48624
48627 21049
48627 48626
48629 7423
48629 48628
48631 10059
48631 48630
48633 21455
48633 48632
48635 42271
48635 48634
48637 7899
48637 48636
48639 41903
48639 48638
48641 682
48641 48640
48643 35312
48643 48642
48645 41515
48645 48644
48647 22363
48647 48646
48649 34679
48649 48648
48651 47780
48651 48650
48653 7582
48653 48652
48655 21786
48655 48654
48657 10315
48657 48656
48659 9433
48659 48658
48661 23444
48661 48660
48663 7481
48663 48662
48665 14435
48665 48664
48667 29812
48667 48666
48669 8634
48669 48668
48671 30178
48671 48670
48673 20917
48673 48672
48675 7170
48675 48674
48677 20903
48677 48676
48679 21170
48679 48678
48681 27518
48681 48680
48683 40645
48683 48682
48685 34654
48685 48684
48687 29671
48687 48686
48689 7120
48689 48688
48691 46750
48691 48690
48693 34204
48693 48692
48695 14290
48695 48694
48697 1572
48697 48696
48699 22728
48699 48698
48701 42237
48701 49133
48703 40314
48703 48702
48705 42995
48705 48704
48707 48056
48707 48706
48709 22889
48709 48708
48711 34553
48711 48710
48713 1313
48713 48712
48715 48735
48715 48714
48717 16068
48717 48716
48719 43159
48719 48718
48721 41639
48721 48720
48723 15536
48723 48722
48725 35566
48725 48724
48727 22040
48727 48726
48729 378
48729 48728
48731 14090
48731 48730
48733 48366
48733 48732
48735 40513
48735 48734
48737 27582
48737 48736
48739 30235
48739 48738
48741 22836
48741 48740
48743 21847
48743 48742
48745 2003
48745 48744
48747 40256
48747 48746
48749 27604
48749 48748
48751 8506
48751 48750
48753 41016
48753 48752
48755 14859
48755 48754
48757 49391
48757 48756
48759 22914
48759 48758
48761 35616
48761 48760
48763 121
48763 48762
48765 28524
48765 48764
48767 16907
48767 48766
48769 46653
48771 48770
48773 27282
48773 48772
48775 8788
48775 48774
48777 46890
48777 48776
48779 47707
48779 48778
48781 34489
48781 48780
48783 8254
48783 48782
48785 9629
48785 48784
48787 27606
48789 1485
48789 48788
48791 2188
48793 2882
48793 48792
48795 41933
48795 48794
48797 28753
48797 48796
48799 40511
48799 48798
48801 15163
48801 48800
48803 7509
48803 48802
48805 10439
48805 48804
48807 10074
48807 48806
48809 42301
48809 48808
48811 2382
48811 48810
48813 48084
48813 48812
48815 2931
48815 48814
48817 36370
48817 48816
48819 36395
48819 48818
48821 29345
48821 48820
48823 53140
48825 47422
48825 48824
48827 21635
48827 48826
48829 20547
48829 48828
48831 41177
48831 48830
48833 7839
48833 48832
48835 41155
48835 48834
48837 15733
48837 48836
48839 20920
48839 48838
48841 43349
48841 48840
48843 1459
48843 48842
48845 29700
48845 48844
48847 34315
48847 48846
48849 29781
48849 48848
48851 1081
48851 48850
48853 7689
48853 48852
48855 40814
48855 48854
48857 3163
48857 48856
48859 15453
48859 48858
48861 36091
48861 48860
48863 2160
48865 1391
48865 48864
48867 7911
48867 48866
48869 47416
48869 48868
48871 7897
48871 48870
48873 34217
48873 48872
48875 29049
48875 48874
48877 36178
48877 48876
48879 28214
48879 48878
48881 13755
48881 49825
48883 28850
48883 48882
48885 41265
48885 48884
48887 1206
48887 48886
48889 41663
48889 48888
48891 29684
48891 48890
48893 21384
48893 48892
48895 40736
48895 48894
48897 2840
48897 48896
48899 8011
48899 48898
48901 22002
48901 48900
48903 29154
48903 48902
48905 22635
48905 48904
48907 36199
48907 48906
48909 40359
48911 36077
48911 48910
48913 27157
48913 48912
48915 14425
48915 48914
48917 29180
48917 48963
48919 43416
48919 48918
48921 35973
48921 48920
48923 15827
48923 48922
48925 35866
48925 48924
48927 47740
48927 48926
48929 3062
48929 48928
48931 382
48931 48930
48933 9308
48933 48932
48935 48909
48935 48934
48937 15445
48937 48936
48939 22409
48939 48938
48941 35052
48941 48940
48943 7451
48943 48942
48945 42830
48945 48944
48947 16237
48947 48946
48949 46797
48949 48948
48951 3827
48951 48950
48953 3765
48955 35960
48955 48954
48957 10112
48957 48956
48959 36662
48961 36870
48961 48960
48963 48916
48963 48962
48965 47290
48965 48964
48967 9405
48967 48966
48969 41173
48969 48968
48971 43417
48971 48970
48973 895
48973 48972
48975 20572
48975 48974
48977 16536
48977 48976
48979 9214
48979 48978
48981 9561
48981 48980
48983 20948
48983 48982
48985 35781
48985 48984
48987 48839
48987 48986
48989 28186
48989 48988
48991 3071
48991 48990
48993 28423
48993 48992
48995 46909
48995 48994
48997 35747
48997 48996
48999 2363
48999 48998
49001 15135
49001 49897
49003 41207
49003 49002
49005 13815
49007 22713
49007 49006
49009 41991
49009 49008
49011 21894
49011 49010
49013 2027
49013 49012
49015 29267
49015 49014
49017 14123
49017 49016
49019 17000
49019 49018
49021 30382
49021 49020
49023 43292
49023 49022
49025 29884
49025 49024
49027 23372
49027 49026
49029 36617
49029 49028
49031 40763
49031 49030
49033 40289
49033 49032
49035 3721
49035 49034
49037 16616
49037 49036
49039 27373
49039 49038
49041 27946
49041 49040
49043 10237
49043 49042
49045 15366
49045 49044
49047 15237
49047 49046
49049 27783
49049 49048
49051 34508
49051 49050
49053 35270
49053 49052
49055 9653
49055 49054
49057 20682
49057 49056
49059 21632
49059 49058
49061 10525
49061 49060
49063 34080
49063 49062
49065 48328
49065 49064
49067 15381
49067 49066
49069 27154
49069 49068
49071 16390
49071 49070
49073 35848
49073 49072
49075 47376
49075 49074
49077 28780
49077 49076
49079 2806
49079 49078
49081 36771
49081 49080
49083 47090
49083 49082
49085 29316
49085 49084
49087 21902
49087 49086
49089 42319
49089 53132
49091 29934
49091 49090
49093 16236
49093 49092
49095 42707
49095 49094
49097 27921
49097 49096
49099 40671
49099 49098
49101 10499
49101 49100
49103 16378
49103 49102
49105 43432
49105 49104
49107 23026
49107 49106
49109 14131
49109 49108
49111 23780
49111 49110
49113 29713
49113 49112
49115 27286
49115 49114
49117 28728
49117 49116
49119 16117
49119 49118
49121 34686
49121 49120
49123 3651
49123 49122
49125 14565
49125 49124
49127 27258
49127 49126
49129 34520
49129 49128
49131 20462
49131 49130
49133 48700
49133 49132
49135 36685
49135 49134
49137 7513
49137 49136
49139 9626
49139 49138
49141 16184
49141 49140
49143 41917
49143 49142
49145 36661
49145 49144
49147 47747
49147 49146
49149 7469
49149 49148
49151 2233
49151 49150
49153 43069
49153 49152
49155 20837
49155 49154
49157 28696
49157 49156
49159 21131
49159 49158
49161 29736
49161 49160
49163 6
49163 49162
49165 43414
49165 49164
49167 9162
49167 49166
49169 47186
49169 49168
49171 2830
49171 49170
49173 36597
49173 49172
49175 28219
49175 49174
49177 34754
49177 49176
49179 26944
49179 49178
49181 28319
49181 49180
49183 29260
49183 49321
49185 22479
49185 49184
49187 16044
49187 49186
49189 27655
49189 49188
49191 40652
49191 49190
49193 29227
49193 49192
49195 48841
49197 3876
49197 49196
49199 43145
49199 49198
49201 29186
49201 49200
49203 23765
49203 49202
49205 22458
49205 49204
49207 2083
49207 49206
49209 41273
49209 49208
49211 23469
49211 49210
49213 27043
49213 49212
49215 48500
49215 49214
49217 27874
49217 49216
49219 48873
49219 49218
49221 35281
49221 49220
49223 20456
49225 3139
49225 49224
49227 16420
49227 49226
49229 35035
49229 49228
49231 9487
49231 49230
49233 14583
49233 49232
49235 41342
49235 49234
49237 13763
49237 49413
49239 1958
49239 49238
49241 43091
49241 49240
49243 35340
49243 49242
49245 34404
49245 49244
49247 49761
49247 49246
49249 33799
49249 49248
49251 42495
49251 49250
49253 17164
49253 49252
49255 40391
49255 49491
49257 35236
49257 49256
49259 2127
49261 15569
49261 49260
49263 2641
49265 30387
49265 49264
49267 29593
49267 49266
49269 49268
49271 22858
49271 49270
49273 34780
49273 49272
49275 7770
49275 49274
49277 10496
49277 49276
49279 15497
49279 49278
49281 10272
49281 49280
49283 27549
49283 49282
49285 29725
49285 49284
49287 20858
49289 35532
49289 49288
49291 30220
49291 49290
49293 9718
49293 49292
49295 47150
49295 49294
49297 34622
49297 49296
49299 48070
49299 49298
49301 9015
49301 49300
49303 9747
49303 49302
49305 34952
49305 49304
49307 41564
49307 49306
49309 22819
49309 49308
49311 35256
49311 49310
49313 42081
49313 49312
49315 41197
49315 49314
49317 8308
49317 49316
49319 2399
49319 49318
49321 49182
49321 49320
49323 1961
49323 49322
49325 3405
49325 49324
49327 29850
49327 49799
49329 49665
49329 49328
49331 49899
49333 15523
49333 49332
49335 1429
49335 49334
49337 9847
49337 49336
49339 855
49339 49338
49341 17070
49341 49340
49343 15577
49343 49342
49345 30208
49347 9154
49347 49346
49349 16774
49349 49348
49351 8978
49351 49350
49353 48417
49353 49352
49355 2082
49355 49354
49357 8776
49357 49356
49359 21790
49359 49789
49361 29135
49361 49360
49363 49613
49363 49362
49365 385
49365 49364
49367 3533
49367 49366
49369 42804
49369 49368
49371 22734
49371 49370
49373 28541
49373 49372
49375 47500
49375 49374
49377 41895
49377 49376
49379 1003
49379 49378
49381 41735
49381 49380
49383 23410
49383 49382
49385 13979
49385 49384
49387 36718
49387 49894
49389 40449
49389 49388
49391 47402
49391 49449
49393 29748
49393 49392
49395 17188
49395 49559
49397 3325
49397 49396
49399 41583
49399 49398
49401 42604
49401 49400
49403 30388
49403 49402
49405 33755
49407 36581
49407 49406
49409 8626
49409 49408
49411 8767
49411 49410
49413 49236
49413 49412
49415 42158
49415 49414
49417 9598
49417 49416
49419 20914
49419 49418
49421 3528
49421 49420
49423 36510
49423 49422
49425 8990
49425 49424
49427 2727
49427 49426
49429 22589
49429 49428
49431 22570
49433 3527
49433 49432
49435 23352
49435 49434
49437 1067
49437 49436
49439 15156
49439 49438
49441 2203
49441 49440
49443 33610
49443 49442
49445 1075
49445 49444
49447 1694
49447 49446
49449 49390
49449 49905
49451 352
49451 49450
49453 10248
49453 49452
49455 13959
49455 49454
49457 16159
49457 49456
49459 16918
49459 49458
49461 3400
49461 49460
49463 3708
49463 49462
49465 16509
49465 49464
49467 48234
49467 49629
49469 30124
49469 49468
49471 15723
49471 49470
49473 20788
49473 49681
49475 9545
49475 49474
49477 16653
49477 49476
49479 41212
49479 49478
49481 34683
49481 49480
49483 29767
49483 49482
49485 9793
49485 49484
49487 30161
49487 49486
49489 9196
49489 49488
49491 49254
49491 49490
49493 43274
49493 49492
49495 41627
49495 49494
49497 48496
49497 49496
49499 17061
49499 49498
49501 46857
49501 49500
49503 9700
49503 49502
49505 14571
49505 49504
49507 15879
49507 49506
49509 35678
49509 49508
49511 10045
49511 49510
49513 48831
49513 49512
49515 15329
49515 49514
49517 29711
49517 49516
49519 42451
49519 49518
49521 23268
49521 49520
49523 15608
49523 49522
49525 43082
49525 49524
49527 33972
49527 49526
49529 33814
49529 49528
49531 14083
49531 49530
49533 34787
49533 49532
49535 224
49535 49534
49537 402
49537 49536
49539 8501
49539 49538
49541 20343
49541 49540
49543 843
49543 49542
49545 23322
49545 49544
49547 41657
49547 49546
49549 23464
49549 49548
49551 2053
49551 49550
49553 22450
49553 49552
49555 34759
49555 49554
49557 35296
49557 49556
49559 49394
49559 49558
49561 46985
49561 49560
49563 20801
49563 49562
49565 33757
49565 49564
49567 23788
49567 49566
49569 36028
49569 49568
49571 7585
49571 49570
49573 35501
49573 49572
49575 34712
49575 49574
49577 1886
49577 49576
49579 411
49579 49578
49581 34643
49581 49580
49583 15231
49583 49582
49585 28076
49585 49584
49587 47043
49587 49586
49589 41717
49589 49588
49591 23106
49591 53127
49593 43434
49593 49592
49595 3449
49595 49594
49597 2143
49597 49596
49599 23387
49599 49598
49601 14181
49601 49600
49603 17140
49603 49602
49605 14947
49605 49604
49607 8699
49607 49606
49609 35277
49609 49608
49611 30296
49611 49610
49613 47934
49613 49612
49615 20696
49615 49614
49617 15813
49617 49616
49619 20470
49619 49618
49621 2757
49621 49620
49623 42762
49623 49622
49625 46702
49625 49624
49627 34740
49627 49626
49629 49466
49629 49628
49631 35446
49631 49630
49633 3142
49633 49632
49635 35192
49635 49634
49637 33900
49637 49636
49639 22274
49641 27397
49641 49640
49643 2707
49643 49642
49645 15138
49645 49644
49647 21009
49647 49646
49649 49648
49651 48330
49651 49650
49653 13823
49653 49652
49655 21223
49655 49654
49657 8176
49657 49656
49659 23436
49659 49658
49661 28081
49661 49660
49663 47971
49663 49662
49665 1553
49665 49664
49667 28213
49667 49666
49669 9521
49669 49668
49671 7402
49671 49670
49673 8810
49673 49672
49675 29192
49675 49674
49677 13822
49677 49826
49679 405
49679 49678
49681 49472
49681 49680
49683 33868
49683 49682
49685 22288
49685 49684
49687 23070
49687 49686
49689 254
49689 49688
49691 34567
49691 49690
49693 17150
49693 49692
49695 1821
49695 49694
49697 41922
49697 49696
49699 10437
49699 49698
49701 27390
49701 49700
49703 29060
49703 49702
49705 16471
49705 49704
49707 48540
49707 49909
49709 14718
49709 49708
49711 29614
49711 49710
49713 40841
49713 49712
49715 28743
49715 49714
49717 29914
49717 49716
49719 43338
49721 27276
49721 49720
49723 34291
49723 49722
49725 28049
49725 49724
49727 14894
49727 49726
49729 21184
49729 49728
49731 41647
49731 49842
49733 30362
49733 49732
49735 48560
49735 49734
49737 48146
49737 49736
49739 30264
49739 49738
49741 1531
49741 49740
49743 47904
49743 49742
49745 28470
49745 49744
49747 42134
49747 49746
49749 22312
49749 49748
49751 1353
49751 49750
49753 7972
49753 49752
49755 42048
49755 49754
49757 1072
49757 49756
49759 14213
49759 49758
49761 48322
49761 49760
49763 42437
49763 49762
49765 49281
49765 49764
49767 49920
49769 21992
49769 49768
49771 13768
49771 49770
49773 29807
49775 7699
49775 49774
49777 23103
49777 49776
49779 7471
49779 49778
49781 47266
49783 40881
49783 49782
49785 3724
49785 49784
49787 3155
49787 49786
49789 49358
49789 49788
49791 40412
49791 49790
49793 1329
49793 49792
49795 40407
49795 49794
49797 7142
49797 49796
49799 49326
49799 49798
49801 40788
49801 49800
49803 22294
49803 49802
49805 29790
49807 1262
49807 49806
49809 36207
49809 49808
49811 10139
49811 49810
49813 29556
49813 49812
49815 2379
49815 49814
49817 35626
49817 49816
49819 33878
49819 49818
49821 9161
49821 49820
49822 34420
49822 270
49823 47070
49823 20541
49824 15052
49824 3640
49825 48880
49825 3584
49826 16690
49827 9316
49828 92
49828 27437
49829 14871
49830 20906
49830 22495
49831 48862
49831 21608
49832 47014
49832 15953
49833 20984
49834 48927
49834 22526
49835 43412
49835 7450
49836 21872
49837 41577
49837 47109
49838 53040
49839 49915
49839 34738
49840 41508
49840 3570
49841 47764
49841 35172
49842 36578
49843 1277
49843 27434
49844 43306
49844 15385
49845 3705
49845 21454
49846 14387
49846 41316
49847 49865
49847 2774
49848 43427
49848 30140
49849 29
49849 42623
49850 15260
49851 20964
49851 53119
49852 9061
49852 20934
49853 47156
49854 29536
49854 49331
49855 8332
49856 15160
49857 34549
49857 8988
49858 34352
49858 49222
49859 3826
49859 49344
49860 22019
49860 49718
49861 42390
49862 27749
49862 49836
49863 21877
49863 49831
49864 43152
49864 47254
49865 48048
49866 24735
49866 53070
49867 45245
49867 10812
49868 46461
49868 13600
49869 4890
49869 44165
49870 25534
49870 25377
49871 13195
49871 6106
49872 39665
49872 37143
49873 25991
49873 39395
49874 32328
49874 10648
49875 11048
49875 32350
49876 39815
49876 11476
49877 30742
49877 13428
49878 11615
49878 39734
49879 6181
49879 12208
49880 30620
49880 12446
49881 33084
49881 4058
49882 3997
49882 25772
49883 4431
49883 44276
49884 45233
49884 18289
49885 6821
49885 45556
49886 6569
49886 39620
49887 7075
49887 53062
49888 12180
49888 46510
49889 18384
49889 18383
49890 7883
46780 49890
49891 8837
46854 49891
49892 47084
46956 49892
49893 20425
49894 49386
46996 49894
49895 48552
47092 49895
49896 14021
47128 49896
49897 49000
47324 49897
49898 29926
47502 49898
49900 7129
48060 49900
49901 713
48064 49901
49902 1023
49903 43194
48160 49903
49904 41325
48274 49904
49905 49448
48306 49905
49906 186
48338 49906
49907 3
49908 14907
48504 49908
49909 49706
48514 49909
48524 49910
49911 2735
48564 49911
49912 7549
48952 49912
49913 16904
49258 49913
49914 53145
49915 47576
49286 49915
49916 76
49330 49916
49917 15515
49404 49917
49918 34194
49676 49918
49919 30062
49730 49919
49920 7827
49766 49920
49921 43133
49804 49921
49923 17307
49923 49922
49925 53150
49927 46234
49927 49926
49929 24387
49929 49928
49931 7085
49931 49930
49933 31013
49933 50361
49935 50103
49935 49934
49937 24351
49937 49936
49939 11081
49939 49938
49941 37198
49941 49940
49943 4251
49943 49942
49945 3929
49945 49944
49947 6903
49947 49946
49949 25015
49949 49948
49951 33632
49951 49950
49953 31100
49953 49952
49955 43529
49955 49954
49957 32131
49957 49956
49959 18881
49959 52561
49961 46221
49961 49960
49963 13827
49963 49962
49965 6045
49965 49964
49967 52719
49967 49966
49969 44922
49969 49968
49971 10690
49971 49970
49973 11628
49973 49972
49975 38052
49975 49974
49977 31659
49977 49976
49979 33151
49979 49978
49981 51877
49981 49980
49983 44240
49983 49982
49985 39189
49985 49984
49987 45244
49987 49986
49989 11041
49989 49988
49991 30989
49991 49990
49993 38382
49993 49992
49995 46679
49995 49994
49997 20016
49997 49996
49999 26725
49999 49998
50001 31526
50001 50303
50003 24866
50003 50002
50005 11105
50005 50004
50007 20147
50007 50006
50009 24595
50009 53080
50011 11983
50011 50010
50013 24171
50013 50012
50015 32457
50015 50014
50017 40202
50017 50016
50019 4071
50019 50018
50021 38858
50021 50020
50023 39354
50023 50022
50025 40031
50025 50024
50027 12000
50027 50301
50029 25541
50029 50028
50031 19226
50031 50030
50033 52685
50035 5926
50035 50034
50037 19899
50037 50036
50039 27070
50039 50163
50041 44041
50041 50293
50043 11830
50043 50042
50045 31558
50045 50044
50047 38436
50047 50046
50049 17455
50049 50048
50051 25635
50053 4625
50053 50052
50055 50050
50055 50054
50057 11911
50057 50056
50059 40196
50059 50058
50061 46673
50061 50060
50063 4613
50063 50062
50065 30659
50065 50064
50067 20370
50067 50066
50069 4135
50069 51183
50071 11570
50071 50070
50073 32825
50073 50072
50075 5532
50077 44499
50077 50076
50079 50679
50079 50078
50081 6841
50081 50080
50083 32732
50083 50082
50085 50084
50087 5513
50087 50086
50089 33355
50089 50805
50091 30984
50091 50090
50093 46530
50093 50092
50095 39746
50095 50094
50097 37414
50097 50096
50099 44766
50099 50098
50101 30526
50101 50100
50103 23807
50103 50102
50105 24028
50105 52683
50107 24465
50107 50106
50109 4678
50109 50108
50111 32346
50111 50110
50113 46685
50113 50112
50115 11247
50115 50114
50117 32642
50117 50116
50119 44104
50119 53011
50121 13034
50121 50120
50123 32834
50123 50122
50125 44033
50125 50124
50127 46671
50127 50126
50129 43585
50129 50128
50131 13635
50131 50130
50133 32941
50133 50132
50135 39688
50135 50134
50137 46688
50137 50925
50139 52093
50139 50138
50141 51225
50141 50140
50143 17323
50143 50142
50145 4527
50145 50144
50147 43919
50147 50146
50149 38922
50149 50148
50151 50381
50151 50150
50153 7179
50153 50152
50155 25557
50155 50154
50157 4264
50157 50156
50159 32576
50159 50158
50161 37735
50161 50160
50163 50038
50163 50162
50165 4381
50165 50164
50167 11376
50167 50166
50169 5445
50169 50168
50171 13869
50171 50170
50173 12086
50173 50172
50175 45251
50175 50174
50177 7236
50177 50176
50179 24596
50179 50178
50181 17872
50181 50180
50183 38963
50183 50182
50185 38419
50185 50184
50187 13652
50187 50186
50189 12903
50189 50188
50191 37484
50191 50190
50193 17429
50193 50192
50195 26415
50195 50194
50197 46681
50197 50196
50199 5415
50199 50198
50201 13377
50201 50200
50203 24757
50203 50202
50205 13267
50205 50204
50207 46157
50207 50206
50209 32011
50209 50208
50211 45958
50211 50210
50213 25434
50213 50212
50215 45394
50215 50214
50217 44251
50217 50216
50219 664
50219 50218
50221 17337
50221 50220
50223 46550
50223 50222
50225 24336
50227 20012
50227 50226
50229 13156
50229 52377
50231 31616
50231 50230
50233 39748
50233 50232
50235 13620
50235 50234
50237 6487
50237 50236
50239 50709
50241 18775
50241 50240
50243 5436
50243 50242
50245 20060
50245 50244
50247 18929
50247 50246
50249 38902
50249 50248
50251 24774
50251 50250
50253 33091
50253 50252
50255 44798
50255 50254
50257 656
50257 50256
50259 45854
50259 50258
50261 26580
50261 50260
50263 31143
50263 50262
50265 5135
50265 53057
50267 46520
50267 50266
50269 52859
50269 50268
50271 39944
50271 50270
50273 6978
50273 50272
50275 38764
50275 50274
50277 45239
50277 50276
50279 45404
50279 50278
50281 32279
50281 50280
50283 36932
50283 50282
50285 26590
50285 51669
50287 32268
50287 50286
50289 37548
50289 50288
50291 39868
50291 50290
50293 50040
50293 50292
50295 19810
50295 50294
50297 13120
50297 50296
50299 5379
50299 50298
50301 50026
50301 52713
50303 50000
50303 50302
50305 37916
50305 51683
50307 51127
50307 50306
50309 11308
50309 50308
50311 17688
50311 50310
50313 40193
50313 50312
50315 5153
50315 50314
50317 43806
50317 50316
50319 33413
50319 50318
50321 30900
50321 50320
50323 4280
50323 50322
50325 7270
50325 50324
50327 24072
50327 50715
50329 31303
50329 50328
50331 4733
50331 50330
50333 50332
50335 33506
50335 50334
50337 38434
50337 50336
50339 18177
50339 50338
50341 33113
50341 50340
50343 23959
50343 50342
50345 26768
50345 50344
50347 38631
50347 50346
50349 31912
50349 50348
50351 6845
50351 50350
50353 46293
50353 50352
50355 31315
50355 52539
50357 10946
50357 51843
50359 26880
50359 50358
50361 49932
50361 50360
50363 24643
50363 50362
50365 4689
50365 50364
50367 19553
50367 50366
50369 37253
50369 50368
50371 39200
50371 50370
50373 38860
50373 50372
50375 39896
50375 50374
50377 26909
50377 50697
50379 4561
50379 50378
50381 10764
50381 50380
50383 37272
50383 50382
50385 26020
50385 50384
50387 39368
50387 50517
50389 23842
50389 50388
50391 6086
50391 50390
50393 38919
50393 50392
50395 44828
50397 26684
50397 50396
50399 26674
50399 50398
50401 39149
50401 50400
50403 44970
50403 50402
50405 13246
50405 52623
50407 17285
50407 50406
50409 6372
50409 50408
50411 4008
50411 50410
50413 17653
50413 50412
50415 13066
50415 50414
50417 39701
50417 52885
50419 25618
50421 12270
50421 51407
50423 44979
50423 50422
50425 46686
50425 50424
50427 23814
50429 6031
50429 50428
50431 32787
50431 50430
50433 32946
50433 50432
50435 31234
50435 50434
50437 45748
50437 50436
50439 4593
50439 50438
50441 5812
50441 50440
50443 10707
50443 50442
50445 38689
50445 50444
50447 19987
50447 50446
50449 53158
50451 53159
50453 43764
50453 51687
50455 4272
50455 50454
50457 38920
50457 50456
50459 33331
50459 50458
50461 13296
50461 50460
50463 25312
50463 50462
50465 13690
50465 50464
50467 5691
50467 50466
50469 13393
50469 50468
50471 32981
50471 50470
50473 45037
50473 50472
50475 37040
50475 50474
50477 51073
50477 50476
50479 6701
50479 50478
50481 5653
50483 4809
50483 50482
50485 37030
50485 52131
50487 32847
50487 50486
50489 5720
50489 50488
50491 11823
50491 50490
50493 20513
50493 50492
50495 39632
50495 50494
50497 12234
50497 50727
50499 13412
50499 50498
50501 46122
50501 50500
50503 4785
50503 50502
50505 38992
50505 50504
50507 24820
50507 50506
50509 32359
50509 50508
50511 7195
50511 50510
50513 44878
50513 50512
50515 32987
50515 50514
50517 50386
50517 50516
50519 37512
50519 50518
50521 46373
50521 50561
50523 18686
50523 50522
50525 3983
50525 50524
50527 13837
50527 50526
50529 23857
50529 50528
50531 12463
50531 50530
50533 25804
50533 50532
50535 27119
50535 50534
50537 46451
50537 50536
50539 10561
50539 50538
50541 11875
50541 50540
50543 37402
50543 51671
50545 50771
50545 50544
50547 5757
50547 50546
50549 25412
50549 50548
50551 51417
50551 50550
50553 31827
50553 50552
50555 38329
50555 50554
50557 611
50557 50556
50559 4633
50559 50558
50561 50520
50561 50560
50563 6745
50563 50562
50565 25822
50565 51651
50567 17493
50567 50566
50569 25738
50569 50568
50571 18944
50571 50570
50573 46059
50573 50572
50575 4557
50575 50574
50577 26029
50577 50576
50579 46502
50579 50578
50581 20296
50581 50580
50583 5173
50583 51193
50585 31483
50585 50584
50587 5208
50587 50586
50589 5829
50589 50588
50591 50171
50591 50590
50593 24771
50593 50592
50595 17815
50595 50594
50597 50169
50597 50596
50599 25525
50599 50598
50601 52613
50601 50600
50603 11873
50603 50602
50605 19122
50605 50604
50607 37319
50607 50606
50609 32603
50609 50608
50611 11189
50611 50610
50613 45583
50613 50612
50615 45685
50615 50614
50617 43626
50617 50616
50619 4253
50619 50618
50621 37220
50621 50620
50623 44016
50623 50622
50625 5870
50625 51453
50627 17411
50627 50626
50629 37663
50629 50628
50631 39940
50631 50630
50633 33143
50633 50632
50635 45694
50635 50634
50637 43453
50637 50636
50639 44423
50639 50638
50641 18251
50641 50640
50643 18501
50643 50642
50645 32235
50645 52303
50647 13009
50647 50646
50649 45593
50649 50648
50651 44018
50651 50650
50653 19763
50655 24432
50655 50654
50657 19217
50659 31693
50659 50658
50661 12710
50661 50660
50663 4038
50663 50662
50665 6541
50665 50664
50667 6980
50667 50666
50669 25250
50669 50668
50671 573
50671 50670
50673 45703
50673 50861
50675 31883
50675 52063
50677 18756
50677 50676
50679 24092
50679 51495
50681 24736
50681 50680
50683 4317
50683 50682
50685 24697
50685 50684
50687 32243
50687 50686
50689 18291
50689 50688
50691 40203
50691 50690
50693 17838
50693 50692
50695 18017
50695 50694
50697 50376
50697 50696
50699 4482
50699 50698
50701 12240
50701 50700
50703 51389
50703 50702
50705 38874
50705 52113
50707 20183
50707 50887
50709 26347
50709 50708
50711 31698
50711 50710
50713 18974
50713 50712
50715 50326
50715 50714
50717 26706
50717 50716
50719 11961
50719 50718
50721 31859
50721 50720
50723 19274
50723 50722
50725 43973
50725 50724
50727 50496
50727 50726
50729 50979
50729 50728
50731 4054
50731 50730
50733 18093
50733 50732
50735 39684
50735 50734
50737 6552
50737 50736
50739 19290
50739 50738
50741 45598
50741 50740
50743 33389
50743 50742
50745 46402
50747 26904
50747 50746
50749 5854
50749 50748
50751 38422
50751 50750
50753 23982
50753 50752
50755 51473
50755 50754
50757 5129
50757 50756
50759 31998
50759 50758
50761 37017
50761 50760
50763 526
50763 50762
50765 24713
50765 50764
50767 529
50767 50766
50769 30533
50769 50768
50771 44338
50771 50770
50773 39794
50773 50772
50775 45276
50775 51413
50777 11746
50777 50776
50779 18789
50779 50778
50781 46006
50781 51611
50783 4727
50783 53109
50785 19214
50785 50784
50787 44858
50787 50786
50789 5151
50789 50788
50791 25718
50791 50790
50793 24459
50793 50792
50795 6474
50795 50794
50797 4960
50797 50796
50799 39141
50799 50798
50801 32025
50801 50800
50803 18371
50803 50802
50805 50088
50805 50804
50807 12761
50807 50806
50809 19084
50809 50808
50811 6778
50811 50810
50813 13708
50813 50812
50815 5067
50815 50814
50817 19403
50817 51479
50819 5773
50819 50818
50821 38163
50821 50820
50823 45180
50823 50822
50825 17719
50825 50824
50827 50963
50827 50826
50829 39550
50829 50828
50831 19333
50831 50830
50833 6920
50833 50832
50835 44706
50835 52299
50837 11474
50837 50836
50839 13581
50839 50838
50841 19439
50841 50840
50843 20022
50843 50842
50845 10624
50845 50844
50847 45391
50847 50846
50849 6861
50849 50848
50851 46132
50851 50850
50853 38117
50853 50852
50855 30662
50855 50854
50857 31001
50857 50856
50859 30534
50859 50858
50861 50672
50861 52589
50863 24627
50863 50862
50865 12129
50865 50864
50867 26608
50867 50866
50869 26318
50869 50868
50871 19356
50871 50870
50873 10567
50873 50872
50875 43577
50875 50874
50877 6434
50877 50876
50879 10555
50879 50878
50881 38942
50881 53060
50883 32168
50883 50882
50885 12801
50885 50884
50887 50706
50887 50886
50889 7235
50889 50888
50891 26636
50891 50890
50893 25878
50893 50892
50895 13867
50895 50894
50897 24884
50899 32333
50899 50898
50901 12107
50901 50900
50903 10642
50903 50902
50905 5253
50905 50904
50907 24363
50907 50906
50909 44470
50909 50908
50911 32149
50911 50910
50913 32084
50915 39636
50915 53058
50917 19693
50917 50916
50919 26019
50919 50918
50921 45406
50921 50920
50923 37172
50923 50922
50925 50136
50925 50924
50927 32458
50927 50926
50929 13450
50929 50928
50931 24905
50931 50930
50933 37878
50935 5263
50935 50934
50937 32817
50937 50936
50939 17589
50939 53152
50941 19220
50941 50940
50943 5337
50943 50942
50945 32975
50945 50944
50947 25198
50947 51863
50949 25794
50951 25494
50951 50950
50953 44885
50953 50952
50955 20181
50955 50954
50957 31119
50957 50956
50959 6687
50959 53079
50961 31344
50961 50960
50963 39150
50963 50962
50965 51427
50965 50964
50967 43439
50967 50966
50969 26776
50969 50968
50971 46624
50973 12019
50973 50972
50975 49949
50975 50974
50977 25135
50977 50976
50979 38621
50979 50978
50981 27024
50981 50980
50983 30642
50983 53072
50985 19131
50985 50984
50987 38296
50989 4817
50989 50988
50991 26391
50991 50990
50993 31043
50993 50992
50995 31542
50995 50994
50997 12913
50997 50996
50999 37791
50999 50998
51001 44244
51001 51000
51003 5499
51003 51002
51005 52399
51005 51004
51007 19960
51007 51006
51009 24030
51011 37701
51011 51010
51013 25726
51013 51012
51015 5183
51015 51014
51017 51667
51017 51016
51019 33631
51019 51018
51021 11731
51021 51020
51023 45055
51023 51022
51025 7264
51025 51024
51027 30849
51029 30506
51029 51028
51031 658
51031 51030
51033 64
51033 51032
51035 17817
51035 51034
51037 31945
51037 51036
51039 26445
51039 51038
51041 36992
51041 51040
51043 5589
51043 51042
51045 19902
51045 51044
51047 24485
51047 51046
51049 30455
51049 51048
51051 51839
51051 51050
51053 17859
51053 51052
51055 31385
51055 51054
51057 12381
51057 51056
51059 19492
51059 51058
51061 32979
51061 51060
51063 3949
51063 51062
51065 30993
51065 51064
51067 25834
51067 51066
51069 6758
51069 51068
51071 13722
51071 51070
51073 18021
51073 52171
51075 38184
51075 51074
51077 26114
51077 51076
51079 26857
51081 7178
51081 51080
51083 11853
51083 51082
51085 31836
51085 51084
51087 43709
51087 51086
51089 3914
51089 51088
51091 11536
51091 51090
51093 10945
51093 51092
51095 24544
51095 51094
51097 51109
51097 51096
51099 12354
51099 51098
51101 45185
51101 51100
51103 38298
51103 51102
51105 51303
51105 51104
51107 45720
51107 51106
51109 5803
51109 51108
51111 20098
51111 51110
51113 43617
51113 51112
51115 18778
51115 51114
51117 24590
51117 52143
51119 25025
51119 51118
51121 13324
51121 51120
51123 24630
51123 51122
51125 52189
51125 51124
51127 25444
51127 51126
51129 5824
51129 51128
51131 5629
51131 51130
51133 19990
51133 51132
51135 25747
51135 51134
51137 33662
51137 51879
51139 6358
51139 52959
51141 25788
51141 51387
51143 33262
51143 51142
51145 5861
51145 51144
51147 5777
51147 51146
51149 26097
51149 51148
51151 44293
51151 51150
51153 25810
51153 51152
51155 10667
51155 51154
51157 4695
51157 51156
51159 37859
51159 51158
51161 13501
51161 51160
51163 4896
51163 51162
51165 45192
51165 51164
51167 24568
51167 51166
51169 24112
51169 51168
51171 26033
51171 51170
51173 46167
51173 51172
51175 25039
51175 51174
51177 33630
51177 51176
51179 24738
51179 51178
51181 39740
51181 51180
51183 50068
51183 51182
51185 17727
51185 51184
51187 53029
51187 51186
51189 18767
51189 51188
51191 45709
51191 51190
51193 50582
51193 51192
51195 52777
51195 53107
51197 45113
51197 51196
51199 18156
51199 51198
51201 5677
51203 38050
51203 51202
51205 19595
51205 51493
51207 38290
51207 51206
51209 19660
51209 51208
51211 12366
51211 51210
51213 24718
51213 51212
51215 6462
51215 51214
51217 5219
51217 51216
51219 12744
51219 53017
51221 27095
51221 51220
51223 18171
51223 51222
51225 43734
51225 51224
51227 25005
51227 51226
51229 20089
51229 51228
51231 44978
51231 51230
51233 31999
51233 51232
51235 5494
51235 51234
51237 44513
51237 51236
51239 13158
51239 51238
51241 489
51241 51240
51243 30941
51243 51242
51245 37554
51245 51244
51247 4516
51247 51246
51249 10736
51249 51248
51251 12465
51251 51250
51253 4984
51253 51252
51255 46475
51255 51254
51257 30672
51257 51256
51259 32660
51259 51258
51261 12114
51261 51260
51263 20515
51263 51262
51265 31833
51265 53172
51267 45263
51267 51266
51269 37818
51269 51268
51271 19377
51271 51270
51273 25138
51273 51272
51275 4119
51275 51274
51277 32669
51277 51276
51279 38569
51279 51278
51281 32744
51281 51280
51283 6654
51283 51282
51285 586
51285 51284
51287 30704
51287 51286
51289 31364
51289 51288
51291 18746
51291 51290
51293 20305
51293 51292
51295 44243
51295 51294
51297 39958
51297 51296
51299 23893
51299 51298
51301 24167
51301 51300
51303 32099
51303 51302
51305 26007
51305 51304
51307 20505
51307 51306
51309 19143
51309 51308
51311 50008
51311 51310
51313 31548
51313 51312
51315 25298
51315 51314
51317 27136
51317 51316
51319 4889
51319 51318
51321 11080
51321 51320
51323 5377
51323 51322
51325 5817
51325 51324
51327 5807
51327 51326
51329 12061
51329 51328
51331 44371
51331 51330
51333 31330
51333 51332
51335 17357
51335 51334
51337 18236
51337 51336
51339 24807
51341 44119
51341 51340
51343 17961
51343 51342
51345 7211
51345 51344
51347 20222
51347 51346
51349 23837
51349 51348
51351 13306
51351 51350
51353 25208
51353 52997
51355 7201
51355 51354
51357 25017
51357 51356
51359 10696
51359 51358
51361 18278
51361 51360
51363 11763
51365 45959
51365 51364
51367 46500
51367 51366
51369 37634
51369 51368
51371 17255
51371 51949
51373 52177
51373 51372
51375 5543
51375 51374
51377 11059
51377 51376
51379 12014
51379 51378
51381 50063
51381 51380
51383 37576
51383 51382
51385 46540
51385 51384
51387 51140
51387 51541
51389 4655
51389 51388
51391 44260
51393 30952
51393 52339
51395 12304
51395 51394
51397 20229
51397 51396
51399 24945
51399 51398
51401 17634
51401 51400
51403 45458
51403 51947
51405 37714
51405 51404
51407 53067
51407 51406
51409 6775
51409 51408
51411 50051
51411 51410
51413 50774
51413 51412
51415 45413
51415 51414
51417 17950
51417 51416
51419 4569
51419 51418
51421 24726
51423 32311
51423 51422
51425 52455
51425 51424
51427 18197
51427 51426
51429 13726
51429 51428
51431 50795
51431 51430
51433 10662
51433 51432
51435 46327
51435 51434
51437 44709
51437 51436
51439 52
51439 51438
51441 40176
51441 51440
51443 32586
51443 51442
51445 17231
51445 51444
51447 6445
51447 51446
51449 10931
51449 51448
51451 17278
51451 51450
51453 50624
51453 51452
51455 44768
51455 51454
51457 441
51457 51456
51459 488
51459 51458
51461 31333
51461 51460
51463 4846
51463 51462
51465 32520
51465 51464
51467 26697
51467 51466
51469 5476
51469 51468
51471 18357
51471 51470
51473 52267
51473 51472
51475 5917
51475 51474
51477 26806
51477 51476
51479 50816
51479 51478
51481 25908
51481 51480
51483 19287
51483 51482
51485 37016
51485 51484
51487 38035
51487 51486
51489 20054
51489 51488
51491 38671
51491 51490
51493 51204
51493 51492
51495 50678
51495 51494
51497 18849
51497 53096
51499 45398
51499 51498
51501 44615
51501 51500
51503 11482
51503 51502
51505 45082
51505 51504
51507 37534
51507 51506
51509 38393
51509 51508
51511 24323
51511 52871
51513 52415
51513 51512
51515 7030
51515 51514
51517 45894
51517 51516
51519 30748
51519 51518
51521 26814
51521 51520
51523 50243
51523 51522
51525 6466
51525 51524
51527 24024
51527 51526
51529 38839
51529 51528
51531 39979
51531 51530
51533 13091
51533 51532
51535 4811
51535 51534
51537 13020
51537 51536
51539 52497
51539 51538
51541 51386
51541 51540
51543 10638
51543 51542
51545 4775
51545 51544
51547 45920
51547 51546
51549 12609
51549 51548
51551 13012
51551 52081
51553 26353
51553 51552
51555 40161
51555 51554
51557 17880
51557 51556
51559 44051
51559 51558
51561 44449
51561 51621
51563 17267
51563 51562
51565 50791
51565 51564
51567 25479
51567 51566
51569 6803
51569 51568
51571 12812
51571 51785
51573 4067
51573 51572
51575 24079
51575 51574
51577 11439
51577 51576
51579 6032
51579 51578
51581 37609
51581 51580
51583 52527
51583 51582
51585 32978
51585 51584
51587 4243
51587 51586
51589 45750
51589 51588
51591 52243
51591 51590
51593 12819
51593 51592
51595 38998
51595 51594
51597 5726
51597 51596
51599 17370
51599 51598
51601 13115
51601 53187
51603 33649
51603 51602
51605 37537
51605 51604
51607 25865
51607 51606
51609 26680
51609 51608
51611 50780
51611 51610
51613 26017
51613 51612
51615 18792
51615 51614
51617 17377
51617 51616
51619 23817
51619 51618
51621 51560
51621 51620
51623 5053
51623 51622
51625 32193
51625 51624
51627 37076
51627 51626
51629 11253
51629 51628
51631 20407
51633 27083
51633 51632
51635 32756
51635 51634
51637 27100
51637 51636
51639 38564
51639 52029
51641 17998
51641 51640
51643 32430
51643 51642
51645 25760
51645 52403
51647 6067
51647 51646
51649 50647
51649 51648
51651 50564
51651 51650
51653 45936
51653 51783
51655 24033
51655 51654
51657 5059
51657 51656
51659 11842
51659 51658
51661 30677
51661 51660
51663 33074
51663 51662
51665 32673
51665 51664
51667 45026
51667 51666
51669 50284
51669 52577
51671 50542
51671 51670
51673 46525
51673 51672
51675 46684
51675 51674
51677 13481
51677 51676
51679 5983
51679 51678
51681 32444
51681 51680
51683 50304
51683 51682
51685 38736
51685 51684
51687 50452
51687 51686
51689 43991
51689 53076
51691 19054
51691 51690
51693 38433
51693 51692
51695 11598
51695 51694
51697 43814
51697 51696
51699 11959
51701 33627
51701 51700
51703 17599
51703 51702
51705 5953
51705 51704
51707 38972
51707 51706
51709 45371
51709 51708
51711 30853
51711 51710
51713 30634
51713 51712
51715 25405
51715 51714
51717 4443
51717 51716
51719 10929
51719 51718
51721 44368
51721 51720
51723 24692
51723 51722
51725 7217
51725 51724
51727 12937
51727 51726
51729 5196
51729 53171
51731 5393
51731 51730
51733 37616
51733 51732
51735 7204
51735 51734
51737 13203
51737 51736
51739 6605
51739 51738
51741 32406
51741 51740
51743 51015
51743 51742
51745 32950
51745 51744
51747 43732
51747 51746
51749 12502
51751 39214
51751 53075
51753 4321
51753 51752
51755 6194
51755 51754
51757 3886
51757 51756
51759 51370
51759 51758
51761 23810
51761 51760
51763 37734
51763 51762
51765 5169
51765 51764
51767 6213
51767 52889
51769 4325
51769 51768
51771 33177
51771 52547
51773 23855
51773 51772
51775 31900
51775 51774
51777 26383
51777 51776
51779 44401
51779 51778
51781 5409
51781 51780
51783 51652
51783 51782
51785 52233
51785 51784
51787 476
51787 51786
51789 49967
51789 51788
51791 12495
51791 51790
51793 44107
51793 51792
51795 25543
51795 51794
51797 12141
51797 51796
51799 43822
51799 51798
51801 6930
51801 51800
51803 45038
51803 51802
51805 30643
51805 51804
51807 52401
51807 51806
51809 44264
51809 51808
51811 6862
51811 51810
51813 44126
51813 51812
51815 25383
51815 51814
51817 11096
51817 51816
51819 45119
51819 51818
51821 31636
51821 51820
51823 31584
51823 51822
51825 30986
51825 51824
51827 31725
51827 51826
51829 26633
51829 51828
51831 37920
51831 51830
51833 4241
51833 51832
51835 38895
51835 51834
51837 26526
51837 51836
51839 32387
51839 51838
51841 52007
51841 51840
51843 50356
51843 51842
51845 4121
51845 51844
51847 13191
51847 51846
51849 7196
51849 51848
51851 17115
51851 51850
51853 11408
51853 51852
51855 19806
51855 51854
51857 6261
51857 51856
51859 24616
51859 51858
51861 13343
51863 52485
51863 51862
51865 46304
51865 51864
51867 30698
51867 51866
51869 24203
51869 51868
51871 38995
51871 51870
51873 174
51873 52191
51875 38704
51875 51874
51877 26162
51877 51876
51879 51136
51879 51878
51881 26073
51881 51880
51883 19695
51883 51882
51885 10894
51885 51884
51887 17232
51887 51886
51889 18528
51889 51888
51891 44719
51891 51890
51893 33643
51893 51892
51895 13555
51895 51894
51897 4466
51897 51896
51899 45940
51899 51898
51901 40199
51901 51900
51903 32077
51903 51902
51905 24702
51905 51904
51907 38541
51907 51906
51909 31256
51909 51908
51911 53001
51911 51910
51913 24424
51913 51912
51915 26807
51915 51914
51917 45420
51917 51916
51919 5224
51921 37328
51921 51920
51923 43703
51923 51922
51925 19768
51925 51924
51927 24615
51927 51926
51929 39640
51929 51928
51931 13351
51931 51930
51933 33093
51933 51932
51935 18645
51935 51934
51937 4582
51937 51936
51939 5793
51939 51938
51941 4079
51941 51940
51943 49947
51943 51942
51945 20154
51945 51944
51947 51402
51947 51946
51949 51759
51949 51948
51951 30578
51951 51950
51953 13863
51953 51952
51955 40176
51955 51954
51957 6459
51957 51956
51959 6992
51959 51958
51961 24329
51961 51960
51963 45131
51963 51962
51965 25624
51965 51964
51967 4941
51967 51966
51969 4700
51969 51968
51971 12118
51971 51970
51973 31714
51973 51972
51975 425
51975 51974
51977 25400
51977 51976
51979 11229
51979 51978
51981 31363
51981 51980
51983 10641
51983 51982
51985 44475
51985 51984
51987 6535
51987 51986
51989 52331
51989 51988
51991 24592
51993 38236
51993 51992
51995 10823
51995 51994
51997 33033
51997 51996
51999 19138
51999 51998
52001 40184
52001 52000
52003 502
52003 52002
52005 4495
52005 52593
52007 5558
52007 52329
52009 18231
52009 52008
52011 38786
52011 52010
52013 12560
52013 52012
52015 25429
52015 52014
52017 13085
52017 52016
52019 18352
52019 52018
52021 19642
52021 52020
52023 32303
52023 52022
52025 26524
52025 52024
52027 11330
52027 52026
52029 51638
52029 52028
52031 19270
52031 52030
52033 31009
52033 52032
52035 45338
52035 52034
52037 5493
52037 52036
52039 6155
52039 52038
52041 26188
52041 52040
52043 20257
52043 52042
52045 39330
52045 52671
52047 38531
52047 52046
52049 5798
52049 52048
52051 20346
52051 52050
52053 461
52053 52052
52055 37247
52055 52054
52057 44464
52057 52056
52059 24786
52059 52165
52061 6564
52061 52060
52063 50674
52063 52062
52065 7198
52065 52064
52067 39770
52067 52066
52069 38369
52069 52068
52071 4143
52071 52070
52073 6963
52073 52072
52075 38161
52075 52074
52077 19886
52077 52076
52079 7199
52079 52078
52081 51550
52081 52080
52083 46676
52083 52082
52085 43568
52085 52375
52087 653
52087 52086
52089 17463
52089 52088
52091 52805
52091 52090
52093 13408
52093 52092
52095 25489
52095 52094
52097 26550
52097 52096
52099 25795
52099 52098
52101 4611
52101 52100
52103 50313
52103 52102
52105 10747
52105 52104
52107 30729
52107 52106
52109 37480
52109 52108
52111 20493
52111 52110
52113 50704
52113 52112
52115 4336
52115 52114
52117 45733
52117 52116
52119 5035
52119 52118
52121 463
52121 52120
52123 17960
52123 52122
52125 44103
52125 52124
52127 4938
52129 39373
52129 52128
52131 50484
52131 52130
52133 5569
52133 52132
52135 43586
52135 52134
52137 32459
52137 52136
52139 24294
52139 52138
52141 30626
52141 52140
52143 51116
52143 52142
52145 4190
52145 52144
52147 39182
52147 52146
52149 31511
52149 52453
52151 32915
52151 52150
52153 13649
52153 53088
52155 6338
52155 52154
52157 32721
52157 52156
52159 12831
52159 52158
52161 26991
52161 52160
52163 12029
52163 52162
52165 52058
52165 52164
52167 5207
52167 52166
52169 43641
52169 52168
52171 51072
52171 52170
52173 43588
52173 52172
52175 18337
52175 52174
52177 43864
52177 52176
52179 4539
52179 52178
52181 25876
52181 52180
52183 46166
52183 52182
52185 6275
52185 52184
52187 10806
52187 52186
52189 31899
52189 52188
52191 51872
52191 52190
52193 11089
52193 52192
52195 32007
52195 52357
52197 25764
52197 52196
52199 19116
52199 52198
52201 45730
52201 52200
52203 13029
52203 52202
52205 30796
52205 52204
52207 4255
52207 52206
52209 39045
52209 52208
52211 25807
52211 52210
52213 11544
52213 52212
52215 26781
52215 52214
52217 37475
52217 52216
52219 33237
52219 52218
52221 12372
52221 52220
52223 4967
52223 52222
52225 31941
52225 52224
52227 31551
52227 52226
52229 13064
52229 52228
52231 17543
52231 52230
52233 51570
52233 52232
52235 44908
52235 52234
52237 38897
52237 52236
52239 44648
52239 52238
52241 13368
52241 53073
52243 33339
52243 52242
52245 18615
52245 52244
52247 12647
52247 52246
52249 43484
52249 52248
52251 33167
52251 52250
52253 24297
52253 52252
52255 12367
52255 52254
52257 17446
52257 52256
52259 45962
52259 52258
52261 39779
52261 52260
52263 5157
52263 52262
52265 18655
52265 52264
52267 3899
52267 52266
52269 32713
52269 52533
52271 51315
52271 52270
52273 17977
52273 52272
52275 50625
52275 52274
52277 6345
52277 52276
52279 557
52279 52278
52281 46136
52281 52280
52283 164
52283 52282
52285 32197
52285 52284
52287 30847
52289 6602
52289 52288
52291 5265
52291 52290
52293 25978
52293 52292
52295 18496
52295 52294
52297 45476
52297 52296
52299 50834
52299 52298
52301 32417
52301 52300
52303 50644
52303 52302
52305 11920
52305 52304
52307 39426
52307 52306
52309 30851
52309 52308
52311 25821
52311 52310
52313 13855
52313 52312
52315 24753
52315 52314
52317 17539
52317 52316
52319 10943
52319 52318
52321 11489
52321 52320
52323 25035
52323 52322
52325 676
52325 52324
52327 19354
52327 52326
52329 52006
52329 52328
52331 5471
52331 52330
52333 45092
52333 52332
52335 46324
52335 52334
52337 46492
52337 52336
52339 51392
52339 52338
52341 4052
52341 52340
52343 43792
52343 52342
52345 36982
52345 52344
52347 20306
52349 38429
52351 19095
52351 52350
52353 44279
52353 52352
52355 479
52355 52354
52357 52194
52357 52356
52359 18304
52359 52358
52361 45068
52361 52360
52363 4416
52363 52362
52365 4029
52365 52364
52367 37678
52367 52366
52369 46287
52369 52368
52371 50311
52371 52370
52373 10819
52373 52372
52375 52084
52375 52374
52377 50228
52377 52376
52379 32034
52379 52378
52381 11952
52381 52380
52383 38813
52383 52382
52385 31751
52385 52384
52387 46579
52387 52386
52389 3977
52389 52388
52391 25227
52393 4281
52393 52392
52395 44712
52395 52394
52397 37046
52397 52396
52399 19317
52399 53162
52401 4205
52401 52400
52403 51644
52403 52402
52405 43872
52405 52404
52407 13520
52407 52406
52409 19995
52409 53094
52411 6735
52411 52410
52413 6091
52413 52412
52415 151
52415 52414
52417 33482
52417 52416
52419 10807
52419 52418
52421 13728
52421 52420
52423 25490
52423 52422
52425 51929
52425 52424
52427 33328
52427 52426
52429 4621
52429 52428
52431 45716
52431 52430
52433 24818
52433 52432
52435 44764
52435 52434
52437 38190
52437 52436
52439 17481
52439 52438
52441 24392
52441 52440
52443 32146
52443 52442
52445 30691
52445 52444
52447 39206
52447 52446
52449 25202
52449 52448
52451 40173
52451 53163
52453 52452
52455 13298
52455 52454
52457 5892
52457 52456
52459 25609
52461 38359
52461 52460
52463 51133
52463 52462
52465 38113
52465 52464
52467 46266
52467 52466
52469 12460
52469 52468
52471 31059
52471 52470
52473 6124
52473 52472
52475 37294
52475 52474
52477 20484
52477 53071
52479 33176
52479 52478
52481 11584
52481 52480
52483 4640
52483 52482
52485 50946
52485 52484
52487 18777
52487 52486
52489 31077
52489 52488
52491 12020
52491 53161
52493 12716
52493 52492
52495 4550
52495 52494
52497 20197
52497 52496
52499 676
52499 52498
52501 26472
52501 52500
52503 37643
52503 52502
52505 43968
52505 52504
52507 4169
52507 52506
52509 17969
52509 52508
52511 26559
52511 52510
52513 40198
52513 52512
52515 33156
52515 52514
52517 4939
52517 52516
52519 18835
52519 52518
52521 3927
52521 52520
52523 32616
52523 52522
52525 44277
52525 52524
52527 31873
52527 52526
52529 30552
52529 52528
52531 12693
52531 52530
52533 52268
52533 52532
52535 13175
52535 52534
52537 19567
52537 52536
52539 50354
52539 52538
52541 31295
52541 52540
52543 32689
52543 52542
52545 24589
52545 52544
52547 51770
52547 52546
52549 51505
52549 52548
52551 37279
52551 52550
52553 37995
52553 52552
52555 37608
52555 52554
52557 50599
52557 52556
52559 5087
52559 52558
52561 49958
52561 52560
52563 51941
52563 52562
52565 19055
52565 52564
52567 24243
52567 52566
52569 32407
52569 52568
52571 45972
52571 52570
52573 5523
52573 52572
52575 20095
52575 52574
52577 51668
52577 52576
52579 20280
52579 52578
52581 26895
52581 52580
52583 46219
52583 52582
52585 30555
52585 52584
52587 32256
52589 50860
52589 52588
52591 18302
52591 52590
52593 52004
52593 52592
52595 10888
52595 52594
52597 39413
52597 52596
52599 4900
52599 52598
52601 6604
52601 52600
52603 19247
52603 52602
52605 6117
52605 52604
52607 37993
52607 52606
52609 30967
52609 52608
52611 39138
52611 52610
52613 37468
52613 52612
52615 37887
52615 52614
52617 6001
52617 52616
52619 532
52619 52618
52621 4031
52621 52620
52623 50404
52623 52905
52625 31484
52625 52624
52627 37025
52627 52626
52629 5630
52629 52628
52631 17104
52631 52630
52633 6794
52633 52632
52635 17911
52635 52634
52637 528
52637 52636
52639 6486
52639 52638
52641 50982
52641 52640
52643 4173
52643 52642
52645 31808
52645 52644
52647 4442
52647 52646
52649 38100
52649 52648
52651 11444
52651 52650
52653 26076
52653 52652
52655 4395
52655 52654
52657 10837
52657 52656
52659 18336
52659 52658
52661 10779
52661 52660
52663 40095
52663 52662
52665 27014
52665 52664
52667 4506
52667 52666
52669 25767
52669 52668
52671 52044
52671 52937
52673 12142
52673 52672
52675 37246
52675 52674
52677 11764
52677 52676
52679 24357
52679 52678
52681 6976
52681 52680
52683 50104
52683 52682
52685 30720
52685 52684
52687 25719
52687 52686
52689 33464
52689 52688
52691 6221
52691 52690
52693 25824
52695 37953
52695 52694
52697 33215
52697 52696
52699 33423
52699 52698
52701 460
52701 52700
52703 33265
52703 52702
52705 52161
52705 52704
52707 4089
52707 52706
52709 46222
52709 52708
52711 52655
52711 52710
52713 50300
52713 52712
52715 44108
52715 52714
52717 10548
52717 52716
52719 38244
52719 52718
52721 422
52721 52720
52723 19975
52723 52722
52725 44203
52725 52724
52727 25518
52727 52726
52729 677
52729 52728
52731 31920
52731 52730
52733 50633
52733 52732
52735 23912
52735 52734
52737 40165
52737 52736
52739 12787
52739 52738
52741 39996
52741 52740
52743 39220
52743 52742
52745 52923
52745 52744
52747 4165
52747 52746
52749 46069
52749 52748
52751 25385
52751 52750
52753 26058
52753 52752
52755 27098
52755 52754
52757 25939
52757 52756
52759 31867
52759 52758
52761 13239
52763 24605
52763 52762
52765 5354
52765 52764
52767 45855
52767 52766
52769 37896
52769 52768
52771 4123
52771 52770
52773 13143
52773 52772
52775 10726
52775 52774
52777 39184
52779 37804
52779 52778
52781 4717
52781 52780
52783 43444
52783 52782
52785 38982
52785 53156
52787 5005
52787 52786
52789 38136
52789 52788
52791 18185
52791 52790
52793 6419
52793 52792
52795 31408
52795 52794
52797 26081
52797 52796
52799 33419
52799 53184
52801 27118
52801 52800
52803 19510
52803 52802
52805 18559
52807 5237
52807 52806
52809 11696
52809 53037
52811 3916
52811 52810
52813 37093
52813 52812
52815 44196
52815 52814
52817 25692
52817 52816
52819 559
52819 52818
52821 51851
52821 52820
52823 45493
52823 52822
52825 10574
52825 52824
52827 4049
52827 52826
52829 5676
52829 52828
52831 26836
52831 52830
52833 5298
52833 52832
52835 11351
52835 52834
52837 4755
52837 52836
52839 31838
52839 52838
52841 17384
52841 52840
52843 43983
52843 52842
52845 6415
52845 52844
52847 26749
52847 52846
52849 6519
52849 52848
52851 25389
52851 52850
52853 39689
52853 52852
52855 19032
52855 52854
52857 45836
52857 52856
52859 18238
52859 52858
52861 25707
52861 52860
52863 7054
52863 52862
52865 46265
52865 52864
52867 13338
52867 52866
52869 20376
52869 52868
52871 51510
52871 52870
52873 10997
52873 52872
52875 11573
52875 52874
52877 45132
52877 52876
52879 24843
52879 52878
52881 32906
52881 52880
52883 52433
52883 52882
52885 50416
52885 52884
52887 31465
52887 52886
52889 51766
52889 53061
52891 31577
52891 53189
52893 32302
52893 52892
52895 33403
52895 52894
52897 46086
52897 52896
52899 18703
52899 52898
52901 13286
52901 52900
52903 45710
52903 52902
52905 52622
52905 52904
52907 26567
52907 52906
52909 17210
52909 52908
52911 46244
52911 52910
52913 46160
52913 52912
52915 25258
52915 52914
52917 44664
52917 52916
52919 6367
52919 52918
52921 31918
52921 52920
52923 17224
52925 38142
52925 52924
52927 24581
52927 52926
52929 37019
52929 52928
52931 17995
52931 52930
52933 19004
52933 52932
52935 25009
52935 52934
52937 52670
52937 52936
52939 26540
52939 52938
52941 30610
52941 52940
52943 10907
52943 52942
52945 24632
52945 52944
52947 31184
52947 52946
52949 24854
52949 52948
52951 25729
52951 52950
52953 6657
52953 52952
52955 39434
52955 52954
52957 6917
52957 53013
52959 51138
52959 52958
52961 39290
52961 52960
52963 13592
52963 52962
52965 46493
52965 52964
52967 46488
52967 52966
52969 32057
52971 32904
52971 52970
52973 31991
52973 52972
52975 38597
52975 52974
52977 20411
52977 52976
52979 4761
52979 52978
52981 51103
52981 52980
52983 13460
52983 52982
52985 51893
52985 52984
52987 13682
52987 52986
52989 13257
52989 52988
52991 5747
52991 52990
52993 40170
52993 52992
52995 19081
52995 52994
52997 51352
52997 52996
52999 44870
52999 52998
53001 51813
53001 53000
53003 20059
53003 53002
53005 17754
53005 53004
53007 4931
53007 53006
53009 17849
53009 53008
53011 50118
53011 53010
53013 52956
53013 53012
53015 38380
53015 53014
53017 51218
53017 53016
53019 13848
53019 53018
53021 50
53021 53020
53023 10919
53023 53022
53025 20507
53025 53024
53027 5973
53027 53026
53029 30751
53029 53028
53031 10693
53031 53030
53033 33009
53033 53032
53035 26310
53035 53034
53037 52808
53037 53036
53039 4474
53039 53038
53040 34112
53040 34113
53041 48438
53041 28395
53042 48339
53042 2644
53043 35859
53043 9622
53044 48367
53044 23346
53045 29927
53045 22642
53046 46765
53046 27381
53047 14766
53047 9822
53048 21905
53048 8558
53049 22439
53049 22438
53050 49523
53050 34166
53051 30351
53051 28472
53052 1257
53052 34516
53053 28609
53053 15999
53054 8155
53054 8306
53055 8811
53055 28806
53056 1269
53056 22332
53057 53110
53057 30670
53058 13431
53059 50782
53059 20387
53060 19506
53061 52888
53061 4787
53062 44886
53062 52257
53063 7027
53063 5252
53064 45447
53064 10594
53065 10686
53066 18576
53066 5912
53067 13096
53068 17614
53068 6868
53069 19485
53070 6484
53070 24734
53071 53170
53071 25026
53072 52641
53072 25474
53073 53111
53073 33420
53074 25126
53074 46355
53075 5734
53076 51688
53076 40194
53077 11933
53077 32191
53078 52692
53078 32195
53079 50958
53079 4736
53080 51311
53080 6914
53081 44321
53081 5552
53082 31006
53082 31005
53083 10723
53083 37350
53084 4735
53084 33003
53085 27075
53085 25722
53086 44876
53087 27067
53087 50055
53088 52152
53088 50085
53089 30554
53089 50224
53090 40175
53090 37709
53091 52126
53091 50418
53092 45780
53093 39055
53093 50656
53094 51008
53095 53174
53096 51390
53097 6191
53098 44295
53098 53183
53099 49873
53099 51748
53100 5441
53100 51860
53101 45768
53102 19716
53103 6682
53104 25566
53104 52390
53105 32748
53105 52148
53106 19849
53107 51194
53107 52776
53108 31578
53109 53059
53109 5447
53110 53154
53111 4475
53112 30808
53112 53086
53113 10687
53113 53065
53114 19486
53114 53069
53115 50419
53115 53091
53116 32196
53116 53078
53117 5240
53117 52760
53118 3764
46810 53118
53119 47807
46958 53119
53120 8131
46986 53120
53121 8815
47222 53121
53122 1846
47278 53122
53123 8050
47390 53123
53124 30092
47436 53124
53125 41309
47528 53125
53126 49147
47746 53126
53127 49590
47812 53127
53128 47867
47866 53128
53129 42933
47910 53129
53130 35529
48008 53130
53131 41780
48110 53131
53132 49088
48116 53132
53133 107
48376 53133
53134 1377
48470 53134
53135 7797
48590 53135
53136 42979
48610 53136
53137 48022
48768 53137
53138 43409
48786 53138
53139 14781
48790 53139
53140 861
48822 53140
53141 42037
48908 53141
53142 43287
48958 53142
53143 15370
49004 53143
53144 10516
49194 53144
53145 15580
49262 53145
53146 3642
49430 53146
53147 7426
49638 53147
53148 10498
49772 53148
53149 46659
49780 53149
53150 31294
49924 53150
53151 26399
50032 53151
53152 50938
50074 53152
53153 31547
50238 53153
53154 30669
50264 53154
53155 12162
50394 53155
53156 52784
50420 53156
53157 7079
50426 53157
53158 46007
50448 53158
53159 10817
50450 53159
53160 33637
50480 53160
53161 52490
50652 53161
53162 52398
50744 53162
53163 52450
50880 53163
53164 12674
50896 53164
53165 5303
50912 53165
53166 10730
50914 53166
53167 12252
50932 53167
53168 10670
50948 53168
53169 5127
50970 53169
53170 52476
50986 53170
53171 51728
51026 53171
53172 51264
51078 53172
53173 37875
51200 53173
53174 24471
51338 53174
53175 13223
51362 53175
53176 5288
51420 53176
53177 46670
51496 53177
53178 11958
51698 53178
53179 19891
51750 53179
53180 19331
51918 53180
53181 20500
51990 53181
53182 44215
52240 53182
53183 51630
52286 53183
53184 52798
52346 53184
53185 5467
52348 53185
53186 11240
52408 53186
53187 51600
52458 53187
53188 39371
52586 53188
53189 52890
52804 53189
53190 33652
52922 53190
53191 23868
52968 53191
12862 22260
53192 46407
53192 48774
19179 16717
37268 3084
23874 3374
18857 15593
52146 1978
25754 2910
51892 28702
39798 42625
20181 2796
25260 41113
32741 49392
32845 29124
53193 30408
53193 15133
38522 49636
53194 27008
53194 28274
44760 27520
53195 23835
53195 14549
12234 40865
12726 22860
45964 30166
24064 8550
53196 13275
53196 28456
11824 41507
26752 14951
51682 1484
52486 49236
30865 42023
5804 20884
53197 52761
53197 34856
20311 1210
50704 36078
43720 29884
11842 41295
24502 20994
53198 39277
53198 40609
43580 8108
19383 42501
6280 9328
38080 16179
12996 22404
45622 20944
53199 45561
53199 14071
20241 2888
6730 36444
53200 12051
53200 34138
38746 14329
38010 2508
4608 29532
598 20876
44514 42337
38248 28696
52446 33842
39658 29734
30625 48710
52626 27170
52512 29332
17575 8676
19629 48618
53201 53096
53201 28008
30951 35044
50498 2660
24554 46936
53202 19304
53202 21290
24514 36280
5018 40855
6712 29188
51736 29388
50550 9568
53203 33580
53203 9552
23914 20818
31247 22194
24420 34614
45772 16741
53204 17526
53204 40547
45544 48500
53205 7059
53205 22704
25434 34756
5702 47766
37632 35204
6926 16197
53206 26993
53206 10158
13492 16571
45538 47864
52648 1072
53207 4961
53207 23606
51058 16777
53208 46617
53208 21296
53209 18002
53209 7478
19853 34680
53210 20387
53210 28876
30915 16213
24440 35804
11146 15135
6530 29282
4686 2206
31543 7768
33009 15551
17865 1172
12760 27690
30695 43101
19133 3736
52044 40767
18433 9926
44896 9554
26300 34582
39594 35108
53211 4379
53211 34394
45296 47828
46228 14357
32459 3634
6514 34360
45908 1832
69 41585
20059 21980
52124 3290
13424 14469
30795 41043
53212 13023
53212 34182
17659 36654
26340 15223
45456 14081
17577 28324
582 28386
4122 34380
32277 16025
4534 29790
52442 47744
5770 35672
18577 29006
24426 2196
19395 33864
53213 19286
53213 21308
37564 27626
53214 53101
53214 22298
53215 25251
53215 34432
39706 8754
53216 11133
53216 42323
51484 10152
17651 21506
53217 13705
53217 2478
4528 48184
17243 1130
25812 46784
19387 41521
51316 43243
43632 8800
38054 16789
37756 30218
4014 35408
11138 21020
640 42049
53218 12395
53218 8516
37596 47372
39130 42093
43920 8922
38454 21630
44762 22344
39150 48200
11354 16749
4960 15723
53219 32978
53219 49154
33285 22492
51830 15483
10736 21574
32465 16763
6164 3742
44090 40689
11346 28254
25140 964
44178 28222
32165 41177
53220 3965
53220 3362
53221 6111
53221 14315
11050 22734
18273 3568
38340 46830
53222 13715
53222 14569
32643 40567
37334 29470
25722 349
53223 25027
53223 15837
12406 48510
46310 20706
39588 16085
37834 49098
26234 1360
43912 48034
30553 41983
24500 23412
39118 8736
5024 22358
51606 199
37430 1644
32591 15381
30677 36206
31249 46988
32891 2804
50762 7488
71 22644
6766 22160
39206 21914
46376 14021
12636 34490
46248 22742
20057 42993
43436 28284
32791 28338
4822 16469
19861 22380
4046 42705
37138 8056
30849 2166
53224 17980
53224 30224
24498 49776
43898 27288
3928 22482
43676 28096
17563 2362
46290 2470
32271 28362
4426 35736
52594 361
31373 48538
44642 16431
24964 36144
37578 22638
43670 35666
32107 28172
46536 43025
3894 3464
44546 34188
53225 31824
53225 1568
38176 43229
26694 16375
53226 5605
53226 9464
26224 40281
4138 46996
31455 40549
52054 48524
5282 15921
31861 49256
44912 16371
38140 43131
6236 23516
52846 48590
39878 1112
39010 35972
26052 23156
37414 23402
53227 5411
53227 10356
53228 38911
53228 27694
36954 1430
32557 3262
50316 41347
25976 21388
37540 22320
43820 15779
53229 17636
53229 27146
53230 33352
53230 15053
52130 16813
12202 27996
26072 36402
18549 47760
45392 27466
11560 46998
33109 42967
51908 28630
50036 8034
17629 14471
17231 22370
17569 34192
24132 15387
39828 33772
45176 2778
10810 3420
51754 42779
31837 36390
32839 40733
5642 990
43628 886
50078 15621
5964 9960
556 36550
642 29170
4016 3686
46516 29806
19437 14889
32647 28776
53231 12983
53231 22462
53232 10877
53232 22942
44620 34876
5816 2210
25278 16773
24982 29004
12598 14733
31597 15559
37148 3050
17673 1528
52656 21000
32027 40897
53233 33544
53233 16289
51332 10066
32297 49386
50540 43117
53234 50075
53234 36678
44802 23506
31135 16983
31127 7818
6898 30228
37042 48374
11782 43187
53235 38507
53235 23110
32831 15847
39960 47754
5056 27490
13278 1098
13130 47576
52812 42071
6660 42919
26174 47514
38334 42545
51812 7896
32489 47554
5584 21128
24962 16513
43840 16943
53236 10551
53236 15955
466 23252
45440 22620
51906 35192
31535 43287
5588 2294
18427 261
46208 35552
12382 22216
51544 42461
53237 6989
53237 33710
53238 10737
53238 29902
50614 40483
31169 3748
52042 2146
30907 40589
24618 9480
38944 36590
20285 48270
10976 33960
12974 42925
24866 49422
43490 34660
26786 40907
24872 22568
11864 1216
44212 14737
44656 21828
52992 23374
44052 20848
53239 38155
53239 1262
24228 49590
30573 42649
51932 27668
12038 3182
53240 24563
53240 20726
4410 49444
36956 7712
17837 28802
53241 37709
53241 16001
32315 28286
4338 21
24626 43129
5684 7662
37078 3008
39282 21812
52356 48656
24818 49158
38692 33976
6290 42035
4064 27508
13230 14277
26660 35098
5354 14003
32069 15741
19549 22802
5494 42235
38282 36582
32365 41663
31651 36134
44066 14105
53242 11031
53242 2456
39772 41143
622 9374
3990 34694
17579 16215
10560 35350
32231 8982
44972 1226
5388 40655
4600 798
20177 34644
51688 21912
53243 17354
53243 23414
43742 9690
39456 10272
23932 48780
6804 16243
11010 2184
5796 9150
25306 22432
44232 9176
53244 19728
53244 22692
19281 35068
32167 15229
17701 8522
4621 16321
11410 14813
31329 8632
38966 42841
53245 20405
53245 47748
6468 36358
31385 36494
50820 35656
17929 41887
18005 16433
44242 2974
38226 21224
31071 8004
31745 21628
39512 16209
31449 28880
18267 3086
37348 41829
38764 2884
46544 49332
37000 29642
24764 29956
10910 30000
52610 27390
45820 29620
37608 16659
39346 21106
18013 14793
39612 1780
19865 22360
17819 49118
19651 8566
38132 42259
37574 49620
53246 33533
53246 8750
30959 36538
44856 1038
53247 43779
53247 22386
38044 49204
5948 47658
25190 14715
52682 2636
5592 9106
13242 49160
46548 48026
39256 41401
52866 13899
12176 34874
26248 9100
53248 11287
53248 22332
3886 23570
18367 29074
18721 8192
39598 692
6086 8256
51630 43097
45250 21446
19333 2454
10940 34992
33103 1306
604 35932
39160 42977
11102 15553
5484 41513
50066 14763
26144 1796
51024 27324
12084 29810
44360 16825
45140 10086
10590 23036
24536 9879
43878 28768
45682 48708
13640 27346
45084 8720
45668 47600
38610 34062
51250 29516
20027 22988
4842 263
24908 34100
52776 30196
53249 6671
53249 27328
13286 46970
5572 28976
11664 10008
39482 13909
24508 14539
24666 752
53250 13713
53250 42751
12540 41363
43874 47436
50764 8706
4378 22172
31857 8102
17939 2970
494 30030
31841 42121
52134 7548
18483 7960
53251 44587
53251 8842
23974 48234
24828 15331
53252 641
53252 8094
33171 20626
24026 35272
51570 22608
17399 41323
38596 22766
13346 33766
4110 36200
53032 2008
17833 36552
31569 16223
52190 36364
11616 48282
18595 42069
26246 41165
46246 21214
53253 24983
53253 14673
53038 1694
53254 7076
53254 41927
19587 42047
12016 14055
13142 36272
37346 15227
11784 42079
24608 2712
5742 47262
33423 15493
6616 2780
24486 28596
39618 7936
17423 27596
38392 21722
38600 3654
24090 29542
45620 928
46258 9946
53255 24207
53255 23394
43890 23362
11376 22118
5556 42955
6328 42695
17961 8072
37938 22918
32939 3776
37764 42289
53256 13025
53256 20714
31773 41223
11238 3652
39726 42755
160 15855
5118 29154
30995 10360
37204 48878
45648 21438
38336 47308
31965 35308
25094 1936
44044 1512
39290 13889
53257 26563
53257 21458
53258 37683
53258 49384
38304 30208
13186 41481
26380 2176
32181 16415
53259 6287
53259 9536
51878 29842
38128 383
36982 48770
11232 9164
32081 9644
32389 28260
37616 14501
44652 16067
52034 27330
32683 9094
44520 7314
30975 43321
44034 46924
26816 9436
32177 3310
46174 23320
24446 21576
24158 22272
5310 28872
53260 25537
53260 42185
51426 2808
12690 16929
53261 10747
53261 48666
53262 39409
53262 20784
53263 19508
53263 2608
12214 29644
26606 2344
52082 35324
53264 12747
53264 20652
53265 38407
53265 7788
5464 48872
31441 48820
45798 3604
45744 14523
12562 15073
44496 23408
53266 18013
53266 7282
10900 42207
53267 19446
53267 41073
5424 291
53268 6047
53268 16155
24984 42591
52210 20664
24938 47410
31759 23544
38158 41167
5102 3484
30803 14023
53269 11597
53269 29656
53270 5351
53270 28522
53271 13730
53271 14215
5422 41329
11502 28310
53272 40114
53272 47858
53273 53244
53273 15831
6892 36400
11434 14323
53274 17626
53274 28896
51258 27858
5548 22366
11296 7850
5286 9588
53275 6637
53275 8016
17937 35720
6176 2482
19959 27872
32611 20610
33415 40443
50106 305
44788 7888
39420 48586
432 15273
45070 1646
25338 14051
18541 41997
31711 14299
50962 2870
53276 5369
53276 2110
38482 49144
19805 34014
44970 47204
18825 27246
38988 1182
44862 41895
24978 9268
43474 46836
6153 43241
53277 20399
53277 30008
52596 100
472 20984
53278 27026
53278 42021
11096 35870
13482 15127
24270 21300
4764 23422
6202 48706
37488 21798
19703 48350
38624 47210
53279 12933
53279 40481
33147 7830
45044 112
51622 3192
12344 22102
11308 7928
33277 2068
45802 22364
39148 33982
50800 16991
39066 29650
24404 15291
11160 40901
53280 149
53280 16961
4482 41607
23876 7660
13462 43307
52726 16191
4186 34018
53281 12643
53281 42629
39940 40241
44068 34666
37928 34460
19555 22806
50324 3378
580 41705
33427 15187
52016 21508
46324 14279
19183 30260
32145 16475
17375 22818
45888 2460
53282 4995
53282 21160
33475 16413
39012 47272
10668 33862
53283 24666
53283 47780
5694 27340
11002 36560
31041 36784
5970 2452
10792 34824
52230 375
4864 15811
38468 41973
53284 11727
53284 29132
31451 14109
52220 8264
20105 9352
33007 49752
50678 16453
24644 41841
36950 15317
37008 34474
53285 6269
53285 34590
53286 4495
53286 48796
45734 27586
12508 35864
18407 20718
45236 34070
32609 34530
37352 48032
18963 40493
52566 27842
18095 41969
33397 29286
19801 28036
46014 40457
4892 7800
44060 15091
39002 34828
32849 48866
3902 14351
13202 9560
43932 3076
12260 8908
31073 40499
39510 2474
33123 16725
37176 28684
31143 36626
12972 21330
30845 7460
4002 7340
37862 47016
53287 6693
53287 15437
616 9514
38706 1436
4152 10178
11944 33986
37962 22632
13180 33700
12990 7714
45940 42151
10574 10138
13294 28598
39778 2458
24592 3788
51854 22
51180 8346
39698 49180
26508 14407
13152 34696
23868 2410
53288 5977
53288 2952
37116 35178
39564 34080
37172 28950
45066 34094
13072 8352
18979 22426
53289 25555
53289 29580
46434 9878
53290 177
53290 9850
38722 7726
45752 34066
39356 21180
36990 15789
18489 35752
52868 48608
53291 427
53291 8802
5880 29544
17739 30116
17729 29204
6018 28196
45310 8696
38188 40695
4202 22594
4638 21706
37178 49496
12718 2580
45004 46966
38854 47202
33195 29554
12166 23296
30997 14302
12190 20638
32733 48354
37902 49814
53292 18614
53292 28302
53293 5525
53293 47378
39284 34036
53294 13225
53294 41667
45260 14933
25762 9470
4312 22986
11408 48010
32573 21052
30725 46942
6344 34148
13432 21716
31241 34236
53295 44178
53295 43013
37804 36646
53296 12387
53296 21796
38676 2386
12492 3731
19297 39
44722 22840
53297 147
53297 27998
37742 22202
53298 33198
53298 47294
17611 10320
13220 35448
6376 27648
32117 28662
53299 6013
53299 35110
12004 42553
12479 47216
53300 10637
53300 27804
17609 20596
18045 47802
24932 48674
43908 22830
11508 28316
25262 36142
6200 14173
17601 2370
13006 35734
11800 14129
32693 36110
39208 34914
32347 29940
19627 28918
43988 23212
51800 41577
31125 41103
17501 36782
37618 42661
30539 20620
37988 2156
50872 40783
18917 27514
44920 28960
11240 47648
19117 29090
50422 23246
11814 35582
30393 46808
31083 28050
23894 8520
53301 13879
53301 28124
136 7666
37910 34414
44156 48930
52248 42227
53302 38761
53302 2384
25392 49704
45038 40453
51468 9158
38832 16255
46056 47686
53303 6973
53303 41921
50366 9748
24704 41747
51722 16617
5486 20738
53304 10913
53304 14139
6644 29876
39568 3122
51440 22600
32411 16201
6160 29112
23810 28756
33237 29934
25222 8304
13302 41041
37542 34190
53305 32845
53305 48582
32067 20790
39606 36256
30747 3720
53306 20388
53306 9510
3882 22352
52786 27764
30649 2272
23822 40853
37524 13939
44468 20698
45670 47790
44288 29070
45930 35174
25016 40759
11592 22516
51576 41709
5654 49782
31719 14033
17811 35680
53307 7025
53307 7948
51946 41674
44816 27402
53308 25531
53308 22336
12318 28026
53309 50657
53309 36596
52640 14781
19709 14339
592 15585
4786 1026
53310 39185
53310 41189
444 8196
12012 21440
13128 47732
30417 9550
19413 9896
39058 41367
50266 40559
43732 23308
46446 2354
18305 40237
36960 41989
43962 35568
50536 2302
53311 19038
53311 28470
38496 22454
18021 1456
53312 6037
53312 29416
6798 9854
4374 1124
53313 25667
53313 3516
26428 16235
37708 29848
37752 42253
53314 10713
53314 27560
53315 13851
53315 28922
37772 10390
6504 21918
32229 49190
12022 1274
12402 22540
6038 22086
13550 29666
524 8862
52882 2128
52950 16907
33011 3620
30843 29524
46070 401
19895 1266
6132 15297
53316 13157
53316 40723
36930 21834
38036 16437
4972 34794
18769 33770
4048 23290
18381 15707
36944 22864
45868 3480
25034 902
53317 20122
53317 28526
25188 22304
6042 33978
51494 9990
53318 26205
53318 9166
45700 21552
25412 16027
18909 36392
33443 14483
36916 34046
10992 3598
51598 9274
514 9156
51872 41351
18237 9406
38640 33714
11358 28866
19061 33966
6744 16531
19857 28056
19425 14027
53319 7056
53319 9650
53320 46511
53320 8708
6220 49364
53321 43628
53321 47870
43752 2100
12836 10368
31269 1864
33275 22442
6196 21418
18537 16915
50982 2644
53322 24363
53322 22278
39662 16125
5836 29442
30835 22896
18799 1280
6886 36474
53323 11913
53323 36680
13266 27550
37270 35936
53324 4735
53324 27836
39240 43289
6546 36688
37020 22816
4422 34298
45684 2948
25150 47862
45588 7308
39796 36224
50666 41665
20189 49122
43854 42325
17525 40305
6890 23056
33219 2322
26742 14207
6932 21442
25258 42333
33399 3226
52382 47978
4792 7406
37706 29030
26210 29904
44192 47948
52860 28020
20183 16997
30663 28792
5930 16639
49964 40889
37184 34444
53325 39798
53325 23624
6188 16073
17271 852
43760 49138
18755 21756
51200 9214
66 36676
51732 42327
32905 10018
51346 14453
6906 10332
5808 395
11070 48376
53326 24536
53326 15873
24880 16575
46330 36742
26502 16637
53327 3963
53327 30136
53328 11683
53328 20756
46198 46986
53329 43663
53329 1516
39328 34392
53330 51363
53330 22770
53331 37703
53331 14867
13332 21520
37516 21708
5375 43163
10806 22400
52414 21816
5946 28106
10628 41543
46030 40863
19965 23210
53332 23889
53332 23050
13322 7384
18715 34540
53333 52777
53333 9246
6608 43071
53334 11741
53334 10036
6286 14217
25430 20892
37844 47168
26042 8384
32667 28252
446 47050
11244 9892
51136 47646
12968 35894
53335 33196
53335 34426
43606 14511
32983 48202
39202 15699
32007 21250
18275 41857
31617 3768
53336 13152
53336 48380
18631 3773
18985 40205
45272 48324
4137 27816
4702 40229
52454 2292
30659 42987
30483 2724
26658 28288
12670 2746
5034 47932
31621 23318
13076 48646
32351 8864
13048 22078
24234 41243
5086 41135
53337 24097
53337 16019
44116 28394
6172 20926
53338 10687
53338 48198
10678 48214
11666 16923
13078 1194
45348 29168
51926 43073
12640 3280
39580 28574
26872 23382
10928 49734
50052 28990
50918 9002
13402 34764
4112 28572
39074 29786
19617 49478
53339 25437
53339 35530
19427 2854
18041 3236
53340 24423
53340 41245
52286 42433
50626 29882
37796 14093
30673 15357
38190 9852
46504 9388
53341 6755
53341 28326
38948 16975
19753 35962
32517 7836
53342 23851
53342 1084
32041 9634
53343 30808
53343 40221
5522 16381
11108 43205
18301 21200
30721 1476
18828 29648
53344 19210
53344 8220
31427 33838
33395 41657
50894 41647
37256 42245
51698 49656
32085 21970
5256 41765
11484 22814
39174 29962
53345 30670
53345 22340
17347 47774
31637 15941
44676 22484
11090 21368
11350 9070
52280 48932
25394 10188
51948 46866
26196 48596
6216 22678
32663 21620
53346 37574
53346 35370
53347 5217
53347 48952
11074 2330
23844 23088
53348 12931
53348 22626
19269 15403
38290 15323
53349 24805
53349 47566
53350 11365
53350 9034
19915 46804
32629 20640
18071 49792
46468 22034
32691 10154
53351 26025
53351 49196
53002 27300
53352 5807
53352 1014
6246 36570
37012 7872
53353 655
53353 36086
25028 16305
43642 22326
26128 21718
31571 49462
24942 15809
32327 16739
39120 28120
3880 28462
31895 48002
37968 22536
4762 8638
38420 48074
38038 3704
52888 13919
52274 35594
53354 33354
53354 7578
18077 1660
25806 21126
6626 23312
11912 1422
25626 36388
45074 43151
44118 28078
12480 10082
31435 8524
51048 43113
19203 36524
38994 29494
12194 8970
52704 34494
12506 27720
32115 35880
53355 5027
53355 29152
39536 42707
24584 1376
30941 36750
33069 35020
31623 7580
6850 35964
4096 1722
25596 28616
6412 29950
52560 9706
50174 20974
18843 8294
134 15899
44888 40583
31749 1178
31403 2366
17657 10148
43548 201
4816 3128
17433 47080
19197 41035
53356 17392
53356 49642
17947 48648
43872 29478
53357 50449
53357 22130
38998 35572
37582 1386
18621 22212
50096 29360
43694 35644
19357 1854
53358 39395
53358 30242
31011 27278
17341 7484
52372 15985
25146 15889
31599 47180
12826 2160
37322 3626
44136 15015
51070 49262
18141 27350
45610 21958
38362 42957
53359 19486
53359 766
46116 3726
53036 35780
6992 35144
53360 25475
53360 14169
13196 22428
25276 16439
6630 47998
51192 22108
30433 8166
39642 47698
5706 49152
45254 36290
44818 36698
39820 16049
6920 40819
11648 43053
20223 41455
6258 16767
33257 15869
43442 14533
584 1606
53361 18872
53361 42465
426 14024
51858 35248
13280 23392
43534 20676
44596 27828
26576 3684
37454 48302
37120 42931
53362 12955
53362 13901
33447 15833
33185 876
38632 47494
39864 8024
37158 8086
53363 24923
53363 28722
46426 49200
51378 29380
50134 34120
53364 5689
53364 48312
37092 896
24294 22440
624 22874
23802 48416
38898 49182
50398 2894
25284 47092
13400 21794
50322 28514
18405 35628
11832 34462
4612 21892
45368 2048
5940 28356
33483 28328
51746 770
53365 161
53365 16281
17817 28982
50430 1160
19773 22238
53366 18964
53366 16847
25178 30180
11292 21946
30745 40225
37358 36128
53367 19758
53367 41405
44790 30238
12308 15001
37434 22872
18065 40657
25436 28834
18423 35614
45102 47094
20091 9456
45248 8552
20069 28138
52966 48248
24706 16533
52608 21286
506 22204
53368 20371
53368 48894
43888 15425
53369 27010
53369 34280
37984 48844
43556 23298
39804 16077
24850 42055
55 33752
38330 22916
46220 35102
53370 4403
53370 2276
53371 4459
53371 986
46436 8598
19643 36360
30925 20656
39304 1448
52340 3744
38074 29804
53372 12001
53372 16863
6322 47504
24230 9760
39506 42789
52692 41101
45418 1452
32447 8178
44962 29094
52408 94
51618 16791
50440 7719
6978 42335
51056 2676
26570 13949
45932 43061
10758 2444
43972 49424
53373 10577
53373 20882
39140 20812
24082 313
44742 41775
19165 47124
18871 21270
6224 34284
52332 28144
20047 3074
52492 48728
44348 36228
3926 27174
11822 9864
44400 22690
32217 9394
25966 8410
26230 3624
53374 40063
53374 49214
17873 33914
53375 25879
53375 27650
31085 1648
50502 47614
11988 34598
39488 49628
31477 1860
50472 2750
53376 32076
53376 16925
32487 16903
24822 7848
50094 42413
4192 49164
53377 19332
53377 10044
19475 22342
12786 36726
46152 2230
18289 41637
10728 41251
26486 20740
31995 22312
45436 34866
11088 14591
24414 28906
38216 1846
52722 22000
51608 49724
44728 35214
38364 29632
24116 34798
50222 42203
32871 28170
45968 14359
13508 16329
10852 47070
50004 287
31699 42719
4094 48996
53378 38859
53378 20548
32535 35888
31905 35244
13630 15269
12126 48978
45412 16883
26588 28570
50410 1688
46162 33796
43940 8474
24356 34300
12106 49718
19599 22650
44448 29980
53379 13529
53379 36438
25850 9812
6044 49658
17977 23514
5434 12
4794 35310
18923 9154
39762 15123
53380 6187
53380 34892
50890 43017
12170 29396
18997 3496
32581 16881
52020 3140
11454 22848
4968 42843
5774 27436
30763 43225
10946 36176
45702 35528
23998 22004
6598 40867
26376 35512
31295 47728
24782 15891
38940 35728
37522 28900
18023 40803
568 34564
24778 15159
17269 9382
33145 3478
44902 49110
43686 49612
53381 173
53381 15305
31191 14991
26494 23372
17941 15249
53382 53322
53382 35584
25350 14639
5710 15829
50680 950
26418 35878
20071 40847
11528 40661
31089 42373
53383 23847
53383 27730
6820 16041
53384 31895
53384 1552
31969 9080
17663 48868
19953 41015
24136 8372
18969 40663
44692 47126
11014 33676
12428 40645
24256 33692
32729 34458
45720 34450
26878 35518
26536 41107
19509 22946
53385 38128
53385 28490
24628 27982
26134 33730
37010 295
51874 8472
12720 36752
44562 9290
50454 2246
43546 36748
44708 33934
46008 20804
52018 7430
44662 7658
45528 34740
45266 49460
19493 48348
52292 14783
6254 40519
36970 8022
31273 20946
5802 9286
51542 8796
12236 27410
24478 48516
44444 40351
46136 9308
45520 7868
43886 35920
18645 36350
46394 41211
44994 29720
24526 40851
44846 23224
39584 9292
5590 16139
31519 10000
13456 21894
30567 48390
52468 48064
19751 35642
19625 8000
53386 25079
53386 930
53387 30936
53387 41509
6362 22564
38348 40431
52934 21354
46304 23572
31903 28062
18981 9282
30841 8806
37208 34322
25450 788
44710 43185
53030 23264
19655 28556
13118 28884
4364 49592
18139 9742
53388 19354
53388 22668
12412 29590
4440 22262
18343 9368
50564 29944
26270 20864
46016 47116
26106 49208
44134 29568
140 15803
19305 28724
17263 29932
25452 14741
13546 21158
53389 11897
53389 29084
31785 35986
50772 1768
30861 21770
5608 40985
33179 34610
44698 8214
32509 42703
53390 12431
53390 34574
53391 5413
53391 3560
10920 1658
45398 29420
18089 29382
26108 2228
4696 9762
26110 35082
18337 3512
26882 29706
53392 12663
53392 8074
50912 34902
44782 47010
45098 40391
53393 13712
53393 48698
44040 16173
31479 34150
11128 8532
32605 22188
32285 35000
33073 8434
44894 14287
32153 47610
18219 2394
33199 28992
31095 36662
51520 34412
19539 1058
5606 41225
50144 22032
4488 9216
36918 46958
19301 42549
39608 36526
37656 20708
5896 47286
31817 9230
53394 26134
53394 1166
31205 49690
44226 8156
52258 35546
53395 20130
53395 22214
13442 28234
30805 14659
3932 41271
11225 22412
53396 26875
53396 29582
24260 36208
4114 29654
25558 21720
11168 40797
33341 14175
53397 20000
53397 41529
52946 2606
53398 5325
53398 14113
12832 42765
24126 14161
26874 14377
18385 42059
53399 7077
53399 9086
4844 33782
24606 46846
32773 14923
50968 14617
19483 29722
32911 1068
51186 9954
45608 27192
25432 21778
37110 15719
46464 29232
6438 42149
24192 35636
18211 28626
13548 47096
25874 48692
46010 40243
33043 15975
53400 11243
53400 35842
53401 39481
53401 40261
53402 18412
53402 20916
39088 2332
53403 4081
53403 28482
50334 33948
11550 14085
5908 40959
46120 28648
52278 49626
44096 15059
11626 9598
53404 6823
53404 16113
19845 47066
26736 14779
53405 4669
53405 29276
17909 22822
31687 48620
37948 2650
18123 15287
33465 41209
12844 2896
17537 41745
50718 1612
37798 28584
53406 11477
53406 16169
38318 8868
26820 30182
23970 2906
588 7852
39484 48506
4750 984
52120 2622
46054 16679
53407 4983
53407 47640
53408 31242
53408 22046
516 49130
44560 48784
40010 16951
52554 3594
11950 40747
37344 21080
25384 8980
11104 9756
19795 23442
45634 35040
45944 48940
45312 2480
45680 29570
52168 7380
51354 269
11948 33970
46034 48056
44190 35914
53409 5315
53409 34032
20245 10194
44152 22513
53410 31071
53410 48400
53411 5808
53411 40805
5213 13891
32303 42869
6938 43167
26472 20752
17253 8046
19095 960
44376 22890
53412 31030
53412 48536
38930 40303
5512 3612
45372 27978
13576 9262
26348 42419
4796 35136
38814 1494
19083 35462
618 28638
25456 34606
50050 47922
53413 25849
53413 16985
31407 1248
11584 36092
52028 27168
39528 15543
50774 3452
45464 35138
13174 41301
38430 15463
26520 2430
12682 49230
43636 9482
31927 1340
11726 35416
18675 3142
37696 10106
26562 8540
25266 864
4572 16995
11206 16751
10826 27228
4242 47666
4682 34846
38926 2954
18429 28804
45922 21316
24991 20746
4182 36482
30985 40399
13276 36172
17389 28336
4880 20844
53414 19357
53414 9116
46524 23234
53415 43920
53415 28860
51104 736
32653 28800
20127 41907
38124 16355
24208 33958
32163 28996
45876 48192
52440 29474
37898 42439
25556 41675
53416 46608
53416 27580
53417 32667
53417 22552
45090 46922
32567 7776
53418 26145
53418 2772
53419 27124
53419 23620
39930 1732
30419 47558
56 49738
12362 49222
38414 48428
17823 20838
30455 47164
53420 37657
53420 48530
53421 24132
53421 8362
38326 7632
36952 8514
17641 34110
53422 24823
53422 23066
53423 51812
53423 20730
53424 4899
53424 1822
39548 8996
12400 28282
26222 40821
17645 15773
37340 21528
26518 34744
44610 40545
39574 22506
6592 15147
26068 41537
32705 732
53425 5469
53425 40603
53426 53067
53426 2708
31291 15589
17691 47320
5126 41743
51386 34774
44186 16613
38556 47150
32179 15555
25214 29260
5430 49242
20097 27448
31939 2388
6740 33678
26826 47024
52998 7626
44046 41407
30487 48308
19141 23068
53427 6730
53427 14205
53428 53390
53428 28894
498 30210
38760 806
26022 49246
20271 21304
30937 21192
25648 23628
6250 47950
12878 22968
37400 36476
43884 28946
31211 41503
19679 9936
37280 20694
30439 48066
12410 16333
456 41179
4918 29356
12988 21562
24900 7614
37648 41369
26412 35156
53429 11721
53429 1000
52376 13957
53430 26423
53430 34434
10672 1982
36926 40507
53431 53400
53431 21758
17457 20648
50268 1418
33191 29972
36992 40885
11060 3036
19619 8050
10670 16999
52112 40569
45336 1050
45220 21248
37532 3714
19019 1942
6454 41495
33441 1308
45614 2204
4306 48462
13108 3486
44002 35868
10658 47476
51304 27726
25142 1320
37162 7728
31217 27450
13500 110
52242 13979
31029 47064
12870 27922
50100 9120
4340 33786
10650 48802
31977 23566
10936 842
44372 21108
32127 2224
6268 43277
19577 2892
33461 27378
20011 7514
18639 40669
18773 193
52008 8634
50184 47352
11556 27844
26338 15507
32865 1010
37144 35086
31949 15737
5440 34134
52852 9544
44992 36024
37588 35242
12398 36458
19363 8438
39366 28728
18449 14555
11600 21926
572 28560
12586 1562
39690 16331
5638 34724
46430 16481
24100 29278
43480 21558
24622 41229
45580 8494
51638 48278
25238 35548
38858 8704
11250 42273
11260 42233
53432 53258
53432 29466
24098 42895
50146 48430
24856 2654
6640 28298
39464 28856
4368 1700
19949 8324
53433 19132
53433 36044
51206 23540
18093 20954
10612 16097
52250 1710
53434 32192
53434 34156
33139 28668
32331 21584
38180 23052
11100 41635
11062 16385
4398 35334
19695 49600
53435 31462
53435 28846
52794 27306
43508 7568
52056 30162
51256 42927
24110 21474
17289 9390
10780 42699
33189 21612
51490 40361
45448 27344
26406 27712
12289 16233
33155 42309
24988 48496
32641 36348
31341 16195
18311 14473
23824 47622
38002 28232
10956 21132
52136 15989
25130 35026
50522 776
19035 14177
45166 27202
4468 48304
30707 22112
12392 9664
39942 42999
31893 30244
51268 14755
53436 48
53436 43135
53437 4857
53437 10288
26854 34688
25674 2000
39232 28118
37050 28158
10970 28500
37436 2348
26294 41111
17863 9326
45142 43041
19779 27256
5420 35054
43464 1122
51010 20528
25884 46890
12756 27734
45466 40455
10888 7558
26750 46914
45378 43133
20185 20688
31869 41693
50816 28420
53438 43912
53438 34060
39300 29354
25866 7688
5632 27396
6536 14311
53439 11109
53439 49114
53440 44679
53440 47958
52802 40681
6622 22496
11424 35344
32927 42759
6212 8852
32207 40633
6966 16759
4442 22024
12338 40393
5834 36574
24180 10280
46400 22478
44398 34332
24882 15035
53441 169
53441 33964
50198 9622
38234 1742
44684 47692
38112 21540
17931 21792
39756 27938
53442 10853
53442 2960
31411 22036
522 34732
50738 23550
36958 21402
53443 50033
53443 2560
5578 10336
6668 8276
18359 15085
3938 48298
12940 36630
26496 14423
18049 49126
51672 43203
13362 21968
25546 36446
50188 28476
5090 30254
45512 9458
17481 10034
6062 34580
26142 43219
53444 472
53444 34860
38638 1454
13178 28450
11610 35908
53445 50419
53445 34340
51148 20758
50914 34608
30451 3442
13074 27890
51134 2424
5122 40659
44752 23154
52984 34418
53446 33272
53446 2890
53447 5161
53447 29588
19491 14379
38812 29194
24992 47812
12466 23596
43724 16323
43800 8228
5394 21470
17869 34704
20321 34288
4180 35256
11082 14124
37878 30150
13488 9596
11126 49174
3984 27356
53448 26433
53448 3042
50892 28868
18043 21490
23986 43311
53449 26283
53449 22926
4432 21788
53450 24173
53450 14773
4060 23644
10610 904
11198 49038
37700 42481
18127 29440
50062 16239
51970 10166
10800 22772
26798 7286
18231 34270
51884 40841
44328 41815
31809 35338
18611 49430
6368 9362
53451 6227
53451 9848
26250 2002
6170 16587
12010 34078
51350 2680
31359 8092
50956 47056
53452 25649
53452 28388
18673 29468
32989 3332
31601 42563
17503 22764
33173 15947
44340 42643
50432 22868
53453 6766
53453 10286
30719 41801
4484 29400
4808 42663
51894 34274
53454 32849
53454 15
13036 23614
17313 46954
18431 27196
53455 31006
53455 34918
26840 16809
4850 29684
11162 16445
11446 49244
11918 40473
30793 46762
11520 48584
51558 35146
24220 1406
53456 33575
53456 27822
50990 14767
51806 16123
19039 36268
44100 3552
53457 32100
53457 40541
18995 22612
30869 15703
10916 34948
53458 18916
53458 15885
50758 9372
13539 15717
45308 3778
492 9244
24868 49634
11656 16537
45916 28818
45408 23084
6238 41467
53459 6675
53459 28412
13102 33800
53460 32372
53460 49340
43494 21550
31371 23508
25012 838
32457 9518
25174 28088
38056 16955
51734 46892
43600 40775
17979 49170
31911 49080
52666 2108
31471 48420
45724 42551
20007 41233
12226 34248
53461 13079
53461 23092
52804 3728
12856 47346
53462 5637
53462 9822
13112 34128
38968 16895
3914 8946
24218 23432
5678 35854
45762 13943
32771 8620
53463 20236
53463 15265
25484 47290
31163 14833
37830 20704
19813 29594
4722 15573
4954 14289
32197 33990
5064 47446
30615 14805
44006 8778
33449 9600
24518 48892
32317 16603
6990 2828
19901 34922
39054 41491
53464 32557
53464 34506
44074 27472
6348 9424
32325 1602
19377 42379
5676 28416
37068 14243
26422 48142
38006 22898
6518 16115
4090 28098
53465 5123
53465 29560
17923 48028
37332 30230
53466 24911
53466 42821
43818 41519
31631 16423
12696 35634
32133 28670
17949 2588
53467 11853
53467 35270
52126 23076
11130 35544
10906 47350
19319 34178
30403 9804
18724 10330
6378 3056
26610 34010
6784 23520
50298 3144
4396 49576
10688 9782
11384 2992
53468 46337
53468 20526
25720 9324
46302 42729
19229 36702
4276 1120
53469 18330
53469 7636
46264 47894
53470 11233
53470 14153
46256 9398
53471 5613
53471 28012
32017 8586
6750 28086
50578 48850
4030 3154
18523 20966
19531 7366
30791 15919
26058 2900
39990 48266
20019 49070
5758 41971
50528 34044
4730 36242
53472 6687
53472 22958
19815 36632
53473 18948
53473 1298
37754 41151
5502 36386
32935 34814
460 33888
32319 3134
12668 29578
5218 40789
53474 19372
53474 22476
51336 14701
33091 16993
11004 28646
24060 8262
30429 3282
38196 21480
51212 43029
50842 34142
30435 2446
13008 16495
51038 7716
32527 3106
4588 15219
4450 48864
10562 9392
50286 48956
39162 30138
50488 2236
53475 33016
53475 35008
12908 40511
18401 36708
25044 14719
24156 29732
5160 35956
17881 15365
4548 9476
53476 18726
53476 1784
33255 2998
19021 40427
10744 30016
20293 9454
31075 16577
25088 3046
24030 47366
33127 23428
52658 47348
52116 8134
19553 21692
3942 15753
24198 8498
6702 40809
50168 48778
43602 30024
53477 19260
53477 1470
39904 35072
25928 35744
18535 3160
51968 47930
44580 22698
37212 8226
38274 14703
10766 14905
53478 51009
53478 49578
3884 8876
51466 47090
51582 8866
5146 16821
10638 21276
53479 6125
53479 9886
5108 7748
24322 3488
6260 27882
53480 5455
53480 34106
39324 23556
31047 16769
31765 2194
18081 34900
18579 40579
12264 42837
26636 8786
53481 33252
53481 27316
11660 41505
31839 29518
6936 15799
19205 16373
6574 9108
12712 22444
25002 27736
26150 2142
5722 3394
18103 29998
4824 8140
12262 40289
31771 10202
17561 43239
4788 42595
45040 41183
6272 14983
18647 27660
32975 2382
11860 29024
17815 29428
13216 3576
18395 1332
5528 28772
32223 9765
31801 40259
33299 33890
53482 44011
53482 40441
45012 41823
11466 14449
5644 47990
31059 29150
53483 24613
53483 13903
37716 23302
25708 30040
53484 46070
53484 1064
46088 21118
20053 728
36978 22016
10664 48786
53485 38433
53485 35710
39378 27912
26166 47392
53486 32663
53486 28936
44292 36016
39322 35768
44750 21938
37868 40333
53487 38290
53487 27742
10896 22590
50602 16217
50620 35404
53488 13073
53488 34456
11758 34890
30557 8764
4712 48498
44632 16705
5704 2530
13040 27786
10842 29324
3892 16251
6336 41629
4596 42179
53489 50987
53489 13883
50584 42505
43634 29938
33333 21588
12964 3162
51880 8748
46142 42219
25356 21872
39846 42387
31615 20570
5048 16801
31293 21040
50426 16457
52518 42075
25416 36664
11804 42299
46236 28464
36928 696
32999 40461
30859 8890
17831 3628
26392 21184
51846 3038
44010 23352
53490 18673
53490 27834
53491 3923
53491 15421
25302 1656
51482 8340
18025 20930
44822 2274
26806 22736
38650 16525
13444 8570
20095 34262
45874 23288
12064 2902
13236 49324
11712 22240
25280 20846
32385 9376
11300 21452
5174 27856
32427 15701
30863 47074
53492 13503
53492 36660
12820 35264
12296 9082
50064 41375
12574 41445
37642 22960
43814 40325
50390 2664
3908 1536
32251 35678
37182 16175
32843 23482
23958 48734
6498 23306
496 884
51404 9548
43968 3662
38122 35622
17427 2994
53493 26786
53493 47342
38586 21086
4458 47782
18847 14647
11488 36298
13054 27238
51068 36100
53494 4722
53494 41257
6580 35032
53495 44393
53495 41847
49932 227
39038 27184
50768 9948
12348 3444
33495 35080
53496 10807
53496 47826
30597 35926
17551 7274
44868 2038
10866 3336
51658 27408
31399 40381
25202 29892
39640 7840
51714 14665
19447 8454
19673 40285
17495 36378
24042 2570
4584 28212
43794 21228
6674 8608
44638 36780
20133 9868
52770 15145
11304 8860
5976 29788
13598 36428
5820 23138
39104 7784
51978 3150
5634 29104
45442 20536
53497 37182
53497 27386
38576 34730
53498 39541
53498 14675
39754 29714
53499 4419
53499 10348
19671 41423
46040 40773
52856 36260
13320 48156
11926 35
19543 23500
12806 21112
51 23538
53500 32710
53500 27302
19497 48990
53501 11074
53501 2736
26758 34302
51816 2926
52896 49132
6524 29492
51780 36306
32171 34406
45286 3014
26434 42129
25942 20624
53502 11304
53502 49034
30441 21724
10656 22944
52542 48040
23992 3466
24058 9102
24182 726
53503 24837
53503 42175
24612 48840
38910 34982
45804 29926
26374 33974
39794 42569
37420 22290
53504 18979
53504 42025
26318 42437
628 35796
26252 40753
53505 11413
53505 42027
17851 49778
31625 34448
32151 9580
52464 14893
11474 8918
53506 53482
53506 49434
19029 23350
43772 16055
490 20716
24528 33962
5932 3318
10914 14941
44880 8616
38088 40403
31101 21768
26844 23454
5342 35184
39268 35468
18599 46824
50692 15949
4370 43213
20235 30134
33261 9866
18363 9444
4054 41873
37426 33726
17919 7994
45826 30190
17343 23534
18569 7702
53507 5617
53507 8030
6198 28100
46392 36258
32873 42581
45182 34368
4770 42329
31049 42061
10816 43121
53508 12845
53508 1786
51046 41207
6734 40857
51100 27746
53509 10813
53509 36512
24636 34016
53510 5797
53510 3244
51560 9728
18161 48450
46138 41419
50928 7962
25618 16523
37966 41735
53511 12911
53511 42733
53512 36969
53512 35224
33497 3706
52498 15241
32101 35540
25124 243
25886 3232
38554 42161
17567 22744
39818 34548
32189 40389
45244 34304
39524 34030
11148 9026
44984 15535
53513 6597
53513 16299
25058 8956
50862 22474
33265 35700
31909 28370
25932 35708
12656 40585
24980 28536
30729 10388
18277 1354
12802 3782
19939 49234
30871 41525
38762 7602
17237 42575
20117 30020
20051 27372
19053 7402
38508 15571
44870 49096
53514 37968
53514 23038
18353 41499
50834 42953
11544 41913
53515 37599
53515 40515
46530 47310
52288 7808
46342 21644
18765 2488
10814 42807
51904 41099
38946 15184
20045 7324
11174 47718
4006 47178
53516 37997
53516 36724
20265 41749
39462 1242
53517 40197
53517 48242
37080 27680
32511 48352
51788 10206
6140 35118
31259 2404
26568 23504
53518 46039
53518 9856
152 49240
31265 3468
19259 16341
25138 41413
46266 978
45160 33942
33165 3240
52948 36488
12860 15311
18763 49336
25938 43001
11960 47936
45786 8180
45134 14735
13612 43033
53012 49652
37848 14913
25286 27914
44926 14709
4746 10338
46490 16563
39418 15967
23984 30170
51452 40623
50092 9478
25270 15743
53519 13500
53519 21842
20309 16203
44734 49064
18623 47306
46344 41547
32005 34306
44086 34620
30469 35166
24268 3622
25464 47716
18761 28174
32579 10268
53520 4111
53520 42565
12958 14995
26122 359
4940 3092
50226 47252
5552 27414
26900 15151
32827 14425
53521 26239
53521 40269
11164 42901
23898 14919
26466 10028
51244 3344
19739 16053
33249 9496
24114 8910
46186 36462
52226 14387
53522 11941
53522 35378
32697 22512
30867 48906
25532 9212
20197 846
38156 35386
37164 21610
53523 18616
53523 1374
17983 2626
5036 29222
4244 47110
52932 48260
46308 28582
33111 49614
50686 7618
578 10110
31881 22750
13408 36412
32275 11
39022 36158
53524 13601
53524 29172
44438 34672
53525 44926
53525 41441
52224 48138
51518 29250
49940 29100
53526 5239
53526 42647
5372 23458
4320 10282
51686 30178
39034 34796
53527 483
53527 9380
51428 16565
11530 34318
53528 6379
53528 22792
4828 21646
18303 2646
19653 29816
26364 23150
53529 37138
53529 48176
12186 8584
10886 48338
6758 47228
11246 30126
52858 41909
50750 27880
26590 47570
38982 21486
19317 29738
44446 30118
6080 7814
24600 9472
30545 47516
26140 48012
24624 23522
638 2320
12998 9408
13564 34464
30823 35084
53530 4067
53530 8904
20103 7538
40030 28300
53531 4889
53531 41117
53532 24829
53532 27534
19225 2114
53533 19814
53533 49670
25108 20542
19565 27810
4942 16697
37918 10078
32033 10100
18613 43103
18329 40375
25192 16391
26112 47072
43626 7696
18019 41939
5978 20636
24922 40233
12286 34266
43708 23282
24838 9418
53534 13315
53534 8954
10746 3584
26322 48154
33329 8674
53535 622
53535 30050
33351 3141
45760 9280
30713 41239
45184 35024
51828 21750
19903 34416
51360 29586
50778 7290
30911 35034
25740 22456
37604 27538
24702 21318
53536 4893
53536 8164
26146 16753
17737 8480
31331 49266
13056 2060
39442 16609
26558 40405
25070 21860
31105 46956
53537 11205
53537 1940
53538 13866
53538 3010
37074 34840
37512 49168
39874 28642
5248 49594
37562 47106
50314 23602
13100 28468
26326 15075
17323 47810
44960 48090
4454 1858
11042 1200
18501 14981
53539 4267
53539 29160
6098 28594
44556 20712
10640 28046
50810 8700
46126 28810
18779 15419
24546 22144
26006 48208
13562 23158
44018 22752
6426 49346
52070 41903
18263 42899
53540 4977
53540 27416
32105 22828
52102 49212
6432 7398
51832 22328
30789 47638
11662 16287
52194 2728
24382 9988
25426 1888
24766 41919
33281 40435
6866 14039
30601 34256
53541 37391
53541 41071
17365 9824
11862 27422
51202 48720
17521 14467
53542 10607
53542 9672
18003 27802
53543 38559
53543 1044
53544 30478
53544 9354
24986 40963
11936 28608
18283 15271
53545 39305
53545 40467
53546 50314
53546 14241
39860 41219
50302 35320
38872 35536
53547 13681
53547 3032
53548 44161
53548 35074
24924 14765
25256 185
53549 20235
53549 2084
26066 42275
38570 14285
38608 10002
38646 21148
46124 8964
52314 9726
43938 41465
32329 36490
45808 1914
32255 1230
53550 7040
53550 1034
53551 3977
53551 16849
51902 47992
24484 8322
53552 6651
53552 48422
24216 47712
44036 16607
6090 47696
25796 47926
12518 9606
50702 1948
12594 21626
53553 4608
53553 21684
53554 6579
53554 48296
32011 49198
17211 15131
19785 8070
50936 27664
36972 22040
33169 27886
50904 28040
30529 15153
17529 49654
53555 44186
53555 10118
11114 35652
53556 50239
53556 47752
53557 4842
53557 13
53558 37805
53558 27770
67 8826
53559 30393
53559 377
52676 35078
23950 36082
25764 41811
44154 40283
51450 15319
6350 1966
53560 6235
53560 16909
43478 1870
38852 1042
53561 38910
53561 409
17477 8154
39848 15863
37302 14999
19071 34034
53562 18938
53562 2134
26902 42167
40016 22246
19859 22665
6566 21990
70 15497
52634 47626
31213 1824
53563 30392
53563 13893
25100 40621
32491 7956
37330 3040
52180 20532
53564 33351
53564 7668
51666 47182
53565 33034
53565 27376
17955 42853
53566 50768
53566 1898
19871 16699
24690 16815
6852 35106
5206 33666
25916 20556
25428 27896
5658 9014
44978 16583
19407 1616
30813 9234
5480 22812
38550 29808
53567 37327
53567 49662
18195 28528
38376 42577
52416 3702
18513 29096
19293 41181
44614 49604
37444 23166
44574 9670
30681 2280
44544 30212
25530 15619
33331 42523
4542 20580
17897 27754
39278 21512
53568 13621
53568 20886
45818 34374
32833 2920
33157 22782
37398 10174
33437 40991
19823 29414
25322 41831
45506 3572
53569 24136
53569 21672
52730 7540
37394 43177
558 9648
13524 16463
37126 14835
482 7306
44324 42997
24732 28624
24424 27374
52548 22596
31643 40355
26284 46814
18243 2598
24648 48162
39896 15961
13572 36316
53570 39548
53570 8266
17879 20858
33143 42655
30949 21814
53571 6517
53571 14857
4522 36470
26100 14623
6954 33740
19307 20530
11522 2640
45404 9810
17331 22948
53572 17944
53572 804
44550 9662
4734 48076
11574 16
44712 15671
52534 8284
38816 46746
25210 9956
53573 567
53573 21524
37860 8136
50612 29426
32747 47458
37072 15609
18199 34810
31131 43301
37108 16599
24760 22384
13348 47404
18167 14849
37712 9636
46160 27870
4598 2836
5216 2062
53574 4378
53574 2694
39694 48258
37496 16211
13228 21972
6828 22156
31193 3454
39992 14881
20023 29438
25254 49548
6506 1759
53575 5171
53575 40825
46480 42539
5624 22500
50476 23300
19399 28612
5000 7922
24972 2492
46134 41599
51380 42083
4944 22234
17463 29046
25542 3586
53576 30419
53576 40757
33161 49758
52746 35820
5818 35066
13420 36744
19173 49740
37870 28016
46062 36768
37232 14851
38292 16059
24892 28656
24056 30220
30639 35218
51950 2436
24564 48936
37408 1944
32237 40601
37680 9826
19623 15417
38076 43263
6240 3242
52708 29488
38148 22022
20123 28986
12124 40925
51660 14
4526 15391
17911 23558
53577 10678
53577 14193
51030 29378
26714 8610
30933 46906
6826 23636
53578 7078
53578 42537
33093 15513
33177 2090
26008 30124
5872 14557
45742 29446
37314 8662
24144 16655
53579 616
53579 27716
50130 41727
50186 7924
26582 46704
19787 41007
39572 16491
50166 21772
39380 41029
53580 53230
53580 34086
12608 28414
39704 46964
39400 14525
53581 39625
53581 42607
23922 48904
37658 21992
11086 8332
4126 8308
38894 29408
38950 47255
13226 35602
18083 49556
24616 35612
11040 35958
46538 49570
53582 6175
53582 36530
5580 14065
39922 16913
4408 7360
17993 712
24646 35590
5330 2574
37382 41681
19459 7470
51724 28134
32383 36210
53583 11649
53583 16643
5526 3112
53584 38213
53584 28346
39890 14091
13096 29242
45558 29990
11658 35542
46466 35096
5884 15231
6860 41055
51040 49206
38150 36778
18345 34870
30743 9104
45294 2768
12146 42267
4492 23344
17727 43009
53585 12199
53585 29958
25418 22784
50554 33736
39988 13927
24310 35954
37640 34930
26586 21983
51528 47680
10872 13929
26524 7934
52192 28994
37724 33918
25922 15019
38472 8936
11870 28712
50730 41563
502 3156
52184 28844
26638 47154
50028 2358
53586 19428
53586 35006
11448 20970
33487 42349
37786 10136
39348 1404
50922 2104
53587 18268
53587 36344
37930 14373
38996 29776
11428 33680
19161 28826
51784 21884
45870 30096
52206 16693
45322 48104
52084 41741
53588 24228
53588 2082
44810 34162
5488 23188
24196 2610
19525 15183
44380 42583
51772 28842
20313 42685
44598 15367
50032 369
18519 22682
50700 47820
30891 42547
43616 16807
46024 3796
5506 40367
37448 27200
39312 22066
32807 3164
4866 13935
37688 14405
18371 34370
12774 42195
24834 21024
53589 31536
53589 10058
53590 44152
53590 20850
53591 46612
53591 34210
12662 30048
44796 22954
26702 10126
52256 8930
4516 49574
17959 43141
30777 22158
6824 21232
30807 8512
31463 14899
50042 8652
39132 27428
5886 42331
3980 29208
53592 53454
53592 41049
13616 15279
6948 3754
45912 49140
31845 21824
51156 23720
46262 2072
45380 46712
3996 36498
33227 47582
17523 1022
5250 29106
53593 13557
53593 29122
36934 3574
53594 4339
53594 41501
17989 34852
17337 36420
45240 43221
4236 3716
11372 36542
38060 48398
4886 10162
24406 47034
43910 14235
12218 23496
17967 34586
53595 527
53595 35046
10732 1862
53596 44743
53596 20560
11122 9402
13184 3194
12172 10376
53597 39256
53597 3740
32169 7358
4024 104
11716 27572
52128 40397
6466 8408
43620 49766
51534 40347
50960 8442
51934 28382
44290 40561
5124 972
5008 48862
24348 29118
40020 40969
17809 10117
45664 2290
39336 22258
19735 48288
50494 2528
37774 40513
25828 9678
5520 42883
25474 48790
606 35640
53598 24591
53598 28006
4366 16265
17829 14255
50292 14099
46058 34058
18101 1760
43576 36556
53599 12221
53599 9052
51536 15243
30885 21230
38116 42163
6576 14749
26468 21006
32047 40683
53600 5615
53600 42835
46104 29072
17723 22236
26408 49184
24152 34908
12688 46884
11120 8080
31305 8402
32701 23536
12874 34700
53601 12125
53601 22080
20263 8944
46370 36666
51496 27412
17653 936
37308 40387
18823 1496
53602 44226
53602 20702
53603 26531
53603 47912
4294 22572
32679 22094
3988 21082
45106 22232
10994 48188
37412 23316
19271 23024
6606 15781
37142 34834
38716 13971
18067 29236
51232 20646
26726 22410
19011 8088
46492 42963
51338 41793
53604 50472
53604 28586
53605 5886
53605 38
38908 9694
5596 41421
45122 48394
608 42473
18687 1596
50024 33984
53606 10789
53606 34212
12276 8320
37628 41249
43880 21734
53607 20184
53607 42489
24238 9849
12072 84
19375 23098
52350 48804
46510 41311
49994 3002
53608 38722
53608 14775
17589 9972
37254 15315
24314 49820
30973 187
17217 36186
504 27588
52574 28204
38960 9466
26386 41875
13578 1108
26730 42089
53609 44315
53609 9798
43916 1758
12250 47424
37460 7708
19683 1220
53610 5375
53610 16107
45352 28076
39254 8716
30771 21182
37538 21124
11798 856
24176 2534
5112 1814
6794 1270
53611 5467
53611 27974
53612 611
53612 43109
31997 21586
51406 41809
20209 29384
17315 27930
30651 2520
32035 10296
50732 10026
4616 8588
19535 28882
44756 28248
53613 33551
53613 3606
39686 8504
6844 42221
52740 9206
45862 28774
26478 40905
38320 7528
12212 20852
19309 46880
45242 47654
452 49252
39062 3476
4342 7448
11470 42949
53614 45759
53614 36002
24342 8680
32031 16937
38796 49054
6654 7410
32141 8224
6720 22446
53615 31460
53615 43105
52038 35358
51470 28104
39516 28320
33311 15845
11554 49774
17791 16343
5530 1450
6472 768
53616 26269
53616 16869
44878 29698
43470 47788
26038 43063
31219 29054
4348 47118
53617 13083
53617 28440
53618 26913
53618 40665
53619 33444
53619 41089
53620 37671
53620 14361
45224 8546
49996 14589
12396 21940
31119 1970
5866 14831
44834 1384
30577 21406
10684 48190
24302 14729
25858 34398
24686 28054
39158 14401
25646 8742
44644 36194
38504 8758
26830 35524
12894 14225
6070 14637
50858 23554
24670 34294
33013 9138
26912 281
53621 52168
53621 40713
5352 8502
37388 48262
19929 33814
45704 16851
10836 16359
26242 46786
33039 1874
39496 47244
32543 2872
13596 21392
51640 48522
52690 47512
17557 36178
13636 48230
53622 25571
53622 3260
6424 41149
30515 43303
37174 21378
52040 22480
43982 36516
53623 26952
53623 21578
13622 34766
32851 36114
53624 25450
53624 49544
53625 38348
53625 16261
38748 3108
49992 48384
12858 1094
45192 33846
12376 27478
39076 14167
11476 28422
53626 613
53626 48112
49952 47914
13606 10306
4474 49446
11736 23000
6560 47952
38710 41817
32257 41255
5002 46854
38934 28914
53627 11235
53627 888
37494 1330
5828 14922
25232 8316
25410 42681
26744 48636
50300 40297
20239 49418
50856 34114
11730 16221
26194 14649
18651 2668
24744 43043
5172 36624
25472 47532
13544 7500
31985 15341
50054 730
44534 8174
51240 2748
53628 4521
53628 42587
39492 40415
53629 24401
53629 14761
17225 21690
50436 47298
52336 1132
25814 23600
38842 29622
31263 48470
46230 47994
32595 33896
25342 41511
50170 40517
5462 3322
44804 47730
31321 49316
31239 7816
18419 15735
38810 20874
44490 15489
6878 1882
46368 9498
33347 3178
19265 22324
39094 27756
25784 48740
43756 36564
51802 1838
4226 3278
37610 42757
11262 47776
53630 32196
53630 47904
10654 43169
19149 14383
44906 10266
37784 796
39736 7998
53631 45699
53631 20952
19921 3536
12048 36090
30963 21964
52808 15993
12474 43155
17385 20594
26090 40939
53632 6239
53632 14605
32907 43183
11342 1518
46288 35650
53633 39464
53633 217
10582 14459
39338 3204
53634 25189
53634 23258
32941 47572
18525 21916
53635 5951
53635 27854
12792 2698
44648 47606
18699 16297
25050 40859
38350 29860
43466 27292
53636 6906
53636 18
25834 48578
20029 2182
51506 28928
17675 7648
53637 20379
53637 27212
17747 15333
39498 14777
50542 41717
12684 48316
53638 27003
53638 850
39696 16921
37056 7570
20165 22716
38240 41291
44510 36264
31061 8762
32555 36216
5200 29068
53639 33648
53639 35976
39248 3426
32767 16601
4990 29778
24890 42165
50600 14403
6372 20782
12074 7964
5244 3364
53640 44453
53640 40893
12370 28484
37760 40551
53641 33333
53641 48558
31417 21780
25676 43299
12884 42639
19933 20904
4644 2978
17965 41827
5656 3472
49966 301
17907 3414
13410 48634
23916 22218
25636 14433
51448 41261
12922 33758
5492 46872
4830 49416
50688 41737
53642 17736
53642 48746
596 14747
24968 40311
53643 43546
53643 9296
510 23478
45594 1398
46214 3526
17779 9452
53644 5583
53644 48544
26394 41157
19451 28332
53645 4073
53645 15519
44110 33818
12560 49466
11816 15275
52262 22994
12468 15793
20013 16269
19097 8880
25588 42361
19995 29000
5888 16425
5166 21688
31287 2554
37682 20776
52620 21760
52302 22250
13238 29928
37194 33844
39692 7408
11026 8432
13388 41109
19793 28358
19723 23170
53646 50949
53646 22538
17553 29110
53647 6132
53647 36554
5890 7972
50452 48670
44678 28504
50328 7820
18607 20568
31375 23328
19883 9996
50402 16003
26720 21608
6638 14389
32549 13985
37940 35588
18545 1104
52940 29200
32473 49106
31251 47060
18411 41263
46032 28290
37852 29600
32921 27672
38384 2544
12328 42375
550 14263
4894 23548
37198 29086
6092 35056
50118 22438
44688 10074
53648 26873
53648 41575
53649 31334
53649 15655
18975 14269
24166 2643
45756 40463
38192 2880
612 36220
39480 47326
38782 28650
53650 19076
53650 35388
53651 38988
53651 43281
12796 41081
26458 48326
37004 21636
13080 1102
53652 11616
53652 47844
52884 35658
19443 27691
26240 36480
53653 24607
53653 40933
4624 40941
5158 9172
46092 15787
37190 41033
53654 52287
53654 34706
26308 1254
10938 36732
45900 49094
53655 4519
53655 14825
24634 16369
53656 32579
53656 35198
33117 3400
53657 4381
53657 1468
26612 982
19253 41561
5972 14547
53658 18754
53658 16121
25610 15181
44108 34878
11420 29340
38194 15577
46296 23360
50246 28446
44600 3774
51074 35502
53659 37495
53659 22866
38744 41079
4823 40425
33209 16827
11314 27946
38578 34754
45894 41893
38344 9306
12514 1856
5664 43159
45020 34278
52796 28910
45226 16253
13580 14671
26044 20742
32977 28606
39614 30036
37238 41277
6502 48164
5508 16517
37152 48782
44700 784
52370 9520
38062 13997
52684 8530
26506 28688
25746 28398
24212 34372
23982 42043
53660 24371
53660 36452
25632 34384
39448 49146
13158 35890
31045 28734
11200 265
39708 8692
32627 22648
6094 3382
45838 1268
53661 18006
53661 21012
25354 3676
4230 43091
44456 33968
26608 47218
46072 14493
31381 36602
5662 36638
23806 47520
37554 34048
4100 9434
6596 35434
53662 6153
53662 29296
13176 22038
5620 7350
53663 33537
53663 43279
11486 40705
6228 28364
30475 22558
46406 15471
30921 48476
38992 8280
53664 43645
53664 14871
53665 6861
53665 10054
25924 7766
6302 7424
51750 2510
53666 11925
53666 49596
18589 9038
53667 26983
53667 28672
39538 48640
53668 30770
53668 41275
32173 1570
19299 47148
46280 22906
6960 20680
38114 1164
53669 37760
53669 932
12612 28878
37044 3258
26102 14823
12520 16345
11766 47354
32403 10140
53670 12875
53670 3274
50706 2422
4766 35364
31979 42951
154 3288
26152 36478
31691 42793
43984 34546
40014 41259
32541 29334
17305 49224
18899 15121
51114 20630
18567 16509
31587 3602
18971 22930
46144 47944
45276 22826
51028 16779
45638 1192
52176 43115
24716 15907
19537 48226
44012 10256
43944 36212
51488 23560
19719 16399
25244 15529
26442 43099
52188 27960
30899 7954
19003 40873
53671 10781
53671 29522
51460 14841
25804 3490
44988 49674
13654 10200
45918 21930
51026 27484
53672 38651
53672 27776
46410 13917
37258 3228
45722 48914
53673 25356
53673 27266
46060 15685
46340 1110
12158 28452
44394 35258
53674 36844
53674 34382
53675 23895
53675 34484
38090 36464
33057 21954
17749 3100
39886 16367
44530 980
12962 23590
53676 51428
53676 283
53677 31314
53677 21974
18207 47682
13340 35748
52570 15575
26192 49382
18481 21170
33213 21062
33045 34334
5246 49562
37402 49588
4436 2342
53678 18802
53678 15197
30443 14609
43504 40667
11722 23032
6480 3792
30587 20872
53679 18724
53679 14247
24408 47340
32159 27848
53680 53352
53680 15465
38806 14317
19151 36776
19791 47708
11576 29410
38416 34886
25778 49036
17661 2956
3912 22294
17549 47946
4928 8176
23872 28294
45694 22884
25728 3678
51130 16949
33029 42819
32481 41595
43700 866
53681 11014
53681 42603
45480 41863
53682 45448
53682 14073
46216 47746
26860 46772
18265 27570
53683 26956
53683 3396
43856 36252
18671 27752
53684 643
53684 27462
53685 53516
53685 35500
10862 47706
37058 36328
39082 337
53686 4221
53686 7746
53687 51846
53687 1916
24038 28192
53688 4855
53688 40337
31859 48054
30965 36012
45738 15791
18181 9126
53689 5201
53689 700
38314 16569
18749 42995
24012 22008
32829 2800
49972 7322
25528 41067
38668 2762
6136 15501
4496 14201
18681 21314
44634 29214
31945 23592
39090 27460
43726 15641
38284 22610
24022 7952
39628 9140
53690 53554
53690 21298
52838 34786
46212 28022
50240 33944
26414 20598
72 16695
12388 14811
24394 49420
18635 28340
19465 40543
11462 35716
19759 41915
44338 42041
4462 1400
594 48334
44284 9902
6128 40209
24266 1290
6772 47724
53691 50745
53691 33674
53692 13702
53692 1152
5328 1954
32857 10142
51348 33868
19743 14437
37490 34556
6024 15771
44184 15987
50342 299
12000 40895
33321 8752
5668 1996
45606 9786
44252 16629
26790 46766
30679 15913
12154 7300
32087 48332
51982 23384
46046 40555
18993 22904
25696 49060
25010 48726
50974 23464
32815 21434
38774 49580
53693 452
53693 14883
32899 21246
45060 9876
43512 1548
30893 40771
53694 11349
53694 1390
13358 33910
18895 2494
45904 2944
25064 30144
39518 2218
6714 48274
12268 28256
52186 16207
12920 42645
18593 41867
19647 1442
53695 24445
53695 16611
19369 8526
46364 42263
19449 40293
20219 15413
53696 11200
53696 41739
37956 42693
39226 2136
5916 8440
50482 29994
12814 48136
25960 29052
38544 21886
39994 16939
12916 42879
53697 18588
53697 35846
6578 23242
53698 24945
53698 49264
31437 7506
17677 47628
26256 22288
11608 48456
30525 23090
31527 22748
18921 49258
39650 1134
53699 11665
53699 1640
45746 29404
6792 2338
18299 14651
53700 53252
53700 30128
24232 29674
38300 16163
53701 6236
53701 15761
25134 42171
52532 1446
53702 19865
53702 21570
4630 7770
12982 16515
37974 46826
18583 28148
10902 21504
43706 17150
46242 15765
53703 26702
53703 16103
4820 36450
44792 47312
31721 14489
12426 15411
46322 14143
37166 15245
39428 10228
51248 49498
4838 21776
13134 9778
17943 36440
53704 51134
53704 48574
53026 42491
50438 20748
19187 1586
50598 23586
19573 34912
17485 48744
20299 41085
39534 28186
53705 50897
53705 36332
26188 2624
24150 2564
53706 43962
53706 22724
32075 15443
11708 40309
31055 41797
51096 27916
11718 47166
25992 43095
50996 28214
52756 14657
19605 29896
53707 31682
53707 29280
51916 48632
4416 29390
53708 653
53708 14303
33325 15693
25742 46874
53709 46615
53709 27480
24454 2202
53710 19676
53710 22270
26448 27760
25046 2242
53711 6669
53711 7490
13110 21374
44664 8740
73 28822
32529 41203
37856 36150
53712 44129
53712 1236
46328 7422
6150 28496
31155 27728
20009 15041
5950 14165
5110 40593
25860 49414
12284 27642
53713 12641
53713 1776
32801 36772
50640 28352
38208 7898
11904 9314
12192 8168
6586 28832
25544 47000
33373 10258
30581 33835
37932 47508
19489 826
3956 3044
33149 10170
4412 15239
33301 14603
4350 33746
37730 27230
51018 8380
31123 23418
37886 42979
46522 23078
52748 15163
37770 21220
53714 51518
53714 10062
6818 23490
37678 28052
32979 48048
12766 23502
52778 20602
53715 38074
53715 3772
18235 36320
53716 26511
53716 15253
52422 28932
30917 33670
45116 47580
33383 1604
53717 43453
53717 1154
30395 36472
20201 23336
18851 20968
45304 48580
18983 34648
43678 22402
39172 8830
53718 19165
53718 49664
39258 34596
38830 48958
51896 28458
11214 2616
44466 14295
53719 37285
53719 8838
18919 42945
33279 2782
53720 4875
53720 47934
39908 9966
39402 16249
542 33798
30939 14421
43850 21464
44616 36764
25128 42697
53721 18124
53721 40737
12484 41683
51940 35128
19331 14009
53722 39663
53722 3682
4716 41761
37186 49280
53723 4177
53723 21254
20301 1228
39810 33706
12906 2730
53724 12681
53724 41605
53725 624
53725 106
18477 15561
44668 229
53726 26840
53726 35002
20287 15453
19767 34480
11286 47136
26088 2652
24024 41877
500 3438
52650 47270
40000 35724
13428 10226
53727 51096
53727 27407
45082 15327
52352 16585
44078 7450
37960 14063
11290 9526
45130 41977
43648 41953
33387 2120
44220 2340
53728 51332
53728 41733
17647 1118
53729 13868
53729 2450
37040 3000
3994 28322
10756 47122
11036 22466
45384 8162
5768 42985
50376 15691
44228 2714
31023 1538
25125 27552
53730 24198
53730 8844
30769 28944
53731 11581
53731 35012
170 49312
31751 14645
26842 41899
25988 7992
19089 29510
38552 48346
39526 21896
26368 3090
50766 33848
44660 836
46026 23248
44536 9338
43680 42787
6796 35616
32013 27544
12372 2950
10718 14979
45114 49538
51740 29386
33455 1720
31361 8036
33481 33938
24120 34748
19209 3286
53732 43548
53732 15667
6190 21714
20041 1018
53733 46586
53733 8366
49930 29608
13558 48178
30643 36522
45426 41335
11234 7932
52450 43007
53734 44787
53734 48022
32947 49342
30641 2112
4390 1408
12628 858
11990 48858
24368 1990
53735 32141
53735 16483
26202 34974
44956 27254
26396 21804
51648 34526
53736 19670
53736 34310
50336 22524
12322 41901
37048 41955
53737 31527
53737 407
32523 810
53738 26860
53738 40449
52914 27918
26544 35476
52842 16703
31107 42543
53739 5911
53739 758
24174 28760
53740 18993
53740 42659
46408 23042
4570 16143
39844 47850
17369 36620
24534 7970
5496 8110
53741 31045
53741 34538
4084 42427
52058 7656
32965 29610
50408 36070
5148 28748
53742 25609
53742 42871
39234 47370
53743 32724
53743 28686
53744 53645
53744 21340
38058 42351
31339 14943
5370 9024
24138 29564
23904 40875
4592 35506
11112 1610
39920 14259
17383 22542
39016 7774
51738 7880
39222 10440
32867 15179
53745 11555
53745 8124
46118 22858
50840 42965
45678 3168
53746 4009
53746 47454
51184 34194
19065 20922
26436 49254
26526 36686
32615 49732
53747 6081
53747 1526
26400 974
4938 36334
37324 3510
12980 1324
44674 27702
37550 40769
32779 15141
32819 16647
25112 15389
20199 3718
33217 27348
17571 22870
39210 33998
51446 14183
6262 22794
12700 3004
52764 8958
46176 48240
33327 9148
4234 40879
53748 645
53748 1580
17361 1028
566 41579
26824 30204
37266 48118
38386 22002
53749 5241
53749 28242
26416 28652
50798 23102
39372 10072
44508 8488
39390 2798
53750 13643
53750 21956
44312 15673
45030 9766
51702 47624
53751 18112
53751 14521
52436 22518
630 3272
19863 16477
24558 7794
13354 46900
43536 8642
53752 5585
53752 28130
31549 34636
25180 42407
6394 22778
37030 36714
52132 22224
31779 35738
24002 36758
32961 27370
45046 27634
53753 5310
53753 23366
18829 23492
24244 49790
31461 9200
44026 22592
4618 3342
43702 682
30709 34570
32185 2832
37980 9710
19669 42355
3934 16011
12490 28762
25062 35968
18349 3522
25158 48890
50448 8422
17407 36424
37926 21422
44342 9124
25330 16319
31697 15099
38548 41627
13070 22120
13418 1566
17699 46742
26628 7386
33061 1938
32575 15991
37090 16083
6642 35532
13620 720
39036 27718
6520 22522
10878 15101
5666 48052
50200 46876
39056 22248
43610 22786
44716 2518
124 36644
30561 21278
4076 14017
53754 56
53754 16325
51616 21840
31311 21598
53755 4347
53755 42455
39108 35372
53756 7178
53756 47574
4272 321
30635 36288
32219 23236
44472 35810
53757 53560
53757 213
24072 42315
562 36706
32809 7616
53758 11522
53758 2266
10592 41651
5384 1636
10704 9090
38356 894
24550 29526
24162 41265
17583 3264
30579 28180
33005 23018
18617 22228
53759 4807
53759 41409
52696 34806
52424 41641
18255 1036
13018 46982
25468 7296
37296 3500
31581 47966
53760 19301
53760 41417
37594 10242
12698 21238
38634 21346
19607 2398
50806 28808
51032 23386
37034 27156
10770 35822
6276 34778
43554 15861
45902 27732
37530 14203
32721 22894
45800 27486
25228 36408
6810 211
526 16781
18741 3506
11580 28912
32099 34172
12926 28904
11316 47222
44646 9708
4946 16149
39138 49022
53761 50971
53761 33762
31991 7420
44386 28640
25952 21120
17813 16841
25686 29968
10580 29350
38962 27892
38770 22348
5182 35450
52122 41597
30999 36558
38346 7542
6266 28550
53762 19164
53762 36314
51326 14347
26560 3034
6076 34102
24806 28658
50224 34220
17787 16493
428 34514
31499 40597
32949 14481
46180 42157
24696 10260
33085 9300
32437 41661
30945 22928
31001 7612
39302 15479
50726 2946
11652 7858
6916 35632
18465 9486
37206 42909
4266 48514
4564 42053
53763 17440
53763 28404
18309 49512
38828 42933
31851 27920
24720 15233
24140 48216
53764 45833
53764 42223
5862 42849
32377 29064
11922 48268
32393 41883
23990 34850
4430 47916
52384 35168
37782 42665
45026 16911
31421 30010
53765 39940
53765 40553
44396 7790
38876 28080
46284 33704
53766 5257
53766 29756
53767 32078
53767 28758
32077 20710
39096 47924
44106 3600
12834 22664
18551 10340
26130 1328
53768 6828
53768 303
37874 3366
12206 1632
33493 15069
51882 14181
458 49660
53769 5643
53769 33748
31113 28534
39508 2618
30613 9192
51230 16159
53770 10681
53770 49004
32745 46800
45414 8172
24770 1142
30653 7502
25268 40447
52810 7342
45736 15567
39354 28488
12538 41435
24888 10134
51444 27796
53771 13689
53771 2214
6370 3418
18133 42911
46416 48488
52000 41937
53772 18694
53772 40357
51356 15599
4952 29312
26768 1608
52590 34522
45050 22604
53773 11234
53773 40999
24996 7680
26076 29462
43812 3712
43796 8414
53774 32303
53774 34422
53775 24266
53775 48170
18493 48886
53776 6411
53776 41871
5690 14743
37780 43319
53777 53525
53777 8992
26430 41325
25026 35960
25488 16043
17545 9294
25294 21736
45400 47480
32585 30186
5096 35950
5052 16673
53778 612
53778 47690
12762 21004
53779 32854
53779 9656
17329 844
32931 28400
53780 13339
53780 8960
25030 14441
37360 47078
50034 47450
45906 48438
17679 1614
25362 49250
32633 8186
53781 31882
53781 36572
39616 15203
53782 18344
53782 35756
43668 35498
53783 6810
53783 7684
38700 1704
33223 22176
13210 16785
17351 2916
31057 28018
53784 24573
53784 9196
53785 6350
53785 8872
20279 28998
32617 3448
51094 15393
51178 10284
52616 9740
24708 41851
53786 503
53786 22796
31459 14917
4826 36096
37750 41371
43716 14561
46348 21852
17963 15917
44966 35298
45188 35496
53787 18718
53787 16671
32109 22164
13004 42533
53788 11125
53788 28644
52714 23216
31563 21752
45346 8144
10552 29854
39664 33906
518 41447
52198 42725
50896 790
51930 28820
11516 1816
53789 44383
53789 43077
50552 29480
52890 16075
53790 18416
53790 40913
53791 23879
53791 7978
11696 23552
462 14219
4304 9828
10666 42937
32475 15255
50508 29114
11694 2116
45574 42889
17409 16353
31553 15045
25318 10022
4108 48714
45342 35706
18191 2238
39166 29528
53792 38762
53792 29352
4470 27950
25048 28780
50212 21478
31883 1530
46170 7316
32673 16797
32885 34050
50456 47814
19192 29264
44406 2132
53793 32450
53793 9836
53794 652
53794 1396
51054 1002
53795 6359
53795 3630
13504 42423
53796 30613
53796 42447
32441 20924
38014 34682
560 14581
24756 9586
50566 3346
454 41975
53797 12953
53797 41477
37740 8746
53798 38473
53798 49014
53799 4805
53799 21068
38546 35042
53800 18678
53800 10294
53801 38197
53801 16071
32841 21076
20077 21070
38636 7534
53802 20400
53802 1692
19221 30132
11882 20958
37028 46920
45604 29692
50306 1994
24300 35692
53803 24322
53803 9910
46112 8026
53804 5907
53804 28244
46542 2174
32469 714
32187 14519
43784 40837
52970 8870
52204 1336
12272 22128
12018 23026
44784 41365
39370 9278
12420 48630
53805 32581
53805 47190
17725 36246
52108 23117
53806 4883
53806 49714
50866 21976
39750 47898
488 28838
50740 7418
26310 47594
31783 9130
12442 47014
5376 8236
32409 2586
53807 542
53807 40883
11850 41453
6096 36650
11808 46796
17933 3302
53808 583
53808 15235
6968 1438
39638 9092
4566 15821
53809 33531
53809 8654
4008 27162
37668 48212
53810 13081
53810 22398
25984 14367
45514 36182
6768 14595
53811 50268
53811 7906
30683 9018
23882 28418
39562 20796
44612 40699
38370 34196
30831 36404
51254 47876
49998 34342
46178 8590
50938 22498
11028 47738
51082 49052
31181 9626
25956 8426
44874 29040
6724 29846
30699 3436
4290 43069
53812 12958
53812 34
6340 7704
4106 16549
440 14477
45230 800
33419 15601
19615 34260
31229 22436
53813 6825
53813 43201
12930 15905
45666 47874
11986 48752
19969 35472
52738 746
53814 12781
53814 1096
44112 36106
18227 9880
11596 48836
11738 33856
12984 41159
12498 41337
44504 10276
18485 3276
36996 2092
52528 23334
45420 21454
18563 20938
26618 21614
39582 8492
53815 50166
53815 23028
51418 15875
53816 51854
53816 15867
52698 10220
53817 13579
53817 1258
17245 7738
5316 30086
44294 35348
30437 2168
39212 36672
32981 40791
53818 26673
53818 2346
19353 10312
25132 48220
11116 43085
46210 10144
43582 43179
6590 694
18015 1498
32445 9346
53819 6147
53819 20558
12314 21282
38880 23122
12014 20572
53820 10745
53820 8814
18591 21081
6840 42293
39398 23202
4536 15217
11110 2406
43866 41981
45002 27832
19733 7352
50284 7446
6704 8836
45652 34934
53821 46606
53821 7564
52522 23256
32425 48410
31009 36146
13468 22735
53822 53790
53822 40719
31797 3208
530 36154
18529 2720
19527 28738
26206 1156
33305 22494
52612 49708
53823 33569
53823 40439
53824 18304
53824 29220
13274 15523
5986 1584
44866 27274
53825 11798
53825 28156
53826 32409
53826 42477
18261 16963
4212 393
11438 40685
38984 8098
19731 7498
32749 9190
39676 21114
38532 988
53827 39649
53827 41373
4156 28202
31027 36304
43588 16411
422 29274
19931 33936
45550 35626
53828 18912
53828 8628
25296 22998
17359 15729
6048 41487
37442 2250
37958 15951
4810 36380
19077 15639
53829 53069
53829 28060
50256 21208
37202 832
5984 21850
25068 22096
53830 39051
53830 3174
38476 9984
52798 42449
50280 49000
12944 3148
52592 27600
20307 47006
31959 35262
17279 3058
50826 7336
12210 27500
23936 13895
6478 27894
23966 27888
13116 34442
37002 14787
53831 11662
53831 9532
25388 14839
17401 36604
32423 2716
37262 7732
50676 15851
25524 47100
53832 6395
53832 9540
53833 18818
53833 9340
11374 48426
18437 35896
50270 34020
53834 52230
53834 34728
19893 14307
39246 42345
49950 3494
37734 34202
50368 47800
43808 29592
53835 13607
53835 14911
11742 7510
25194 35754
53836 26991
53836 29872
19797 42319
19681 35902
5270 1380
26488 42301
50720 22934
53837 7022
53837 976
24956 22082
13602 22570
52324 2936
38092 14213
31171 36008
24958 34670
37052 21986
51758 34726
5536 49540
19507 22302
33289 48424
37990 27554
39542 29430
52900 9700
53838 26150
53838 2416
18119 27418
4502 21320
19277 23112
45010 46718
11066 40911
4836 27682
10990 47232
53839 26982
53839 49772
44356 41565
18295 7516
18285 15137
52216 42191
12140 1620
53840 31596
53840 1666
52032 3380
50888 9242
37130 40795
18933 35492
38366 33694
39466 9334
11920 23426
4124 9170
53841 7244
53841 10068
12978 14355
52586 28970
4852 15937
51422 35220
51912 16743
5338 48900
25272 10192
18175 34652
53842 33316
53842 14117
31337 14037
37606 27464
19385 20670
53843 3879
53843 15077
26172 7904
12198 33926
37710 1100
10932 20914
44590 41949
10724 7912
18841 49228
44758 27646
45164 42917
50850 1532
33303 15259
51824 49310
4258 3312
32707 1224
25502 42443
20031 16363
11972 15813
19559 33880
33309 49812
52920 23238
30739 21284
32211 710
53844 13097
53844 40947
25478 9602
5046 14663
33501 34956
39998 3098
50464 29262
37104 21668
13212 42141
53845 129
53845 41865
31533 3376
25040 40575
53846 50653
53846 27182
32333 36704
13098 3580
25372 41569
32661 49638
25326 10278
6122 16153
50824 15999
20161 9010
45274 41539
31955 42247
39814 15531
24576 34562
24068 9934
53847 4823
53847 14601
5612 30152
53848 44621
53848 36036
5910 16591
52172 48222
50512 15775
45658 48718
26086 21168
11024 34054
37916 48788
44008 10238
13146 29906
5998 14275
12340 36046
19371 36034
43448 42081
5080 23208
6162 3270
53849 31479
53849 42599
25914 9220
13306 49326
53850 31783
53850 8448
37858 27210
32699 34122
6318 22680
6656 35196
53851 25280
53851 41285
45590 14025
44786 42525
4050 14135
53852 39640
53852 9218
26880 22966
51944 46816
50804 706
25300 46850
51700 35610
45824 27878
38618 41047
24054 16241
31591 9430
51632 22296
19963 33682
26652 34312
39204 9802
32265 41381
37590 16649
13652 29822
12880 41353
51548 20948
51344 34762
44030 3326
37374 21038
52154 15783
23934 34792
50178 48526
53853 4919
53853 20764
53854 17809
53854 14821
20315 36594
24570 34626
3976 47114
30463 15309
53855 5275
53855 7756
50338 23380
38312 28920
12380 23132
5308 40943
11170 1434
51364 41307
32570 47492
19755 48310
18307 15007
5292 49622
6848 1918
53856 10739
53856 22042
53857 6813
53857 47684
46462 15511
53858 52842
53858 28732
19749 41397
53859 38176
53859 35346
19875 28694
4898 10004
52096 35126
17705 49210
53860 12929
53860 15611
4846 42295
53861 6119
53861 41753
13156 41669
31203 2434
24936 49436
19359 1680
53862 5354
53862 30014
25864 47484
11968 36614
37520 27636
53863 25979
53863 20780
50822 23270
53864 5259
53864 23130
52960 35134
52962 29974
23838 28166
18861 8510
31395 41833
4402 8242
53865 53749
53865 1922
19503 14047
51778 3080
5776 3024
53866 13281
53866 15695
43574 7686
12722 46832
39048 1730
53867 33169
53867 28620
30691 21130
53868 36970
53868 48870
53869 27005
53869 22722
30987 23542
12648 2086
12800 41803
17621 2632
32797 22758
46004 42579
37384 29966
20137 21074
30881 40485
13642 35966
4270 36398
5786 1492
30961 49770
52380 16335
53870 25388
53870 96
12678 23330
51642 34640
32621 28126
4420 7762
52584 29422
44224 3190
32789 49400
32209 8038
51798 47840
5116 9980
53871 38692
53871 397
18479 35974
19017 2820
5432 3316
4476 36120
26182 42669
25390 42741
4906 14559
44130 47258
11536 1008
30774 40207
31391 40709
26176 48370
11996 27678
31747 28870
38244 35774
18833 41097
24898 2738
12504 21822
39340 9974
53872 53624
53872 23322
12778 9922
50414 40845
50228 3648
10998 3254
39672 35428
25518 2924
45394 34650
5404 28408
5322 339
51976 7832
5878 41621
20281 15087
5714 47882
39710 8950
53873 49925
53873 20890
18011 34512
38436 20762
52010 49568
25640 14845
13406 48712
50728 49796
20259 30256
6984 15213
53874 6735
53874 1358
32973 2686
53875 4182
53875 49020
5180 47474
50698 42111
31775 48642
46450 41571
24542 20618
26254 3482
26198 23450
10616 1992
32521 1346
4148 48330
46502 40471
5028 48402
46048 13913
46254 9210
50138 7894
52086 47670
538 35714
44210 8592
46346 21482
45390 21312
53876 31075
53876 22178
6036 42357
38836 9952
17795 1812
13316 48552
10622 3518
30731 28664
44826 2440
11902 42385
53877 46030
53877 35840
11188 41759
51060 3556
44806 47584
18397 1650
53878 11481
53878 15883
39872 23022
36988 7758
44420 1016
11482 33928
12118 21190
12780 9788
37100 27704
25844 27338
45768 15431
17425 3530
24654 8888
13050 47964
4142 1746
25106 30250
45828 10190
5546 35140
10754 20684
38184 20634
11282 16651
30633 14713
44236 8518
10676 28930
11778 20566
25584 14015
26776 21256
51302 23044
53879 71
53879 28742
53880 18699
53880 10302
53881 25543
53881 47940
45138 49630
53882 6247
53882 16971
53883 32949
53883 29044
38494 34250
53884 6866
53884 29496
53885 53752
53885 2710
53886 4822
53886 28318
39546 27630
20319 42721
17953 10104
18771 1426
53887 44662
53887 279
18815 3206
24094 42495
4666 27576
30533 15747
32631 42541
12744 16641
52448 41591
30555 48246
19955 9992
5582 35718
53888 4794
53888 9366
17295 14097
26490 28342
19245 49566
18323 1366
24698 10186
37880 29246
4738 41237
44278 49278
52614 9796
39986 3474
50534 48772
50296 2852
26728 22138
33345 14127
53889 45985
53889 42519
25634 35782
24274 48362
53890 38035
53890 49226
32623 47798
32877 28112
31539 27222
38026 29342
17275 20666
10904 10224
26040 40349
53891 4777
53891 41785
19717 3798
51744 42861
53892 5031
53892 29982
31383 16429
32589 7892
10882 343
30549 2582
53893 19491
53893 2928
50116 22990
44928 35664
30711 28744
53894 5891
53894 48204
37096 42775
51166 16285
11380 47260
51198 2858
11348 49736
19153 49084
37482 80
6448 16091
5622 10392
24948 48016
17393 8240
51922 48290
468 16747
19137 42973
53895 33347
53895 22850
26704 16543
11450 30084
53896 19328
53896 9506
6014 34882
45518 8118
18355 21022
19551 46782
24914 10182
11962 49640
13200 34578
51464 22074
26344 34180
50934 23626
24934 34400
32501 22124
18447 14563
32945 40861
13330 49008
37016 27310
19919 41379
19401 23162
50372 36262
53897 11285
53897 15853
25066 40571
51768 48604
53898 52127
53898 35188
52556 29190
12034 49318
36946 22746
37214 3462
18735 2408
44484 9342
11098 41891
53899 18631
53899 27398
31951 14343
30591 41439
53900 4007
53900 41999
4104 42039
46148 2594
53901 33298
53901 23100
10794 48414
12110 3698
53902 39848
53902 13983
5294 9628
50814 16259
50622 14959
4052 1682
44024 21332
45126 30082
43758 23250
19435 14565
53903 44069
53903 48392
51654 2938
13016 47860
52530 48874
6736 49202
43468 9500
5904 8966
38502 40417
51442 7330
53904 43602
53904 20
19851 36238
52024 3386
49990 1128
53905 31985
53905 21204
5840 15155
51776 14283
46002 20754
12808 7650
53906 5135
53906 35410
11640 41941
52824 49108
53907 43475
53907 35424
32943 36766
4360 34932
32361 9820
6074 35328
26866 36198
52718 36056
37934 40505
44732 27382
430 20586
5474 29686
45032 47502
53908 33050
53908 2838
17841 16499
6594 49406
30519 8788
50358 27494
11430 28886
53909 36950
53909 191
6888 34264
53910 10677
53910 23618
43568 14625
52328 23332
31545 8684
53911 4830
53911 21656
10838 35606
53912 11289
53912 1348
53913 19418
53913 15351
39752 47764
18729 46912
52918 2754
19721 2318
420 23004
11514 9468
53914 6394
53914 293
5798 7724
53915 11206
53915 42241
12828 15973
53916 11260
53916 42459
31669 36168
50712 28206
11272 43247
11480 1668
53917 52802
53917 7530
19937 15657
45992 35850
51300 15067
17443 3566
12552 28632
45484 29088
53918 39036
53918 14985
32497 1180
39862 49148
51216 35788
53919 17316
53919 15759
39126 2030
11914 36060
18685 2310
18509 9068
53920 19412
53920 14305
53921 51832
53921 14577
37714 43139
4448 3412
53922 18812
53922 1150
12130 36126
52580 49396
130 16605
37364 29082
31179 21266
50516 3300
46456 34004
25152 1370
495 33874
32121 16977
44070 8396
53923 522
53923 2690
45866 15569
31593 22888
51296 21404
37242 9908
6856 15377
23976 14795
12590 14397
53924 52436
53924 14253
46074 41355
38648 9174
44996 23406
17227 49810
53925 43800
53925 108
43524 49450
10828 48252
53926 17978
53926 1962
12122 28698
26534 42683
17363 10094
39386 27498
53927 5647
53927 28216
32671 16715
5450 41687
10642 35862
30411 34424
30645 20584
12742 43037
11710 47588
11046 42091
52822 34132
43992 29116
50056 21536
53928 33571
53928 2878
24494 34186
37832 34176
11016 28240
11492 9256
46022 36508
25324 46732
38066 36080
39630 49012
12162 14007
25366 2188
38022 48920
37456 9442
10790 7828
31351 34230
5084 15953
6678 34092
436 47772
52114 36004
25454 27322
44524 49606
46316 34832
53929 10676
53929 327
45852 219
39144 49688
50616 8392
24836 8756
53930 6969
53930 30042
53931 18826
53931 47128
50272 8462
11546 16833
5184 42117
53932 37575
53932 42753
26178 49362
30787 14209
18183 49520
13498 203
25838 1176
53933 608
53933 21904
45646 30164
24588 7382
24512 14683
11964 1880
44056 34252
50884 35604
24862 16317
53934 26965
53934 43197
51670 7504
30405 1066
53935 40103
53935 35436
46232 41339
18633 36312
53936 6541
53936 33920
53937 13489
53937 10050
33259 42961
23908 9776
53938 25403
53938 47466
32507 3786
50330 30102
12386 35380
20317 29338
53939 7027
53939 28938
50046 1574
33235 36038
11830 46842
39740 47206
19789 27358
53940 46411
53940 43251
17249 48908
53941 50032
53941 8648
38118 10196
20125 48014
24846 34926
45270 7608
17587 34158
24304 48206
4518 36180
38558 43049
12526 2516
53942 37087
53942 34702
26324 40653
20093 15021
5014 42671
24596 28374
43958 46960
18113 34830
46164 27698
4072 40703
6418 998
46084 22472
25102 16727
20187 2642
11762 21066
17207 21868
13474 9098
38202 35740
19747 16451
53943 572
53943 47104
18149 23436
51796 15971
520 40881
32321 1202
17473 36250
26868 23598
634 27708
53944 19369
53944 49899
37896 14803
53945 31841
53945 2930
19889 16885
43868 20840
53946 46605
53946 14399
50924 48702
4642 9688
20269 42131
25136 22670
19093 21188
18117 23462
39188 42045
19517 28874
53947 51070
53947 15579
50350 42471
38564 27318
53948 50440
53948 15755
25122 27430
26706 22844
24652 3064
53949 131
53949 34812
26574 14457
18819 20786
53950 32177
53950 14571
31683 40501
43906 16683
17743 41479
12618 46740
43604 1988
20067 29500
12738 16775
53951 5611
53951 14313
31781 22162
4102 27988
39850 2848
53952 20164
53952 10324
5068 15893
52062 7846
53953 44433
53953 14497
17541 42431
51572 47002
17291 3200
52298 3424
51140 43171
50756 28836
19283 33908
33403 23048
44552 9512
52228 41549
17319 41457
12446 3618
31393 7476
45526 7536
31185 41861
31787 43051
51462 9738
50572 41431
23816 47292
23962 14431
53954 24147
53954 21658
18173 49730
44414 16891
53955 20132
53955 40509
52996 28604
53956 6506
53956 860
50532 35210
39856 21494
53957 51919
53957 40793
33503 16917
19641 3320
6634 21428
480 15157
18813 910
11022 34184
45698 42983
5736 47674
19337 28788
52268 34510
4980 27814
5100 34074
25492 29764
51612 16973
38892 47960
18781 41593
13082 48852
23920 14013
31737 30122
39980 8025
53958 24782
53958 27838
52598 29890
51276 41433
10660 49534
26746 49482
26914 35048
6152 9884
50582 994
39092 27684
37842 1972
17681 35510
18189 22602
53959 53652
53959 29888
24894 47672
45016 48798
53960 12905
53960 16007
53961 11652
53961 1311
52716 42761
46206 8342
30505 41053
53962 53060
53962 42127
44262 35852
44384 16989
18197 15473
17479 48218
32267 10112
17505 48292
6124 34750
32559 15321
43438 36274
5928 28082
37406 7554
44860 1826
12054 41403
53963 51058
53963 1728
33319 35992
4672 7532
38378 48078
37776 20860
53964 6699
53964 16965
12464 46790
53965 30581
53965 14485
50944 2496
53966 514
53966 36162
38016 9680
52694 15189
53967 18290
53967 40317
13160 41685
53968 25125
53968 1040
11942 10056
38938 15283
53969 11922
53969 14381
43674 9188
24066 7760
51564 29724
53970 43984
53970 47618
31823 7412
19099 22970
68 41349
18105 16365
3982 48092
53971 11251
53971 2824
6040 8358
53972 10896
53972 8962
26190 28542
50954 34964
53973 18237
53973 48036
24240 9830
19343 7414
6870 27394
32015 40931
50576 28704
31607 22654
10788 2810
19847 23120
24714 15495
53974 13711
53974 1790
18751 15625
32053 27604
53975 617
53975 29302
5514 43245
24990 27272
37626 27876
19079 42531
19263 7482
51102 1534
11406 22010
39084 21272
20221 36384
33137 34052
24124 34676
45542 47498
44182 3674
4248 9530
25664 48984
31157 46702
37746 27806
23968 49374
30479 28354
12076 1088
13166 30214
50378 27906
12454 27578
4558 47806
5692 40839
476 2964
45578 23196
10586 2212
5382 43223
26812 8976
49958 49516
45108 792
39902 9084
25042 14237
17999 27724
11134 36116
39124 28786
18461 34344
24362 9564
51086 15485
18515 9584
46234 3756
53976 24755
53976 15929
31183 952
39934 49058
46418 35456
18421 2130
50490 29142
45452 35830
12354 9962
10850 1204
19519 48238
37732 9732
19155 40279
53977 5704
53977 8376
25224 42633
52540 2536
5324 22314
44126 331
12096 48344
26888 16459
12374 48494
11774 15617
24390 9258
51636 41837
53978 17941
53978 14739
25216 36076
33047 15257
32505 48994
18949 1278
52312 27154
45500 20794
4604 8386
32997 8100
17623 29800
25732 3390
43538 34634
32665 22146
26204 21694
32759 22020
5958 42817
53979 17308
53979 36152
53980 5666
53980 42829
17793 20608
37294 20826
38936 29364
44000 1630
19199 1674
43798 49172
4250 16109
17895 35758
38572 41001
17377 7594
32283 34572
32395 22984
18111 28102
11222 23086
51752 22774
31233 23030
53981 20029
53981 47176
38514 40557
44830 49376
3968 7458
18129 20800
53982 52459
53982 2464
53983 18484
53983 34952
51372 29144
44770 35694
51368 35362
51288 16861
18619 22550
10578 15627
11952 9844
5320 8774
17599 9022
24864 29652
36938 9914
44820 7772
53984 30483
53984 48146
4404 22354
38664 30264
18533 20906
33421 16979
38778 16623
38712 47496
33491 27640
53985 51276
53985 8832
43770 8536
44754 15049
44704 48838
12606 20964
24974 49136
32915 16465
39780 28600
11414 2722
6912 7918
26648 8318
53986 24647
53986 35236
19943 15211
11624 46774
43476 8562
53987 39484
53987 40977
52342 15635
53988 6468
53988 1474
50548 403
6490 15725
39030 16137
43780 21642
13136 15557
53989 5853
53989 14575
51110 49692
52780 42087
43550 8200
18807 16357
6988 10318
25072 8724
53990 51631
53990 8824
18719 35508
39944 29576
6686 9040
6496 36050
45472 8780
25164 29626
51076 42723
38028 8640
37272 47438
50926 41385
44440 48946
31933 16245
5120 2540
31149 30052
52646 22992
25560 41069
19533 35422
26692 16199
52588 47526
31613 16931
52504 15109
26716 42507
19207 14711
6832 40539
24896 47042
31843 48970
18511 28084
53991 32336
53991 2758
30527 27928
52788 33894
39446 21710
31173 27172
31609 27966
53992 53058
53992 21782
544 8596
37086 1778
45042 36
24610 7796
12782 15637
37644 2006
11456 48834
6600 35828
38354 49542
53993 53871
53993 14417
33181 48682
45428 21712
52938 41241
18557 2740
19633 2602
50852 27476
18931 7374
53994 43999
53994 2240
5232 49030
39450 8568
53995 50432
53995 1848
32519 29760
20171 42777
5938 33690
18839 30088
53996 24628
53996 20544
50556 13881
18507 3708
32675 8430
53997 52890
53997 49394
6858 42105
23842 35280
53998 40091
53998 3352
24164 22464
18753 16855
32821 46972
45490 48508
53999 10905
53999 47578
54000 4863
54000 9112
43540 29562
11312 28806
19611 23604
4256 13999
11748 33754
31365 20856
5772 9474
38388 7938
5790 22642
12638 10314
54001 38643
54001 237
52712 28142
44272 41845
25482 956
20205 14527
20247 47714
39728 35922
30559 30106
51516 42261
18705 15679
36920 22394
37986 22710
25580 9562
38228 34160
26026 1690
46224 28306
38428 2784
11958 34826
37914 42769
18375 28334
26314 22416
37014 29210
54002 7081
54002 20654
50182 48600
4752 29120
13338 387
32339 15039
38970 15613
12810 8382
50326 48122
6248 35770
54003 6162
54003 9950
54004 45905
54004 820
44908 40799
54005 53335
54005 21498
54006 7024
54006 3176
54007 430
54007 35816
51790 41659
49938 14345
26272 22686
46360 34286
39602 47276
44640 43111
52660 16177
13356 33728
51998 48540
5406 16709
38296 40647
12136 43107
43810 15267
12364 47856
44930 30094
38412 15405
44572 48050
6204 8374
51952 23082
43976 23140
24928 42497
30943 34468
26876 42411
37866 41713
52232 23244
50466 27308
6680 14227
44146 47900
4934 41933
45934 29670
18877 2766
12616 28824
38952 42709
33033 29108
49986 16131
54008 46610
54008 7824
37954 934
5680 28092
46396 34440
38932 8594
54009 31411
54009 3413
4128 3356
37236 9792
32727 40729
38268 2316
32065 7644
26654 772
54010 39222
54010 9323
24532 2718
36936 33840
5924 15697
52630 49306
23892 48818
54011 25587
54011 1326
32835 8496
19279 23144
52880 8894
12270 7908
5280 48360
4080 870
6194 28954
33035 1634
52870 1126
32711 28280
18597 9930
54012 657
54012 21098
38106 2706
39924 40465
19013 7512
4512 15879
38606 20896
4446 15111
4478 46834
11452 7334
5812 46898
38400 37
45474 48966
5062 29638
30927 35182
17531 29128
43672 16685
45566 42475
54013 44698
54013 42631
30851 9058
54014 5881
54014 23340
37704 371
52388 48114
26594 20736
51524 10184
24802 27268
31589 28568
45946 36204
11934 22318
18053 8298
46156 27208
52208 29838
13490 47068
11856 233
54015 19192
54015 29596
17635 15195
30733 3794
54016 18884
54016 42453
54017 49932
54017 1276
54018 6809
54018 49056
24000 27610
50854 3246
19479 49370
38222 35802
38168 16843
25038 21580
4966 28454
39652 22696
33355 2418
54019 495
54019 36300
25154 3030
4326 48860
33293 35318
38598 47564
39262 47522
5544 22030
24312 47478
54020 25597
54020 47928
12278 3334
30473 3170
17277 8744
43458 22738
54021 53256
54021 15887
54022 46680
54022 1842
54023 5463
54023 22098
5764 29174
38728 36718
5448 36746
19675 48008
45206 21396
33479 28264
20303 48808
54024 26335
54024 48232
52978 49514
52140 49728
3910 34842
24792 8912
31947 41859
25930 47282
44570 42885
11118 20774
54025 12805
54025 2232
54026 7035
54026 22050
17527 9942
43822 43211
54027 31096
54027 46744
54028 53492
54028 9720
52036 23058
19677 2814
51204 28540
32685 13931
5648 46904
25944 21806
32689 28566
4444 8582
24328 23460
19157 10358
5470 23576
38104 23582
54029 44692
54029 20600
45444 1600
6314 9528
24250 33892
31021 42183
24236 35094
54030 53768
54030 2550
18573 22800
11998 7582
26800 938
32657 9032
43816 41161
18259 35762
31367 2868
52012 34170
54031 13680
54031 35458
45816 41995
43952 35070
6754 15469
45470 828
4336 27404
45006 686
13222 3180
50380 2860
13412 41703
484 40975
54032 43674
54032 30236
39624 14145
30701 36130
31661 41201
24820 1502
44140 40257
26282 22580
45178 41655
26580 48972
18561 48766
52218 49300
5458 9736
54033 44668
54033 10234
54034 17125
54034 33696
45360 48454
3940 22300
32919 1792
6556 7890
54035 46620
54035 47274
39426 22280
19907 22114
54036 38946
54036 40955
33385 21590
4296 34988
51286 14745
13246 1356
39678 20766
54037 6656
54037 23630
4874 2216
10708 42401
54038 4387
54038 34838
31675 14695
31925 47266
23856 48388
632 49216
13122 40761
11764 10160
31505 2484
44630 40957
54039 458
54039 42125
6528 40451
46294 3440
54040 20391
54040 30026
19115 42383
25320 22714
12790 14679
44650 47220
46274 1624
45782 29158
54041 18501
54041 22434
50648 3595
54042 18117
54042 22900
4530 29476
18393 21064
54043 46536
54043 7526
26388 34174
18521 21450
18517 35494
50210 2996
10558 9572
54044 51339
54044 15481
13566 3308
13574 16645
54045 20278
54045 1540
18543 34200
10996 27260
39178 40459
13170 2864
4490 40327
54046 53306
54046 29782
46388 43039
5898 47704
6956 2350
39004 29616
54047 11605
54047 16799
31377 14567
5912 1960
24860 49162
24096 782
45000 48434
5272 35232
12942 29130
33183 7674
4036 43093
54048 13462
54048 29060
54049 50410
54049 36640
5460 21260
24966 2314
54050 39681
54050 21390
39946 42307
5700 41779
5510 3110
13478 49112
36976 27456
39982 16187
54051 20136
54051 40253
50788 15901
33221 9874
6158 8338
43734 21202
54052 17237
54052 41021
36980 29624
4044 3372
44576 15451
50710 21488
54053 24055
54053 9894
43882 28506
19167 33802
536 34588
10918 21292
17223 3196
20217 43261
31323 47470
54054 5227
54054 3640
5188 47144
54055 13276
54055 102
13026 878
32503 8416
12090 2562
148 35620
31379 7364
45822 47818
32823 8218
19689 48096
12298 41489
18229 2922
17893 42859
12352 35356
18169 48898
31763 48322
54056 30747
54056 47804
54057 44603
54057 8986
54058 6155
54058 27692
10566 22058
43656 47444
12266 41031
45034 29176
53014 49334
54059 31131
54059 15505
54060 37825
54060 35618
5334 41755
39414 33742
44454 7416
43488 33824
44142 43059
24316 47836
46276 35778
54061 11082
54061 16057
50282 21322
37996 3532
45640 47524
4074 15115
37222 15325
44682 42959
54062 19443
54062 48554
45196 28622
45842 23142
17257 36548
44318 34536
6696 14141
38714 36022
44828 35684
54063 19309
54063 49062
6980 33804
54064 45378
54064 868
54065 19464
54065 20582
10858 23580
6484 2972
44986 35630
32273 48806
31739 47318
20037 36414
54066 19183
54066 47018
54067 40092
54067 23274
54068 7064
54068 22700
11506 7620
10734 43079
19973 20868
51860 13955
44038 41835
50932 3340
37252 36682
54069 50648
54069 379
18317 16757
54070 6216
54070 21924
25236 35970
54071 25350
54071 49398
11700 48534
25880 48926
17685 16867
52200 7910
31813 8042
53024 14495
39576 9976
52290 21156
31243 3664
54072 12962
54072 15595
32103 42989
54073 6349
54073 20834
31611 15629
10564 1480
33323 16877
52538 14599
31573 36610
54074 456
54074 15777
51106 40407
45602 33792
13650 7984
51634 42801
31511 27798
54075 30446
54075 33774
39218 2428
13022 2234
24396 14759
43596 2052
18153 41197
18293 22470
52234 48168
26092 1582
39494 29308
54076 6685
54076 15263
51132 23588
25660 7722
6636 40423
37288 35654
25716 28592
25316 16405
19505 16969
3888 1092
52564 15681
45210 35010
18999 21572
25908 40217
12522 16689
38820 21862
13506 15185
44458 16273
4654 15623
54077 24150
54077 8482
54078 51968
54078 8484
44080 33702
37022 34654
32479 9146
18801 9462
25114 30076
54079 12072
54079 8710
30919 46828
20035 23642
54080 43938
54080 49388
11402 29758
474 47702
44162 9814
20003 42365
54081 38968
54081 29196
54082 4815
54082 29066
11836 15649
32569 33778
4198 9132
38990 47750
26304 35176
46098 23456
18373 49722
6618 48652
52060 41645
13396 15237
45332 40359
24926 8500
31743 29192
30931 8578
19887 14239
30593 29294
25442 7622
5252 41897
13568 15933
52266 49680
44968 10090
25900 27568
39674 35570
18957 35826
25706 40363
10722 21738
6522 8064
13124 47842
37518 41721
5348 27150
52576 36634
53010 3656
39168 28014
33359 16557
12750 42463
6452 9008
54083 24565
54083 15445
54084 31041
54084 36072
54085 50913
54085 27482
51116 34042
6264 8630
49942 14137
5238 1974
54086 26013
54086 15979
4168 22106
11618 34496
13104 40411
54087 12017
54087 27562
19897 2934
51614 3428
32577 41443
39760 21838
54088 18729
54088 41
54089 44175
54089 29010
54090 37348
54090 34542
37586 46902
44528 16277
54091 461
54091 41137
45556 41303
54092 26351
54092 33834
12456 35766
5020 7982
31419 16205
33243 21164
17357 49232
54093 7053
54093 10310
12531 20578
43562 15675
5396 34790
54094 13717
54094 27956
31405 30068
54095 24443
54095 9056
6694 34844
51888 41631
37526 30240
45264 48562
39520 2364
24104 2026
54096 32631
54096 347
39680 28368
25750 49760
54097 12688
54097 23174
50518 20996
5810 3306
32875 35808
38138 14607
30603 22852
6138 8476
24960 21242
31257 40595
25682 47268
33477 48658
17261 10092
54098 12223
54098 2150
5072 46934
10834 9384
17759 27502
46532 10300
13440 35446
19365 48328
26530 27774
54099 31692
54099 36760
54100 51744
54100 28430
23848 23438
39936 42457
52720 16729
12816 8302
51786 15499
43736 34124
49984 41551
32991 29908
18435 14281
5114 41383
54101 46043
54101 42529
54102 17396
54102 46948
4784 27244
10726 10244
4708 16443
43662 42153
30723 8314
54103 32475
54103 8142
37228 10308
54104 26122
54104 41947
45382 36460
32227 16771
31223 23488
50646 1116
442 33882
37572 1310
4998 16455
43782 40591
38734 9746
54105 32361
54105 9821
54106 37280
54106 3450
51500 46730
44424 48962
50898 49066
38868 3094
54107 52594
54107 35076
31899 42209
26356 29850
44450 47644
12852 35892
32149 1662
32785 36690
11872 30006
528 2442
43608 41533
13234 40617
45880 14597
54108 38760
54108 43285
51556 34738
54109 39856
54109 3582
12550 15029
50278 22820
52260 34348
54110 6204
54110 9751
39558 8182
30501 16875
12030 14953
52668 14069
20295 27722
11892 14443
25568 2148
12494 13925
31659 16597
50124 1190
18939 9356
24194 14801
36966 28958
52936 21596
54111 5878
54111 35910
18835 2282
11216 48662
46378 1186
52164 43217
17381 23444
45096 21936
52094 15503
52762 14435
38338 1500
32205 35208
25166 1246
52830 47330
30833 13921
20015 28512
45424 9416
31855 49508
45262 8120
4756 16731
25460 23398
54112 50548
54112 43125
54113 51421
54113 47546
54114 49958
54114 29710
13510 16653
25786 7718
19649 36528
31355 21078
32513 47390
33067 14491
54115 12195
54115 7326
54116 11781
54116 2186
33459 8882
5766 23524
54117 13468
54117 36616
45898 9344
31645 48672
54118 13271
54118 36636
33059 14061
25840 29292
45754 36576
54119 53092
54119 42617
52276 3558
18037 36302
54120 45981
54120 41391
11810 2306
54121 7203
54121 40965
11478 47334
52334 3392
11460 28150
43658 9660
45774 33972
24504 20816
32193 35998
38822 29946
12366 21880
17391 14445
13282 28706
50128 740
38302 21294
44296 29424
50988 48644
38342 29584
11792 16031
45878 47414
19163 357
38406 28888
5832 2020
33003 29368
39332 23104
26822 8248
44918 14415
51400 1872
11728 41617
25084 23062
18165 21362
5022 23226
39604 13945
53000 41359
18695 28898
6464 48272
11370 22406
37600 41951
31657 49572
6182 33922
51164 28228
54122 477
54122 46706
24388 42915
45094 7432
38844 27216
19439 2512
51234 40971
31871 9534
54123 50333
54123 1514
46366 10024
54124 53904
54124 48592
4926 30202
4802 16619
24544 28348
32777 8406
11868 1004
12248 49330
33205 36310
10742 21176
33041 9488
33135 9074
6884 27530
30889 41633
54125 18579
54125 28588
25782 21832
13476 7844
5842 48386
46496 8310
54126 38519
54126 2846
54127 18800
54127 7754
24870 46838
30575 2982
450 9764
11340 16824
12056 34518
6346 9546
11704 2620
4912 754
4274 2752
12934 41057
54128 51028
54128 3132
6776 10218
51664 1432
39996 21048
54129 5865
54129 1956
31165 16313
37118 9134
4184 27700
54130 26985
54130 29612
51284 16033
172 1762
23888 10232
5392 47918
20215 22854
38152 29988
6726 48922
39374 21654
54131 23821
54131 15959
54132 26966
54132 7654
5980 9968
13304 36322
18643 28032
33389 15401
5076 3266
470 15705
26708 29572
45086 47394
20231 35688
33113 35980
43954 21686
19981 47486
25156 34616
54133 36945
54133 42369
11568 42119
18151 3784
25948 9928
45990 40929
54134 13553
54134 3250
18313 41459
49982 27198
24852 47120
25220 9142
37922 34808
44122 27942
38404 14897
54135 46593
54135 36774
25734 47112
37132 1734
54136 5399
54136 42809
54137 18957
54137 14619
54138 25829
54138 49426
54139 432
54139 22660
11906 49530
4670 34986
54140 12565
54140 1560
45078 47602
4012 23368
25896 41587
17771 27614
54141 6249
54141 48822
54142 52560
54142 27166
17255 49348
54143 31488
54143 41751
38916 34520
5750 9310
4562 9794
37122 48254
54144 18078
54144 21948
18203 42417
54145 45286
54145 8456
10624 22790
32287 22982
43440 8854
18667 8158
5408 35576
46184 15981
32289 27958
32937 33716
50236 8656
54146 54110
54146 22780
25684 42311
5094 1362
18177 34584
38198 30226
19463 27970
54147 4345
54147 41463
26050 28198
44434 8290
51756 10042
38794 43273
31647 28230
54148 52008
54148 9842
43788 215
54149 37010
54149 47058
13218 20960
54150 25589
54150 1754
38878 42177
5010 33776
6508 41787
25598 35454
26266 42029
12246 40341
23834 29520
54151 20315
54151 49076
54152 53731
54152 49672
44702 27442
43862 42429
10584 2200
54153 6469
54153 29230
54154 19168
54154 8130
38776 34816
24844 47462
17267 47362
51512 46810
37686 23472
45458 35104
54155 46121
54155 40649
25832 42469
38328 7346
51412 41133
46472 41923
54156 17786
54156 40877
37818 8128
43730 29976
54157 18975
54157 14927
11994 22148
25462 30022
24366 33988
50150 22760
38390 1578
54158 24189
54158 9846
18875 21476
6570 16945
37498 10010
44738 962
13324 8726
54159 5249
54159 43191
32525 2630
52958 34008
37812 42399
25592 35478
20131 29662
5844 36068
12032 16811
38264 47240
12188 35100
54160 573
54160 22308
19951 22140
26330 42623
44746 30060
54161 6674
54161 28956
19869 16667
31795 40445
4646 14297
12510 2192
38708 42187
31137 27468
51792 48848
24288 40223
6910 48000
54162 52726
54162 47758
44974 29556
54163 54137
54163 34894
25444 3252
17619 21888
54164 39496
54164 34072
54165 12735
54165 36684
19777 35918
50496 40631
36968 46710
43876 966
13106 22448
43652 35394
50274 21174
44744 40211
33241 9370
13414 2420
44482 41119
24386 9004
37298 29676
52968 23354
19314 15651
20193 36166
51678 49352
5498 9906
25364 9668
19567 1214
6186 46734
5204 9378
4452 3658
19729 33930
43682 29314
37736 2400
25578 14573
4798 41731
12716 41185
37826 2734
44076 40731
50654 14333
24172 2882
52874 16489
31363 43275
51996 49528
12378 41935
54166 5828
54166 7646
50396 2504
4524 14095
26464 47398
6398 36432
52170 29078
31943 34950
54167 38939
54167 15541
39684 42567
32715 49616
6814 22912
25672 924
44636 21090
52974 40949
39586 36352
39228 9420
25662 14975
54168 518
54168 8368
45258 30146
4854 43227
13154 7288
18889 22718
20065 22122
54169 51560
54169 36366
4144 8138
30685 20956
54170 11856
54170 35464
54171 19797
54171 33750
54172 37381
54172 47872
54173 13169
54173 35226
39468 28828
12544 28590
44282 47296
38848 35952
54174 19842
54174 28380
54175 11508
54175 245
37690 42613
46132 14331
54176 33656
54176 28034
39198 36584
54177 4836
54177 9494
13044 22084
24776 14309
46454 2278
39764 34328
12316 33810
50068 14049
52526 35794
19085 43075
4506 16761
31457 1868
18767 3550
25894 40235
54178 37852
54178 34228
43518 35426
45806 16713
39186 34708
36932 46862
38884 15017
26528 21344
11672 28376
31197 42713
5364 41795
54179 5559
54179 2356
31709 22808
17913 912
11048 3062
438 3666
10772 33686
32435 1750
54180 17294
54180 33950
45450 43161
31103 41065
23804 48340
11834 3456
19715 16879
37942 36234
43502 35786
54181 31524
54181 48610
25978 1510
50940 29502
18205 34208
5864 13923
54182 33644
54182 34504
24736 43067
54183 24872
54183 48668
18341 47440
644 764
26614 20990
52074 47198
12242 35384
33295 46792
50980 9590
54184 11036
54184 21496
26516 15031
45716 10252
25608 34024
6392 34296
50742 42637
25950 43031
23946 15927
51238 48594
54185 33009
54185 35836
18121 49492
6550 16665
23948 28716
17687 33916
26281 43259
50510 27976
23886 2904
30421 43023
45954 22374
3898 9015
19835 27438
12896 49028
24630 20540
45784 40301
38562 21196
51398 14221
39314 14997
50748 47400
37386 8660
54186 43667
54186 29690
13252 46770
13518 1218
39274 27612
18163 27320
44554 13897
54187 11601
54187 7486
44964 21328
25612 41769
50364 21678
12566 14011
54188 39706
54188 319
17709 34254
19051 2180
30595 9450
46106 30148
11254 10378
45596 1984
13516 3432
45662 33932
45338 225
25004 14631
26548 30184
17483 3234
44840 40697
54189 7087
54189 28480
54190 53030
54190 47416
37168 10210
26378 8760
24906 29736
44114 22952
6434 8768
10602 48166
24774 29436
37672 10122
32957 15339
38766 10382
25572 9674
25562 2226
44914 46984
11680 36292
5792 41931
50978 2374
18027 27564
17857 34206
18703 27980
6148 28424
32199 27522
54191 19973
54191 7706
25378 9508
30935 802
13528 15683
44310 15733
26772 14507
31467 14121
18803 2666
54192 606
54192 9448
23924 15591
38098 8712
52394 46748
23866 42763
11946 16257
18891 13907
31953 36140
4254 21360
26126 28312
38242 27934
10952 48816
31891 23622
39770 49794
156 1952
44886 42251
26788 14067
30513 28178
10738 10052
11166 2760
5616 15345
6206 7734
17901 47302
25972 36504
4984 47660
4346 27528
17995 36618
18145 29712
10710 14077
54193 6317
54193 15603
54194 46495
54194 48532
54195 18266
54195 49356
19249 21942
38214 1698
54196 38190
54196 20950
13584 21864
39008 33688
38394 14211
12578 22182
30507 16805
19765 8160
25616 8734
12596 22306
19979 872
43964 27336
18209 47242
13454 47972
11838 47740
37906 21934
54197 51354
54197 704
54198 26964
54198 41451
19593 10098
26908 7370
25310 3296
4262 3592
52236 48336
24742 14115
19799 42099
38408 8722
20087 9168
30819 36606
18347 3238
5380 3780
4032 27860
17871 2794
17565 7720
44922 1292
54199 11694
54199 197
43922 3328
10762 40973
31757 9162
25036 36394
31585 20768
39024 9640
11320 48492
6406 43235
51920 30246
46486 41943
44088 22266
20153 2940
5226 41653
37286 7468
51918 42409
26828 1738
32313 9986
11702 15515
31919 1114
26870 22544
12904 16733
44344 15205
26286 21138
44214 15299
24036 42435
44854 36014
38136 16271
26462 15713
52916 34942
13062 22048
3944 8792
24578 35942
32431 29828
32129 49802
6022 22548
54200 5683
54200 48942
44258 48882
25576 22014
40018 2298
54201 4189
54201 47962
37992 9232
50902 2538
43842 42863
17935 34420
43498 47324
46250 27262
54202 5975
54202 28678
12384 16615
5414 49668
54203 4481
54203 21944
31409 27766
13140 28714
17707 42657
50202 23434
45584 21306
590 43323
39776 46962
6012 28492
12666 22110
54204 6927
54204 47824
11208 48722
44478 14611
38698 2532
12946 742
5852 27366
38498 49366
54205 462
54205 690
30655 2776
37800 8874
18125 27446
39502 36338
26690 14769
12222 30110
54206 26533
54206 36738
24874 48568
38456 49788
45170 33870
38588 28984
4900 40273
50570 35574
51972 40715
54207 50051
54207 46894
43948 20658
54208 5309
54208 49166
31921 14229
31835 8202
26438 41781
43986 48680
38658 34388
11152 27220
6292 22730
37318 22222
54209 31775
54209 35312
11186 1986
636 2702
39114 9768
45054 8808
25622 29284
45388 29240
38768 21984
12948 36324
46498 42425
30909 47616
54210 53286
54210 23494
24552 21104
18251 1444
37634 22938
54211 51082
54211 7332
54212 43884
54212 35886
54213 17482
54213 48408
54214 3908
54214 9438
26048 16397
6316 34576
43778 48812
37484 41715
17785 35978
51264 40429
13010 10246
39112 1368
19351 40245
11490 7480
13392 8886
31877 42739
31195 42063
26698 14375
54215 32685
54215 42737
26808 20644
19699 14929
31423 29244
32341 28472
50404 13911
38584 42597
13310 3222
50734 15191
50362 46756
43462 7356
6722 36032
51990 9122
54216 498
54216 23610
38160 29018
54217 488
54217 28548
24604 14667
5564 21336
39718 34684
51222 2834
51228 3610
25490 36736
4332 29830
52244 40987
37822 21774
45970 22490
33313 16247
39194 21084
54218 53988
54218 28110
4120 22186
50860 1904
12866 35662
12256 8260
5264 27226
50238 42503
54219 50451
54219 36218
54220 11902
54220 822
13114 15977
4344 28602
18171 47368
12966 21016
54221 6797
54221 48442
39866 1158
54222 44750
54222 15957
50504 35790
32531 16185
50312 9492
54223 53293
54223 3590
52306 23070
51050 35212
19913 8204
26148 29056
54224 6839
54224 27364
23812 21800
610 16105
44138 34936
54225 7230
54225 10350
44942 34776
30829 15963
31315 22166
17307 35982
19667 21826
24108 27782
54226 18071
54226 35834
38306 8090
4314 42907
32561 27632
4930 35514
24130 1850
54227 44901
54227 43123
30755 20604
17719 27190
5926 34898
12476 10372
46238 30140
54228 12579
54228 41819
54229 470
54229 30160
45948 49088
54230 44528
54230 40679
44218 16447
574 27868
50354 42353
51112 36214
20099 43315
5728 42019
3954 29326
52316 3690
51774 1136
12752 16701
6374 7320
39440 15355
11970 14757
37814 34378
54231 44173
54231 22026
54232 5755
54232 42749
11606 16461
6676 1478
24506 28010
11602 14185
31099 27900
18061 36040
52398 29454
54233 32629
54233 14921
6718 15435
18413 14541
54234 53605
54234 28766
5004 40497
38528 2790
54235 43706
54235 14725
4962 2106
33159 8132
52496 35238
54236 4436
54236 14903
26686 34290
20233 48342
54237 18113
54237 14273
51942 36716
24338 15841
33187 42483
37536 16013
38786 8614
52674 2152
31025 29952
11880 7318
4860 41957
38358 34146
54238 6638
54238 48044
18929 28708
13416 1402
46080 27334
18281 7752
31715 16853
18403 34984
54239 53925
54239 8664
12116 16377
5026 40763
38542 46818
39050 34214
32493 20692
54240 33241
54240 48318
54241 37483
54241 43149
54242 38205
54242 41483
25466 14681
54243 33420
54243 27204
25790 8528
54244 37530
54244 23008
54245 19466
54245 41269
10880 21456
52196 21280
33115 14271
54246 37021
54246 35316
54247 27011
54247 906
4710 15915
13512 15301
54248 40104
54248 20832
6052 48320
11106 28902
4472 14233
39812 41589
32795 28406
20063 43087
4018 42031
54249 556
54249 29996
38642 47784
19501 21748
54250 51264
54250 2198
52212 34972
18743 21962
54251 37235
54251 46994
54252 46
54252 49048
54253 44227
54253 49358
13610 20940
33063 854
52514 35222
39578 3152
50558 3186
52686 41601
54254 40066
54254 8670
6066 35300
54255 7086
54255 36720
52774 7834
37722 1556
32583 21744
13046 29346
37726 7372
4010 15835
54256 53515
54256 36540
19585 28070
44938 40255
54257 46276
54257 48058
12912 49296
31117 20770
32803 15251
18495 27972
25780 42747
32213 23314
25810 48626
45048 8478
45572 40693
32959 3026
54258 5432
54258 34198
31187 2070
50610 49484
13522 29418
57 48088
12804 49150
44900 46768
26848 47888
20107 43119
50230 21466
46448 22200
51334 42797
24324 1926
39592 27926
50114 2158
12924 34336
54259 30595
54259 3646
30913 16283
37580 8848
50658 33734
6056 29704
54260 24099
54260 942
54261 26406
54261 9682
51454 996
54262 53235
54262 40433
52296 1288
45162 10208
54263 25963
54263 33806
51376 7428
17985 49494
26036 1714
24762 49676
33203 22170
33215 10370
54264 24231
54264 29336
32137 9318
31313 35696
32463 48132
52432 1718
46240 29484
44898 36628
37744 7628
26274 34082
24682 8206
54265 39293
54265 48992
25480 41115
37066 28942
24190 8292
37188 41341
54266 11316
54266 22728
10730 3764
10922 41625
54267 46456
54267 40419
25096 2988
43838 21670
25642 20830
26676 16165
11760 49696
37598 40401
45672 48660
46540 42393
54268 45108
54268 14931
10774 35760
26604 35234
11442 48512
43740 42611
5302 34126
54269 53838
54269 47196
6358 8878
54270 37162
54270 3470
13472 35488
54271 5112
54271 14376
44410 9064
13352 27706
54272 54096
54272 16787
12026 30234
54273 38861
54273 2498
6298 36088
44780 22458
54274 54001
54274 40263
32461 29942
30467 28246
52854 27286
52600 15785
52202 41917
39412 10342
13536 1504
39830 35596
164 41573
51760 48396
45370 27762
33055 36710
18905 48174
37376 48244
19591 8444
11650 7860
38602 49454
38704 20802
17605 15025
54275 3898
54275 28064
11740 15749
44388 21660
54276 5010
54276 23010
54277 23894
54277 9900
51850 27326
11966 3732
6748 9594
38702 35352
54278 32505
54278 42701
12460 2558
54279 72
54279 34736
25774 922
54280 160
54280 34658
37438 7348
12062 1772
54281 51201
54281 7544
39142 21556
31447 20546
10892 16837
52818 35266
31929 35332
25264 14301
52270 43313
54282 45742
54282 42573
11588 41485
17251 48432
39610 2638
10596 10076
54283 5927
54283 42283
6324 29750
11444 28746
11064 16295
32135 41147
54284 43958
54284 29538
51152 3016
39868 36118
54285 13055
54285 35930
38520 49458
52898 42343
12748 35916
13150 33884
37362 9916
30953 42833
26032 14891
19243 28396
44952 9754
26262 16189
54286 26465
54286 9248
44436 16691
44666 34940
50478 48602
54287 45050
54287 14847
25614 28188
12058 41389
45962 29268
25536 1542
51574 35336
33251 30172
24722 34624
33505 33784
23978 9060
39714 47376
10960 22634
39116 28794
44418 9194
31079 29184
54288 44258
54288 3762
6846 307
44494 27510
32143 36094
46352 21786
25022 8010
10702 21236
50250 20992
50828 28434
44238 29374
50132 47380
54289 18591
54289 49532
19529 49156
24560 2046
46362 35268
26342 15125
43484 189
30903 48876
39782 34642
44774 40777
54290 50078
54290 21664
17447 14717
31917 7518
37470 42499
54291 50427
54291 40765
38398 36536
44740 48960
45890 1080
50586 15295
54292 6567
54292 40323
39626 42201
17355 21398
44946 1382
54293 20356
54293 2286
18837 22702
5698 35148
52148 20760
50882 28218
5974 3294
19713 22368
24210 20592
11852 8348
32055 34282
4498 16625
39334 34246
43990 41045
26162 9364
54294 5286
54294 9698
54295 45338
54295 1148
32551 29826
17487 7950
5466 9890
39950 41583
6444 28478
45978 48358
18991 30046
54296 26040
54296 3298
25920 35746
33077 1748
54297 37710
54297 47472
44958 23232
52470 28220
26862 14909
54298 54092
54298 47048
50874 2696
52930 1598
18727 3370
51270 14629
50900 48276
13438 49764
37500 40755
12164 21606
44274 42845
54299 6849
54299 14171
12582 29098
45496 2040
44604 42711
4163 27362
13172 34602
32045 41885
20155 10176
54300 7054
54300 36734
31515 47130
11630 35092
25168 22134
32587 34482
51510 35438
31215 3766
12686 8542
12516 49610
12044 7920
54301 7251
54301 1302
45356 3672
54302 38392
54302 48412
52980 40581
46422 16803
12448 30002
5996 14261
39968 7744
6134 41083
54303 13561
54303 27852
37054 8924
39954 22560
39470 1506
51568 46916
54304 50250
54304 28038
51306 36506
43594 1508
13386 23222
5230 28852
54305 45384
54305 15167
19645 29136
11754 35314
26004 20978
54306 13274
54306 28090
46488 1086
32893 42277
53020 35482
6652 40674
24200 28432
39636 40629
25196 28200
25538 40619
54307 26412
54307 47676
26138 9882
11732 1950
26078 3632
31729 48654
38626 28520
54308 53470
54308 14451
39264 48250
26898 9898
17849 21026
4328 16111
508 15925
30853 8420
24392 42229
25680 42403
12890 43317
17917 35674
30477 7524
23808 389
6746 36062
4166 46822
17439 47082
50770 7940
45028 49808
26792 13933
44334 22956
50406 49448
52406 28988
44174 1794
54309 31953
54309 7576
12094 35376
26700 16687
5936 47384
51158 49602
24438 14411
53022 15797
45144 14699
32243 33826
45840 47722
17459 1286
45202 42515
43830 28530
54310 10625
54310 16379
32249 34746
25776 23638
11844 40721
52544 1416
33363 8856
17303 22892
18709 41231
33001 16595
54311 43484
54311 16181
13470 16553
54312 53097
54312 49410
37446 35900
37026 23114
17475 27242
54313 46375
54313 15119
11192 28538
46440 762
6310 14543
54314 19611
54314 738
10554 29754
54315 11528
54315 21056
24458 15877
13002 34966
4158 23006
44180 41879
54316 25607
54316 43021
11020 8840
20049 46760
13148 35250
54317 12277
54317 13951
31605 21858
30957 21414
45218 34944
46122 23338
12168 1920
38042 3214
44836 10254
39154 29272
5418 20690
19223 42015
38870 27424
19469 36326
54318 32675
54318 47620
26288 42193
25668 41309
50682 1740
44244 27902
25230 48998
45612 28154
30847 8126
45498 27284
31031 20842
51552 14895
6790 1752
38460 9504
19659 14337
54319 6519
54319 22154
17543 10040
37410 27474
11038 9288
51540 29818
24006 40815
13240 34356
6402 48606
32775 43215
10636 21144
54320 4450
54320 41105
38272 29156
54321 4819
54321 15727
19193 2244
30445 48754
46268 16835
19873 22504
4656 40329
32929 35170
4316 42003
54322 18230
54322 8194
12360 7750
50446 34354
17259 14371
54323 20386
54323 33994
43774 49016
46442 28208
25700 1798
30717 22798
51694 28042
43572 9350
31141 7804
38004 15857
54324 18749
54324 48704
54325 44792
54325 40891
54326 24082
54326 42159
13436 49302
24568 46728
31299 41187
54327 4911
54327 10204
51532 9684
30481 3540
45438 7598
31547 49518
19803 35522
13542 21358
31209 46724
24788 42205
424 14365
50808 42897
46018 49270
11412 20534
31433 35660
12002 48140
11052 49380
19821 22856
54328 39346
54328 42123
38308 29456
24308 47172
5416 21426
144 722
43558 1272
54329 31896
54329 2584
45302 2774
24902 29566
54330 44590
54330 748
31731 40565
44364 47288
51170 42867
54331 33581
54331 3248
23862 35292
25090 27524
46036 47396
25710 21206
44164 15491
11848 15881
26556 9558
43592 47022
33031 9692
38798 14293
39052 28978
19523 3096
44158 30114
26760 43237
37472 35944
32369 34068
54332 11696
54332 46764
30977 22978
54333 26448
54333 49344
13364 29328
38874 15423
54334 52805
54334 36284
45854 48072
30631 16387
45152 46852
52844 35030
24226 43297
17777 36104
23956 3542
10868 43083
4000 30216
25918 47284
44286 23324
18159 16065
54335 13053
54335 36112
54336 5226
54336 36622
50382 14655
26372 15805
52782 15931
4916 2368
54337 38412
54337 29504
30583 28486
50416 42173
52702 8006
54338 46253
54338 27270
37246 48472
32625 36190
39758 15767
39100 48080
33107 47246
19169 23184
46202 3068
50886 23498
51004 14257
38324 399
39646 22576
19261 15165
5208 42269
54339 26805
54339 8450
5830 41377
19601 22640
6396 27236
52330 47338
5906 42593
6214 20686
31941 40525
46078 8560
52680 34864
44358 48614
17597 42521
30609 40537
39018 41609
38380 1428
12240 2600
54340 5719
54340 9460
45676 49350
12610 3430
52750 323
26784 28314
51562 34566
45252 27750
39522 29792
54341 424
54341 34698
37112 49526
54342 20377
54342 48458
12850 41343
51706 48776
30839 14570
46500 42225
26398 22284
44412 14157
43858 2078
54343 25664
54343 7362
45938 48466
54344 13338
54344 8066
51218 34710
51188 35784
25304 36434
25690 7574
51696 34308
44538 49546
45844 14935
26156 22846
52732 36696
26018 27644
19087 7294
38726 34854
54345 53253
54345 41003
12310 3066
37892 23178
24134 10046
39452 7642
12708 48042
54346 54010
54346 2984
11426 27908
10674 42057
54347 20482
54347 15441
10618 28116
54348 632
54348 15363
54349 49
54349 47650
50008 48020
26620 41095
13292 34166
31415 16541
19775 7926
44304 30248
32453 9632
54350 437
54350 2248
38526 48938
24016 49078
50830 14661
6064 16427
38490 3562
54351 176
54351 36286
26278 8111
24816 22754
50156 3358
43750 27458
24010 8606
10692 33836
19347 48062
54352 13744
54352 22972
33429 21150
49970 48106
54353 26317
54353 22980
31255 20822
44254 35818
38238 698
26616 760
26672 3216
17703 14393
45858 22862
18859 42397
18797 15769
44260 34978
54354 37484
54354 47954
23902 27986
52364 2256
24516 41603
12818 49086
54355 31888
54355 2672
24402 47448
31037 29802
18747 8282
5554 20912
54356 50806
54356 405
3946 3354
24916 22720
44124 27384
30821 40995
6648 7630
6970 23564
12568 40475
52826 33876
11330 27558
6762 22674
45120 10248
6016 33790
11812 22788
4714 47540
24754 41691
54357 3914
54357 333
24306 34028
44404 43181
18201 1676
52964 47942
44618 29148
54358 26310
54358 2526
37630 49100
54359 45044
54359 48024
54360 18384
54360 8952
54361 20176
54361 27620
38516 40829
54362 446
54362 9222
50876 9076
4590 8112
19757 35732
25082 9298
11826 13967
45896 16275
37390 36492
31937 27598
25656 7742
19879 46864
20081 14965
25176 14977
33435 14963
4200 15757
37614 30012
39320 16133
54363 37482
54363 34436
39438 49328
31723 48452
54364 10484
54364 1234
54365 45493
54365 23286
54366 45948
54366 48116
51006 36282
44714 22556
46312 8274
39476 28770
6456 34532
38466 47796
17821 8688
17591 8246
54367 20144
54367 35366
45406 22018
19111 3570
17535 49124
6488 14131
33087 21310
4382 3136
30447 35390
5760 7676
50002 10374
54368 25518
54368 42317
19635 8412
31705 874
54369 25407
54369 47528
46000 34012
37474 47238
32909 41169
26512 42771
18291 47152
3890 2908
54370 33535
54370 47132
43542 9838
12458 47530
17765 9202
54371 32795
54371 28474
31283 9872
54372 51079
54372 21410
19911 2270
46102 23230
39176 48478
54373 37321
54373 33756
54374 33195
54374 86
45150 2392
26154 34560
18469 40529
19001 28966
33283 42493
45980 40521
17751 43127
13374 46806
23836 48448
52850 16395
18777 49412
13198 15409
50102 41091
39238 1886
52014 48480
37824 1834
25548 7440
44812 15129
54375 51334
54375 14583
4774 22006
54376 10569
54376 41799
54377 30835
54377 35374
37638 27314
24468 7394
43692 47300
19103 27282
24086 16005
45214 21740
52002 834
54378 53804
54378 21674
19855 36356
31517 3636
24376 28210
6684 29460
32565 21746
6308 22574
54379 37675
54379 2826
46518 16871
33409 35028
52390 30066
10796 9266
45568 15081
20111 10128
26764 42001
25404 22694
54380 13180
54380 23200
32547 16119
13256 946
54381 46054
54381 21666
52664 33768
17683 22880
30879 14885
13540 23054
39834 34928
31445 15439
24842 3534
13084 23388
51478 35504
6672 16669
51992 20576
54382 44618
54382 8556
600 830
25554 35990
52924 21820
17511 22532
18185 14797
51342 15995
17713 23364
10984 27526
26390 3660
25520 41195
44170 40271
19545 16539
30929 22706
24020 41869
25336 22062
54383 67
54383 48490
12108 918
24878 43193
4162 9208
24170 20854
5346 20612
6710 30252
12676 35444
11392 778
31139 22276
23864 1706
10712 42785
44512 47402
46484 14529
4514 14613
11094 40413
33097 42923
24154 27360
13344 34098
25628 14029
6780 40335
12092 27380
5640 9204
33273 9718
10958 16337
6880 3502
31485 3750
23988 16227
44120 40787
26424 34622
38904 34646
33377 7778
51610 29558
18855 42823
18033 1672
54384 32275
54384 47890
52606 20806
33099 9614
24492 15997
45432 40801
38574 120
54385 19324
54385 15089
54386 5593
54386 10316
5266 30032
52734 23002
43530 22534
17625 9816
46204 9284
24046 29668
38064 29922
5276 22256
5674 20590
38120 33886
31993 27582
10818 3578
54387 18496
54387 688
26218 20622
39430 27234
54388 53785
54388 207
24168 21542
38110 21856
18417 7842
30449 8810
39136 28164
4494 28968
54389 426
54389 16193
13020 46932
52374 15827
43998 42651
25104 1802
10972 13885
13368 1144
31109 49440
54390 38618
54390 309
19073 36430
54391 37078
54391 34938
54392 44126
54392 33794
52500 42005
26170 9178
54393 6953
54393 40935
38250 22254
31541 29694
17755 41517
54394 6935
54394 48564
38670 49746
52386 47868
36924 21430
18279 35562
54395 19402
54395 33724
54396 5619
54396 7698
39802 47304
13192 29134
50346 47838
54397 45060
54397 1550
51176 1622
51092 7492
44606 41613
43828 36058
54398 24090
54398 35130
18701 28518
31081 27148
30815 49784
18351 2596
11172 30044
3972 42687
44432 181
51396 1900
12438 29270
18443 9422
6918 34686
24290 48284
6540 21902
31221 8232
6332 780
44004 23134
12418 7434
12664 42217
32735 40899
19057 47248
45256 47902
31971 16551
45846 49806
54399 24208
54399 47332
24466 35430
50412 49438
39252 46752
23846 8078
32157 42451
44300 3324
11194 14101
52760 29228
18665 34958
54400 12055
54400 14621
49960 7312
6700 14809
50656 16555
38210 21988
17721 7736
38886 47980
24280 33996
50916 15005
43506 21624
44594 42971
39404 36028
23910 28272
44776 16079
54401 6272
54401 9696
54402 140
54402 898
19697 14865
37326 8732
25644 22510
51366 3588
32203 29726
33343 16095
54403 54220
54403 15911
37432 29986
50142 2524
52004 1076
52578 29964
19961 10346
4858 48570
51900 42339
45534 46938
45718 20562
18869 21448
10874 16069
51472 47490
24994 16735
50474 20668
37952 23172
54404 38324
54404 47364
5756 15289
6516 1264
54405 6790
54405 36318
13526 35018
54406 53255
54406 48108
50356 2844
43452 47422
36998 22882
39006 27504
13012 1684
31537 22520
45314 15711
5794 27304
38694 14031
4098 34848
24430 35948
38418 20674
44814 16409
11266 2914
26460 16401
19583 42673
11622 49192
24746 49582
45022 23146
52834 2144
4896 2576
19993 8850
54407 10658
54407 3292
30607 880
12088 49274
38954 9254
6006 29708
51242 21102
54408 31971
54408 251
5752 28426
10608 41843
13372 1198
32811 48124
54409 52453
54409 14551
38720 22408
38100 49756
5030 35120
39978 29028
18789 34664
32269 21162
54410 11926
54410 10222
38682 9578
50122 10132
13326 36580
54411 5926
54411 48460
39444 21680
5650 22776
54412 43719
54412 15607
38580 27792
51108 42811
37904 22962
54413 19162
54413 36712
54414 51156
54414 35486
18653 15407
38536 28764
18539 21384
30413 49700
52318 47036
18883 34692
39196 36232
19201 8044
54415 25754
54415 41193
54416 37648
54416 1427
54417 52408
54417 47192
49978 41719
23828 47988
13452 21810
43570 1724
6232 1024
26754 47174
54418 54177
54418 47652
576 49074
52602 16183
51578 46946
25508 34272
54419 46587
54419 27990
6782 2968
54420 19810
54420 7586
37502 40639
38568 34990
54421 6085
54421 48548
54422 26586
54422 9312
54423 31399
54423 34366
44932 48944
45344 27784
26810 21848
38840 8060
10964 3130
54424 7088
54424 2012
52956 2380
12764 9860
26440 15057
54425 31318
54425 23218
54426 43680
54426 48210
4578 28858
54427 18040
54427 15139
17769 9940
45864 40833
132 36484
6102 48134
6210 7302
54428 54188
54428 8052
46076 22150
12070 20894
44354 9790
18389 47426
19997 28576
18531 23064
38686 42929
32019 27794
54429 11574
54429 16957
25606 43233
51526 40219
33225 35730
54430 18205
54430 247
11984 22646
50428 15383
31491 29820
17715 41297
43996 7672
25826 41331
52438 40365
43928 29434
52902 15113
30523 34836
12422 916
50248 1466
52106 8650
5716 3434
25328 20836
32953 35676
32969 8394
11866 16087
12584 42717
6180 40
44054 20788
54431 6097
54431 1252
50458 15395
20207 7566
32825 34618
45860 3006
6786 29448
54432 12081
54432 15643
32301 13981
6168 21092
44474 8994
54433 4385
54433 14633
37570 40827
44694 29344
5586 21110
19905 23446
54434 37542
54434 381
20043 992
38736 16889
43500 34592
45696 15943
5672 10264
17517 16579
54435 5896
54435 36170
54436 53937
54436 15677
39788 41791
52396 41267
19575 27662
33357 22430
50060 21352
25882 22142
44772 49684
5300 42585
39766 15739
6928 8238
51834 2088
39906 8554
11598 35382
4302 47982
54437 6180
54437 16141
51504 20798
39938 33712
54438 32569
54438 235
30759 9780
37654 27332
54439 4393
54439 9304
30877 34452
11930 46878
19025 48924
11540 40319
5566 22740
26064 8858
24650 14059
13000 35282
26514 35162
51196 9226
26892 36762
18831 21134
26782 30034
31347 40743
54440 6191
54440 8766
37510 16527
46528 40739
51424 42621
54441 5158
54441 882
4660 42297
51474 28924
10682 28392
24876 28830
5982 14499
19195 21166
19783 35598
31655 1906
46222 13969
51898 41393
44850 1140
39976 7328
32093 47236
12706 49558
25726 33820
6270 22184
31525 3770
46380 29288
44352 14535
52516 40599
26056 36510
50716 34612
39422 48758
54442 49966
54442 42213
32601 49550
50022 28720
142 8914
43894 9592
54443 40098
54443 16419
4552 1678
20021 49378
17497 40215
19147 47230
5598 16663
54444 23808
54444 40353
32111 20866
38462 2522
12900 49706
32649 34712
54445 19712
54445 36296
44104 29766
51840 28508
46350 7354
51748 35648
51432 8776
51928 47088
54446 45784
54446 8198
4178 27964
39068 1460
39086 16291
19329 40691
40008 48180
54447 5322
54447 41129
12950 28610
45482 14395
44844 47214
11150 27388
13260 40781
50444 7392
30637 27772
54448 54114
54448 35036
31093 22132
38978 14189
39870 23260
31867 8682
31481 41387
11756 8058
20149 42691
4400 29166
26082 34410
38434 49644
12220 8446
30781 862
39970 48980
17493 40573
33025 1490
43746 27850
31735 42237
54449 31743
54449 1818
12886 15169
38470 8400
12068 10214
54450 12511
54450 29574
31629 41005
31353 36226
37620 46856
33407 8968
10760 35368
24346 8770
50736 29718
54451 11002
54451 27674
54452 53697
54452 43011
54453 38858
54453 47664
4056 48684
24286 22804
54454 10957
54454 48356
25800 27194
17839 28782
44416 48300
6142 46974
11000 48150
18961 49026
44064 21900
51390 15709
23942 22196
38050 16389
50484 47224
11668 786
10752 34076
24976 16953
33019 29770
4086 29746
32753 15487
25438 41523
24296 35516
39530 30222
4020 2426
54455 45002
54455 10164
25218 47386
38724 36276
54456 43788
54456 15065
4150 36534
33499 30070
30531 29376
54457 51532
54457 41515
44588 9770
51704 40523
32233 21154
50958 9432
45592 46754
26454 29660
26384 49682
54458 31959
54458 35142
54459 53901
54459 48830
26634 34040
4540 35722
54460 54356
54460 49678
12066 3116
52 33952
10604 1828
38444 28634
24372 8544
52222 14731
50190 3184
19419 36592
4728 15061
24350 14223
24412 8464
52952 21326
17265 34276
38396 36422
45168 9316
46260 27488
5378 8898
32399 1652
54461 639
54461 49268
45810 16545
50204 48730
19049 29688
38838 16347
51628 9920
26332 42145
54462 4917
54462 49480
6760 14971
44622 40267
17311 40395
12918 15173
44402 35420
6562 36148
32571 968
6646 1078
46354 34088
24798 34352
10700 48158
32725 35190
54463 39802
54463 21960
31579 15003
13532 48046
6900 1410
54464 17928
54464 14691
54465 39355
54465 48382
54466 44454
54466 21600
18967 34678
45124 36098
51726 23530
45998 7730
44196 49006
11362 34962
44370 8076
39266 22886
52300 2678
20141 48716
52982 47028
5214 29482
39858 34466
30703 48084
38780 40563
54467 45747
54467 41217
20291 47956
45958 29780
44366 9538
19121 17086
50780 48520
38096 2390
51002 36652
51566 8116
5202 22964
13042 15665
51210 49474
4460 42831
32703 2300
4238 42051
51034 8798
12630 9970
36984 16237
3930 15071
54468 52704
54468 311
3924 35560
26804 41535
44150 21870
46382 21094
54469 53577
54469 49554
54470 53970
54470 49702
45708 2806
45350 22310
13066 3338
37692 3078
38146 35354
50180 43199
5994 42511
32903 47762
19433 8926
54471 46048
54471 41425
25250 15433
18663 36188
5192 8784
33317 42487
25208 47134
54472 45432
54472 22588
33021 1322
5800 3120
45750 9566
32455 8508
44542 13987
39822 49404
26834 36330
52892 49598
30689 22628
54473 45120
54473 30174
45326 41205
4334 27740
38582 9610
10696 36670
19393 9348
5740 48694
54474 4559
54474 2862
38666 15303
54475 30879
54475 1090
13162 2126
24740 48742
54476 53265
54476 1392
45926 23608
52688 16581
38174 7874
51600 20728
38972 47464
12614 21846
30923 10304
17339 10212
52174 41771
24358 9964
52462 7388
50352 49360
25736 22502
54477 54219
54477 8490
44204 27566
54478 37750
54478 9066
54479 23836
54479 2932
4908 35052
19957 36518
17219 35278
17789 7474
54480 19892
54480 2396
32837 17
45460 47596
11992 23518
51138 46870
44330 34140
39098 15615
54481 18110
54481 29836
20089 14319
25540 16987
45942 33904
30693 1866
12554 8328
38438 29266
45936 48224
12160 27686
50104 35294
44058 22226
30537 20910
13272 49470
54482 26880
54482 47848
54483 13709
54483 7494
46068 48800
54484 24238
54484 9724
38660 20554
19291 16873
39806 41059
51936 49186
52558 28128
54485 4905
54485 34896
54486 38140
54486 9752
52670 14727
31345 21532
24810 47742
54487 17964
54487 7914
24258 2816
12928 7426
18951 2372
38656 48764
45624 34628
6060 42347
11566 10088
50644 35848
30901 42513
5050 35414
4922 35776
17455 14545
11558 14191
52768 28270
45446 23220
11510 34472
52710 15281
54488 24552
54488 21412
554 2802
54489 32839
54489 351
11614 41849
4386 8428
6908 35172
45794 2612
26164 36244
54490 10704
54490 42279
45228 28848
54491 13636
54491 8306
18441 15823
54492 51666
54492 8312
25946 15715
46012 16311
478 2010
13448 34780
43936 29920
26602 14635
46482 21998
52434 9028
17335 14005
25974 47830
39790 9252
54493 37108
54493 10354
24040 42969
46278 42855
54494 12706
54494 48070
6000 29634
50880 21622
6728 42033
44608 22206
50984 15353
45324 33980
19707 22732
19005 20616
24160 47452
37046 35812
24930 40741
13586 7792
32639 7588
32335 23578
44428 41825
54495 30429
54495 285
31443 16503
51890 16711
26216 13961
18079 34600
11884 2098
4982 23420
19009 34152
43946 49490
52876 48126
24920 22044
31811 29218
19033 36568
38270 9658
24784 35186
25288 3070
32235 49072
54496 25291
54496 2568
44916 34430
26096 29700
25980 21058
5234 2966
3998 22092
33197 34244
54497 38420
54497 28680
44022 30090
37274 2262
166 2874
25414 47208
17655 15455
51084 22616
4698 20744
52346 20998
51720 1388
24614 46738
12488 27258
54498 32937
54498 34402
50320 9240
31873 41037
20025 29038
54499 6329
54499 35538
54500 5048
54500 7304
54501 18971
54501 22418
39350 14335
25856 744
40028 48256
6242 10016
18257 35874
23996 23486
51886 3102
54502 24687
54502 42555
6614 15083
54503 46342
54503 2788
26814 33912
43754 8772
50112 14461
4632 16479
4388 3734
45632 9270
6356 29202
5066 22606
43762 16511
32637 2014
54504 54495
54504 34396
17733 46992
25958 36598
13648 8252
30873 22088
50234 684
32091 29646
11190 1884
54505 19587
54505 27232
12824 35360
24102 29794
25802 36692
23830 40345
54506 18926
54506 46940
13264 10102
11252 41559
54507 53403
54507 49818
24664 47200
52142 21530
26136 40967
54508 53757
54508 28494
18693 48810
32363 14455
17333 34888
13206 48236
12872 16765
51712 8666
26740 47256
5882 15865
54509 46461
54509 9044
11578 43175
12626 30018
24052 46802
44852 35934
30627 47792
49928 27788
54510 10953
54510 36370
11336 21492
39146 42077
39952 40871
32337 1642
31989 20538
18339 28262
39784 15935
43552 21548
19983 42635
54511 6501
54511 1334
5962 48128
24118 920
37850 774
54512 5697
54512 49618
39352 43015
37978 42875
37244 30176
17325 29774
25816 28618
44824 28564
20227 43265
37876 7552
54513 25784
54513 16231
13224 8604
51314 35022
4004 3416
51328 9978
54514 18446
54514 23390
54515 33542
54515 28162
51272 35112
3920 22508
4116 43207
38980 36586
50262 41639
44028 43249
26334 35306
54516 19188
54516 47234
54517 45617
54517 48664
50624 15751
46506 1852
17431 34358
31931 8702
26034 41493
26504 47212
4648 43293
5164 21302
24428 28068
24728 21766
26680 42421
54518 51861
54518 49710
51308 9702
50294 33828
54519 33559
54519 27778
45764 40707
50492 40421
19881 9774
19381 8990
54520 52587
54520 8002
13268 21348
13138 1196
13068 14197
33141 36642
38294 22316
25808 34594
19657 27392
50818 34544
19473 48366
54521 32956
54521 9642
18057 8370
46298 33946
19453 9608
30765 1312
6450 13975
54522 24216
54522 10156
30897 1782
46384 43209
43696 47358
54523 26072
54523 2162
13644 47688
44222 47920
52926 42135
45354 34528
18827 33718
126 48690
6288 14147
19481 47608
17689 1070
37018 15801
51804 47884
54524 51630
54524 42905
19405 15843
19275 41017
44690 16519
37370 41473
10778 7990
54525 11942
54525 28666
51958 46736
12462 29358
6510 29310
6174 16941
4160 3256
24918 1946
6284 9224
5104 16887
12576 42363
448 2818
54526 18495
54526 29508
52150 29856
39912 36018
18075 29748
13058 3670
24318 16293
11542 14643
54527 4866
54527 27824
54528 30973
54528 36368
4776 16947
6352 35474
11924 1964
25052 43269
39648 2704
25822 16145
11418 20870
46166 7278
52156 43291
54529 25814
54529 1572
6904 2674
5602 47374
19131 2004
11894 42341
32483 35342
51984 2164
31007 23346
4958 9620
19287 9800
38048 16681
54530 31042
54530 47044
54531 528
54531 29366
24692 16635
11888 34168
6296 8932
18881 14479
45674 34804
50176 29362
37806 9490
52806 40527
54532 53931
54532 239
54533 26505
54533 21484
52944 8326
54534 31247
54534 27250
54535 38578
54535 2044
54536 17459
54536 1830
25968 27904
17877 47442
18585 35180
54537 52858
54537 29814
32607 13991
39682 824
38604 47786
38478 47886
39344 15521
24202 48110
128 27440
44264 29762
45796 49456
146 34720
18035 43055
32023 23272
50790 27738
54538 26861
54538 14875
30887 34656
25748 16361
51690 14815
43768 9616
33083 8244
54539 24408
54539 9730
44368 7976
5038 21754
31717 36196
50848 9806
51818 14035
52510 42231
32645 28972
19119 33720
31097 42991
11140 28278
31487 3052
54540 18437
54540 41677
6942 36756
6838 40437
50148 16303
46130 33764
12812 42359
6610 36600
5314 33898
54541 31461
54541 22268
26098 48988
54542 50034
54542 42517
44248 35274
6384 34488
18369 48314
18953 22198
39364 34782
5610 27696
32051 2506
38072 21030
44488 30054
54543 51922
54543 241
39836 42847
11956 7396
39926 48846
44540 21288
24464 48792
54544 32711
54544 353
54545 26278
54545 48676
52368 20900
12842 42321
5660 29878
25092 30142
50206 15689
17309 48832
17803 42239
25678 23400
50196 3668
38802 14325
52088 3330
12724 2566
31849 8054
4376 35442
31013 2628
31245 2770
54546 50225
54546 3118
18615 14353
37160 1352
4082 1912
46458 29164
50562 16631
51330 28784
37890 22460
40002 21462
39276 3082
4856 29402
25842 41027
50544 15587
552 49402
26316 43005
54547 175
54547 21638
52562 43143
6812 3212
37808 14245
25476 28058
31175 20650
5412 2096
30457 1544
52550 29102
45374 34492
24146 365
26682 34096
11278 9110
6078 7902
45576 23262
54548 19538
54548 22688
45740 16307
13552 49238
5156 40917
3904 14949
31827 49308
54549 4488
54549 29182
54550 51440
54550 36740
54551 53812
54551 29458
54552 31737
54552 41813
19945 16403
26522 34994
5944 49442
6774 35838
620 23294
54553 33130
54553 35526
30409 48986
50208 10030
45628 41821
39454 22976
31915 41153
38534 15817
19663 41729
51596 34880
11332 48004
32603 41531
52166 8602
26476 16829
54554 39143
54554 27602
4690 1554
31161 2412
54555 39390
54555 183
54556 30587
54556 23326
50442 9302
51236 49390
54557 12930
54557 19
51624 15659
54558 578
54558 8188
37646 29728
4170 7592
4042 34872
43454 21324
38540 9630
5138 23198
54559 17723
54559 1260
54560 5073
54560 48152
54561 17234
54561 48686
31397 28580
46452 3268
11404 22940
32059 46978
20143 16927
6400 14799
54562 52349
54562 35712
17957 34084
32847 41689
45328 40635
31035 2552
53008 7958
31853 2486
46318 47186
6806 40331
18935 3528
20073 47488
17711 28160
17449 1338
43614 3104
10606 14901
54563 566
54563 47734
54564 26575
54564 1932
43622 3680
44194 34554
54565 20368
54565 1958
50098 14789
24814 10080
44266 41313
17519 1592
54566 33595
54566 29630
54567 4042
54567 27206
38108 40979
37836 49726
45284 9114
54568 44847
54568 48824
54569 18246
54569 49194
38614 40923
50072 16535
54570 33578
54570 9062
32381 8270
43722 2284
54571 38552
54571 29140
10894 1702
54572 132
54572 48748
25604 28908
25730 9944
51266 22614
12080 2222
44308 3158
54573 6877
54573 10070
54574 27027
54574 13993
50526 2024
26118 15983
54575 51946
54575 16101
54576 26995
54576 8390
20277 3202
24470 40937
54577 54537
54577 1980
54578 24846
54578 46776
46150 1522
11526 49104
31673 8782
52832 3722
45690 41985
39310 7810
33065 27638
12444 2102
32477 28296
33081 40823
43904 16857
54579 38147
54579 16675
33163 42571
32755 30074
45402 34154
4477 14057
44720 14155
31847 14447
54580 46434
54580 49762
45778 2830
54581 54182
54581 14955
38808 40489
13384 8272
37662 35686
24364 8190
46414 46980
52894 2886
11646 2786
12060 34784
33433 28578
19113 21400
31513 43147
54582 17278
54582 7276
30617 8084
26010 27676
10978 1054
5504 16093
11422 36074
37838 15337
30611 2326
32901 49040
6822 49800
6658 195
6054 35928
52322 21136
25024 16127
45062 23136
26358 35440
18137 20722
54583 18890
54583 29768
50400 48286
19023 28952
30459 41461
44314 8822
19927 28444
31429 29394
43712 34408
44706 7942
54584 51152
54584 49432
24710 22378
32195 49742
32397 22924
54585 5177
54585 47816
30661 40299
4678 47908
19571 2308
25056 35296
50038 21866
32097 7520
24602 23640
4146 49584
26650 36456
4704 16817
17945 34862
44548 33698
46470 28510
52308 49536
19603 49646
54586 18293
54586 16897
11504 29290
54587 11167
54587 22028
50838 40687
45364 47382
10848 35484
54588 156
54588 21274
5150 36354
54589 24304
54589 355
33267 40627
37766 34568
54590 170
54590 42803
24668 14187
19361 48880
54591 4301
54591 30194
18897 34550
10768 41281
25110 41725
26184 8790
31469 40231
33089 36122
33151 35062
38372 8686
18581 29948
31201 34362
26012 22252
37676 27294
4240 42947
5044 16745
24004 10014
6698 22372
54592 27020
54592 22052
43520 948
26474 3224
45748 48928
54593 19136
54593 35520
37982 9938
17971 16561
10644 16859
32307 22286
5152 29258
43960 41623
20151 27178
50546 8062
50946 13887
44654 28136
38084 41437
11512 28176
31627 15859
30399 14687
54594 44683
54594 10274
54595 54063
54595 1894
45316 41221
54596 18710
54596 21700
25868 30100
26674 21564
46200 27744
38902 2542
5132 21802
54597 37100
54597 29012
6986 221
5088 49092
54598 33325
54598 3608
54599 32762
54599 2548
32863 27968
52912 43231
26354 41497
44586 1282
52678 15825
32261 14195
46192 27452
52990 34960
25934 34734
25600 34714
45730 28700
18691 36754
39600 28182
50864 2360
46514 15537
54600 26689
54600 21898
50216 16795
52536 21382
45830 47076
54601 12025
54601 29730
24450 926
38254 43045
30619 21234
38566 16707
52840 23206
20225 35132
54602 54400
54602 34338
54603 46084
54603 42291
18399 47968
45068 35090
54604 17483
54604 42935
4664 35924
19311 29450
51808 28814
12280 7974
30979 28854
31297 35160
54605 20222
54605 16383
17667 27840
17603 21210
54606 6339
54606 43195
31369 28940
54607 13703
54607 9870
24284 14419
54608 53111
54608 40887
44016 3304
17371 15011
54609 618
54609 29858
11854 2462
54610 25232
54610 14537
19909 46720
45856 42115
5016 49506
39656 41345
54611 18734
54611 30188
12134 15923
5518 23424
37218 8572
4214 23370
45892 22582
54612 6705
54612 41361
20275 16893
12228 47662
46086 28152
6026 43157
31067 35122
4948 2876
19349 34868
39746 42509
32951 42377
38918 29894
24656 16039
44202 41075
13262 10384
6380 1820
24320 20734
37306 29016
44206 3650
4988 14585
39876 15215
5326 41541
26630 48616
54613 44600
54613 7017
38020 8920
50162 27800
4620 3498
52294 22382
54614 52391
54614 8378
51370 22180
54615 54381
54615 33708
39128 29680
51814 9638
54616 24426
54616 1618
25688 28730
54617 53734
54617 48768
13404 13947
33425 29238
54618 10882
54618 21032
31189 14075
50158 48068
5162 20908
45454 41287
54619 6213
54619 3422
25862 22834
4884 9522
11012 2976
5070 49632
51150 367
6500 15103
32687 1318
12432 35556
45174 47434
54620 17706
54620 41805
5968 34330
17281 16009
44442 33858
52752 28524
39854 15105
18717 22054
36986 47188
30875 3614
33125 9228
31701 1458
3878 2296
54621 13095
54621 34386
37684 35288
38818 7944
26578 20988
24048 35624
54622 4617
54622 3350
13254 29234
11378 42085
54623 39926
54623 34314
51278 48982
5106 35764
18487 29924
37802 42715
13394 29870
54624 26026
54624 33965
5040 3410
52472 34238
37156 22562
38756 8816
38890 15193
54625 12799
54625 20614
54626 51699
54626 2268
18017 42037
20253 3696
54627 50342
54627 29864
24224 42107
11178 15177
11276 49712
31863 21050
12830 23096
52724 23176
17421 48760
54628 52900
54628 8902
20195 28546
33439 16529
32245 21514
20055 15143
54629 12526
54629 15343
54630 45534
54630 82
38452 23348
54631 53538
54631 1184
54632 11903
54632 28916
17559 2056
32415 9704
24548 15349
12482 3508
12620 10124
17349 40811
17397 40291
19411 29552
24904 27432
54633 478
54633 27658
33263 2402
43918 9440
54634 54042
54634 3048
45268 16633
54635 12029
54635 14653
19295 16567
45966 47040
30425 3220
11338 29844
39014 47020
39712 42097
33337 1908
17773 9772
18253 43027
18233 34916
11360 2744
38142 49282
54636 53421
54636 16081
44566 30158
30495 2856
54637 54543
54637 41555
37060 41019
54638 5267
54638 3758
25116 29868
12902 34638
13038 36236
24242 49452
54639 38181
54639 21928
32183 23152
4246 22932
17861 21334
12976 48120
50304 48194
54640 25950
54640 42367
11352 15525
44838 14019
19289 21100
11620 15397
26626 35554
54641 54206
54641 35996
54642 51206
54642 29032
54643 38430
54643 47160
19129 29224
17317 3012
30905 9428
43802 22208
50044 1764
54644 5774
54644 47344
54645 45592
54645 28428
26298 2122
24128 22486
54646 4272
54646 21394
54647 13497
54647 7610
54648 17995
54648 27864
50966 47030
26838 42017
18463 28726
6440 47506
54649 20015
54649 7466
54650 24118
54650 28194
44924 8106
6756 22126
45190 34204
10854 47316
37462 7634
43578 48902
43790 8468
54651 44988
54651 23180
25876 34818
3992 20660
43934 23480
39660 16435
31957 49666
44270 35228
6864 35906
44592 7556
54652 52146
54652 8948
5438 3398
24520 41881
12734 20574
626 34218
19595 35290
43630 35466
24076 21544
31303 36566
51226 16309
54653 18687
54653 23474
32751 20672
26632 22390
24490 27758
37894 1716
18907 20880
23994 49648
52922 41701
3970 2476
5934 34324
51126 27164
25340 23012
54654 515
54654 14553
24808 33684
38922 22104
44582 2590
26566 29742
30629 30064
38864 34056
12324 36340
19831 27820
45976 21526
4222 43189
54655 54525
54655 46840
54656 13642
54656 29206
30799 34630
18977 15897
24482 15107
18471 28926
54657 26980
54657 1420
51868 41567
36940 8268
43688 2700
39028 49608
24092 9072
46114 43047
26640 1670
50058 42271
54658 33478
54658 14429
4278 14861
45884 20696
54659 45490
54659 35742
12112 3538
54660 19149
54660 1294
46052 2898
54661 53634
54661 48294
17209 14053
54662 26950
54662 47632
50388 42743
30465 40577
37102 34404
49962 818
36948 21604
18793 43153
39180 23440
13164 16229
46546 42887
17889 48038
45492 8258
54663 54231
54663 35832
38286 3210
31923 36722
19105 47046
44526 7780
54664 38822
54664 40919
54665 18963
54665 8452
54666 44644
54666 2414
50908 47694
51728 41025
37612 27536
54667 54538
54667 23020
45148 21042
4424 16723
6662 16627
25496 10344
20213 21728
45306 1162
37328 33760
54668 5347
54668 22100
52066 16263
46508 49294
6126 21952
54669 45604
54669 14515
43980 2050
12644 7344
39838 8600
6548 2170
54670 5101
54670 1696
32095 48148
38772 20750
10548 29472
25904 9330
54671 44348
54671 41023
50014 21518
4956 8574
18901 34350
25076 2684
11258 7812
25032 20720
33247 49178
38788 10048
18759 1394
25186 1074
54672 53835
54672 41767
50374 8694
54673 51660
54673 23108
54674 5893
54674 9604
11590 40637
50520 48186
50650 29370
54675 12582
54675 14505
54676 19709
54676 1638
46520 34428
52006 22810
54677 32523
54677 1464
30753 40749
38672 43173
4790 3126
45728 718
45770 36174
51246 47976
37240 40477
6962 33956
51962 34674
25334 36532
11642 2842
38034 848
44670 47356
54678 23927
54678 9716
54679 17957
54679 36426
39110 702
52254 48406
10764 47194
26116 3492
24724 7400
54680 19163
54680 47408
19705 36278
43528 1664
19391 36374
54681 7080
54681 20700
50746 21762
10988 14907
5920 2208
31271 23574
6130 15429
24772 48502
11498 1902
37486 47428
52568 2336
31015 15079
44276 15565
51252 20810
54682 53780
54682 8961
49988 36608
11270 22420
54683 37152
54683 8254
39792 23546
54684 10920
54684 22072
17997 27312
52284 20928
18335 15509
17607 21698
25344 10180
52344 8988
46314 15563
54685 5970
54685 40479
12254 42873
37180 48588
51012 22495
4174 46926
18475 47102
17649 35858
11072 13989
25926 41993
44336 47710
45712 41773
38986 41415
44486 15605
26884 16021
6050 14463
38144 48912
5780 49428
51052 21468
4550 46722
6079 20986
5236 34788
12932 21950
17631 21212
4634 33872
50394 10084
39410 28502
39748 36546
3952 21538
13446 41695
25506 36406
54686 20221
54686 14267
54687 6485
54687 42781
18893 27218
26228 48560
19843 13953
17781 29798
54688 45730
54688 23190
37024 30028
33367 47052
12430 40643
4028 21854
46390 8558
24400 48974
4500 41051
5550 9624
54689 39608
54689 35286
32003 8288
5900 20972
50360 27434
26060 29702
32221 48918
45626 49504
54690 19422
54690 22330
39918 8424
18587 3166
38850 40379
19563 9020
17767 1048
44884 46758
32345 944
43472 42667
31507 46976
54691 11745
54691 2432
32897 14083
54692 31432
54692 49068
19247 27954
25594 34446
17807 8624
46286 7378
44532 47592
44516 35016
32485 14723
37404 23342
5298 23304
54693 13718
54693 22282
40026 14957
5198 1046
20109 22488
44032 15427
3966 47254
54694 54319
54694 8804
26226 46812
50040 40587
26910 98
31663 48280
4974 1878
52238 2682
54695 53095
54695 47854
6944 22190
5854 808
38732 28436
52402 1106
12936 29900
54696 582
54696 22624
54697 54230
54697 35940
46050 22914
26268 14937
24432 42147
10804 16905
38512 8730
25512 27932
43564 47538
54698 12351
54698 21922
39474 21882
18937 42653
37084 27910
38740 21510
4308 34552
54699 54527
54699 20888
51960 35798
12368 48468
4188 20980
4778 20724
11534 257
54700 4158
54700 22936
5856 16393
26362 41967
18085 22584
4176 48464
54701 51108
54701 27406
33253 14341
44208 8618
39044 10270
18853 23080
12524 3314
54702 18427
54702 46888
11294 2258
141 22350
18757 28682
11746 40983
44564 40831
17555 42791
45232 15399
54703 24723
54703 29076
19101 7988
54704 17778
54704 14107
51550 2288
19045 2260
31603 9734
25872 3230
37416 20862
54705 5579
54705 42627
54706 54286
54706 9570
51280 2812
25400 7600
37226 35646
54707 12552
54707 1744
49976 49502
38652 345
54708 52128
54708 14939
37548 21010
24462 23278
32799 14669
25204 47996
54709 38272
54709 43271
4438 29298
6572 8828
12822 29198
39392 23118
12358 35690
39042 30192
12564 10216
12788 27790
19255 23240
31235 8152
54710 5424
54710 14151
54711 39082
54711 48098
31975 49090
54712 53414
54712 35668
39948 7710
44730 22230
11324 41213
37476 40993
54713 24143
54713 9646
26794 49754
4286 1892
38024 1138
49926 21436
31981 22376
54714 24502
54714 36066
31707 36376
6952 35452
38382 40607
10798 34258
52816 36006
37200 20564
50930 16505
52784 34064
46432 14199
25694 7496
4322 28752
3900 41777
30543 43137
39318 3054
24562 35882
25006 8212
6020 1726
17581 49798
54715 50622
54715 1810
49944 14123
5570 28448
31755 14163
44890 8460
54716 54697
54716 373
54717 32699
54717 15477
33469 16865
25654 29550
18007 30112
39382 36544
25890 23526
18059 2840
46338 8040
5811 21116
37944 22450
43864 7692
50754 2604
44014 16661
12330 9096
54718 31721
54718 7996
50252 28516
54719 39658
54719 27628
3960 16521
11224 8622
39460 1174
39122 1788
10942 28002
11768 1296
4358 23254
46128 23292
30511 40615
45222 7682
54720 4371
54720 22996
6338 7700
25698 41929
37558 8978
32119 21356
38924 22566
50070 40611
54721 25690
54721 7786
10690 29960
13554 3458
4140 41087
31753 27368
37440 41163
30671 7864
13086 48378
12290 1012
5746 16933
37380 10096
6004 16621
44298 3616
51480 3446
54722 53648
54722 275
25846 42825
54723 46611
54723 27590
18391 16919
12500 33924
19579 21650
10784 21874
51662 35912
4260 47062
43666 7854
54724 7028
54724 2138
52048 29306
54725 4479
54725 7590
12150 14785
44168 7562
52182 8208
52252 40651
54726 4368
54726 10060
44084 41911
54727 25222
54727 28948
32451 46868
20085 47552
33015 23466
54728 24367
54728 14641
31935 2016
54729 5461
54729 21044
20257 29984
54730 44482
54730 2254
18849 15661
54731 53677
54731 8940
37884 3724
33401 7624
54732 43470
54732 34954
4288 48888
51980 42067
30485 35398
43510 15335
24354 49024
12144 35254
37304 23094
54733 32017
54733 209
38440 14291
11876 41527
13592 48622
6234 28554
52644 27994
46100 21408
54734 26142
54734 2252
36974 16327
11900 28552
50218 49218
10634 49552
54735 46100
54735 20732
11274 2866
25744 21002
4888 30232
5446 48102
17665 14503
51956 30108
24278 41545
5754 7522
24620 49042
4720 34454
43900 1546
33017 34772
4282 34346
44904 3402
33291 27506
23818 8096
20173 2726
31885 47032
37378 21366
54736 26390
54736 23204
54737 6986
54737 27594
54738 24226
54738 9542
43496 7764
52878 40469
54739 12566
54739 2076
31741 35750
50950 9360
24642 15461
4582 22468
38914 21978
5952 15807
5262 14089
4694 42561
17491 40989
25692 35114
50276 814
51492 49372
11364 7462
50642 41619
4132 34326
6902 49314
54740 54698
54740 1524
51870 28690
4406 29026
37418 7882
54741 12492
54741 3730
24694 40813
26598 9832
11636 49786
32967 27548
54742 26188
54742 30062
5778 29248
4546 47656
25902 23034
5954 8892
6664 42313
12020 41889
17637 27556
13624 8984
37150 41553
17213 10326
25752 28676
25184 2042
6882 42731
20157 41979
17451 49716
39170 42527
54743 39450
54743 48696
30971 40495
54744 26240
54744 1896
17797 21268
13496 29866
54745 20086
54745 21682
19251 8210
25570 42943
54746 11070
54746 33
45952 15225
10776 23284
18409 27846
6166 43035
17285 48306
12046 42389
6624 21808
31327 8972
25440 29042
44990 16981
54747 11223
54747 22244
18115 29696
38278 41123
38094 27652
32887 42891
17693 2514
32917 42137
25756 9862
19139 41125
19487 47544
12794 14439
24858 15379
5826 8834
54748 5396
54748 16029
3964 9686
37450 21742
17981 7670
10980 41945
44558 1712
11032 43081
13646 23268
37480 27546
50136 40313
45104 14265
45564 34822
51262 36486
38252 29318
52506 3198
51604 15033
54749 5963
54749 9858
54750 44432
54750 42601
17915 47642
45058 36102
37260 48638
5472 16151
54751 43512
54751 15447
54752 13145
54752 35460
54753 12202
54753 47432
4520 35116
13296 34906
54754 5687
54754 1146
30605 35240
54755 54520
54755 27352
54756 46072
54756 28442
5222 29138
11734 36108
3916 34770
4840 28304
54757 17907
54757 35984
43764 42773
54758 24822
54758 49102
44892 22220
32293 28840
11328 35702
18505 22922
24186 21444
19923 297
45644 47108
37282 22064
10740 49744
4726 7870
43644 29058
19341 47314
19613 7444
4394 49586
17845 1472
23820 1564
18457 48474
44808 47852
54759 24917
54759 28276
11210 28466
19511 42103
54760 20228
54760 47808
52092 27400
5576 40869
5682 42197
12336 27992
44094 29444
17301 22424
31983 7878
13604 47012
18713 27454
10986 7826
38492 48724
38458 7572
4380 29852
54761 23849
54761 15371
54762 45942
54762 21216
12960 15849
54763 5978
54763 1170
23906 2688
38620 30058
13208 29614
17801 27654
54764 11964
54764 7292
12232 1558
51668 46726
37248 14159
44302 9036
54765 33270
54765 14689
54766 10765
54766 42243
54767 44877
54767 7596
54768 5968
54768 35580
54769 30915
54769 13973
12704 10146
54770 19932
54770 21696
54771 12417
54771 28344
54772 17861
54772 10292
50088 908
32545 29682
38068 29452
32259 22974
12600 43019
51652 34006
54773 54474
54773 30258
24474 42013
39260 48828
20251 22070
54774 53363
54774 223
51122 23528
10824 49768
10844 35392
24574 36496
6088 15545
54775 54469
54775 34758
52304 14807
17395 48100
18811 1378
39408 8690
54776 44403
54776 8974
54777 33389
54777 16267
19037 29752
50992 1628
12334 48144
51320 2742
17345 8576
51310 22622
26666 8548
18739 35480
12840 47138
50580 16023
24768 29796
54778 552
54778 28754
39424 23040
33053 47878
38298 3088
54779 39470
54779 27924
54780 584
54780 30092
31309 28140
39500 48440
54781 12066
54781 34390
54782 39392
54782 28636
54783 13189
54783 8388
6492 41171
51522 29372
54784 20151
54784 78
37636 47678
50846 21996
54785 24339
54785 21386
11794 29832
24106 16063
11326 14615
26484 40701
54786 17243
54786 10198
43566 14133
4614 2034
6072 28660
6950 48504
25602 15631
54787 7075
54787 48444
54788 12557
54788 29886
44188 14791
25008 14705
54789 46604
54789 35534
26718 8728
54790 51880
54790 3554
18947 15527
37660 42839
39396 28258
12572 28850
12938 8230
38882 16421
54791 45852
54791 23126
13214 20920
54792 30433
54792 47226
54793 10666
54793 47726
24178 36132
54794 53106
54794 28350
39368 47906
13090 47556
44390 34502
11218 40321
18091 22950
25792 47456
17847 16823
54795 32512
54795 40641
50082 48738
24786 41063
43710 46708
12848 33816
37492 15547
18821 1350
33489 21910
20175 1414
13334 42095
54796 50550
54796 253
10782 49032
17387 8900
54797 10595
54797 14427
39700 47026
50538 9400
20211 40373
25670 1876
54798 18930
54798 14043
4362 34884
45570 14863
38834 21764
25332 15013
54799 18408
54799 29506
44950 49476
31831 3146
5318 13977
54800 45594
54800 30262
44256 46930
18031 41987
6802 1708
39434 15939
54801 43876
54801 1488
31575 14079
24444 23186
38928 41581
54802 37007
54802 10172
54803 6802
54803 14409
6834 28674
26168 36240
11828 21376
24370 35682
25760 22392
37234 35578
54804 52204
54804 41961
52460 42467
26796 36514
52022 15047
44624 36454
6568 335
24738 34910
18029 41077
11288 22726
38500 41807
54805 32223
54805 1300
43748 47406
54806 30448
54806 49120
39958 35154
24272 16129
4904 14579
31799 34144
50972 49748
46428 21472
38172 42405
30751 47668
5618 41173
54807 39648
54807 259
54808 60
54808 9320
32367 48486
5368 48896
51864 49486
19499 29930
54809 45716
54809 47158
30969 10380
13204 35698
32731 3642
6222 27540
54810 12572
54810 27516
19941 48948
37924 22090
5144 42767
51924 28796
4680 3688
5186 16507
50140 9784
11770 9184
54811 50933
54811 40717
49934 27426
5390 42073
44408 14961
51530 9088
23960 2080
50684 46844
26080 7884
43690 42249
4932 36728
3948 28378
4118 21370
54812 53346
54812 2490
37310 48968
46172 29020
38316 34222
54813 24735
54813 27940
5784 28778
31281 41127
54814 24992
54814 49354
54815 26334
54815 9818
50672 14487
12624 22666
50514 29530
38530 47756
54816 24770
54816 46950
45832 21072
12114 40613
52828 35844
32353 28558
51174 35600
54817 40096
54817 27296
54818 17815
54818 16099
39884 1968
38262 27470
4606 27618
54819 51750
54819 29036
54820 43854
54820 15647
38186 35396
12528 46750
18321 21602
11886 47938
51852 3596
51318 29540
6964 46794
54821 52347
54821 15449
51588 16783
45172 325
54822 53786
54822 20976
36962 28864
51676 29034
44798 47360
54823 25171
54823 41711
37154 21648
32155 16449
25788 9654
5350 9652
51182 35432
25380 7604
6116 27176
43834 16935
31503 14103
19181 14475
33463 23356
25510 48082
54824 26569
54824 47278
5942 36730
44320 15161
11264 49522
54825 44130
54825 46778
25714 15063
54826 53796
54826 7284
32295 21676
13422 40945
12102 41011
54827 53827
54827 21994
25898 23634
54828 26974
54828 23182
51042 15285
12986 49116
54829 32464
54829 48160
54830 24914
54830 3060
37652 22322
17293 49320
23926 7856
19059 2094
11008 16793
50910 36468
54831 31637
54831 48612
54832 46396
54832 15533
54833 6775
54833 10006
12910 49322
4066 28108
19557 22152
45416 8234
17613 29824
38538 49288
33485 15633
39702 42589
45358 36020
54834 33530
54834 21982
12156 14321
54835 50624
54835 42805
19233 1240
54836 30504
54836 16677
30773 3546
54837 3966
54837 42143
24340 29880
17467 8714
39668 28372
51826 958
54838 17765
54838 23060
54839 53094
54839 47418
5360 35216
6058 48518
45430 41305
54840 52969
54840 41643
49968 27768
38442 22174
31567 23532
37908 3284
50242 10032
54841 7045
54841 9182
26336 48550
39478 34516
532 28074
43586 47550
31087 34632
54842 4886
54842 9358
54843 45622
54843 1020
50674 3348
31557 14587
19379 36230
39742 47162
37718 21252
18143 47866
54844 54517
54844 21890
50782 34742
54845 52740
54845 33668
54846 24035
54846 1232
10876 16339
13028 14627
4456 3700
54847 12568
54847 41615
17299 16657
39388 35088
26404 14771
39716 1928
50976 41199
50948 28266
12740 48700
32717 29216
4626 47970
54848 25339
54848 21732
24848 27936
50486 23410
54849 39181
54849 36342
24214 29606
18627 35200
24264 36336
31473 14045
54850 38400
54850 9404
54851 36990
54851 249
54852 50872
54852 42941
33121 48598
24456 34232
24944 15027
54853 4024
54853 28654
37276 8032
51120 3408
54854 20478
54854 23468
38590 118
30401 21568
19069 29062
19985 42641
17859 47412
19621 1238
12868 27898
45726 20982
19159 9186
54855 13559
54855 46780
44460 15293
5724 2376
37392 7638
39550 34376
54856 24146
54856 7652
54857 32803
54857 1930
4978 23452
52662 35876
10870 42113
6330 21088
39000 14973
19987 41783
43738 7454
18193 42881
54858 6665
54858 29772
54859 19297
54859 16831
37466 2692
11500 23014
52618 36442
32311 47430
12680 48018
12622 48404
54860 10613
54860 40227
11494 41227
45158 14391
44800 35194
54861 33178
54861 16171
32553 1774
19967 28238
10808 34224
38288 15209
54862 12248
54862 23106
51016 9932
43560 8538
54863 32864
54863 16473
5732 34858
33269 794
54864 13286
54864 9758
4996 9676
43792 14879
11158 28048
17827 812
5006 42851
20267 40671
30983 13959
43704 47562
50952 21566
6218 8150
39826 14677
38856 34242
43846 1594
20203 2054
10930 27224
19373 28000
54865 54323
54865 7886
32987 22526
6542 23116
18845 35202
30767 35246
46300 29050
19321 40275
54866 31545
54866 2500
5210 1520
54867 26901
54867 8114
17539 30104
18217 21618
50608 42189
44148 22636
12898 42485
18297 48856
43892 34904
54868 37167
54868 36436
39720 2472
32079 34976
6544 49046
25240 36000
4504 15909
20159 28410
5594 48964
39738 9264
32783 20588
6245 29398
20261 35164
45092 42795
51282 46952
25852 16147
25148 42257
4920 9808
46398 2324
54869 46076
54869 42535
52736 34968
23912 29874
38622 49338
25702 27584
54870 19632
54870 9332
39744 21034
54871 54784
54871 47896
54872 46148
54872 35856
54873 17808
54873 1056
50634 8896
50126 33860
17489 15385
25386 33830
50154 27688
25830 28718
54874 25052
54874 40997
46404 28308
4196 22116
54875 4163
54875 1766
54876 18255
54876 277
26054 23168
43860 2556
10594 3524
31807 33788
54877 39058
54877 27158
54878 13012
54878 48628
51260 40251
30493 21218
25954 30156
31307 47146
38134 35806
32963 27670
24712 7404
54879 54396
54879 28224
39164 30130
53016 21878
30825 16819
25494 40849
50254 9050
45562 41061
54880 54702
54880 46928
39384 41757
11532 33902
24032 41399
50870 40909
50164 9152
52392 47536
25658 29212
51856 2990
51502 36396
44346 49564
10966 22838
31151 21582
54881 43506
54881 40951
17585 7338
54882 54653
54882 29918
11204 22546
54883 19244
54883 34216
12028 34118
11562 40277
45536 40307
54884 33572
54884 23160
43446 3406
44910 29080
4692 14751
54885 32997
54885 8636
45052 42007
32439 15731
39894 35866
5340 34716
37062 48756
54886 25554
54886 23404
17660 35470
5814 13995
19389 27944
37292 16839
32539 41121
54887 50282
54887 40371
54888 37729
54888 36294
54889 53651
54889 391
31003 34800
26552 15369
39064 9410
44628 23484
45146 9136
38178 35824
54890 19663
54890 46908
50506 42827
52624 21554
54891 31490
54891 28330
43714 29226
32379 28980
51626 40343
24014 36674
33027 34498
50638 13905
5892 14231
19007 28962
26532 3384
54892 25256
54892 8170
602 42913
18925 14843
45836 33852
19867 28892
5400 34970
30491 41191
54893 11429
54893 2850
31279 27592
10556 21222
32757 36184
46424 21876
162 36520
24718 36064
11724 22264
26646 20628
51876 20828
36994 9048
13626 2670
25768 16471
50994 9888
46356 13937
38032 41991
19989 27826
54894 13496
54894 29640
54895 54577
54895 14853
25888 35158
6620 15517
13658 15149
25912 13915
54896 24642
54896 48624
54897 31093
54897 22076
39880 40807
19781 41763
4208 15669
54898 20081
54898 47768
46066 21616
45478 9160
26904 47468
54899 26690
54899 27866
11802 42619
31349 42255
51098 40339
5442 1256
37128 29936
50836 22136
54900 24506
54900 28146
54901 6407
54901 48482
4372 2918
4650 8344
54902 23977
54902 2912
13284 40247
52904 41905
25274 13963
54903 24938
54903 1859
52814 22712
51000 49780
5142 36410
37300 22630
51208 36362
37972 1808
51762 3072
19457 22274
6306 42689
54904 37605
54904 35670
39632 8014
19063 47634
6154 41215
26542 15583
25798 34668
18221 29254
25182 36588
39200 21634
19015 14873
39242 41013
11068 1486
26712 15549
54905 40100
54905 40625
38368 20642
54906 38208
54906 1837
51988 35726
11858 27420
11182 22530
24434 21122
33201 16497
10860 8296
31431 15687
13336 29834
52158 1032
37556 8286
43514 1998
49954 47560
38524 9144
32357 29162
54907 46242
54907 23358
54908 32801
54908 27188
26762 20778
39824 8082
31301 8008
26990 3544
4758 14179
54909 52130
54909 28816
30947 28812
24422 15055
54910 17767
54910 8906
50964 47534
39152 9918
20119 10168
19423 1316
54911 45480
54911 21416
12710 21432
52430 14111
11676 14915
6300 10012
18955 14693
20139 1344
5670 49694
51312 1482
54912 25580
54912 22768
33431 40961
54913 32297
54913 22292
52480 3020
24598 41317
31285 21818
11776 40295
54914 12812
54914 21140
32413 42745
23840 14001
54915 19923
54915 1284
24062 15171
25352 35124
54916 53103
54916 33808
54917 11507
54917 47822
50290 21932
46334 7550
37534 28292
17445 35260
11196 35946
19597 1590
19441 21908
54918 30753
54918 3710
44736 41557
32739 2578
52246 22908
19027 48368
54919 52232
54919 35586
24488 41293
26770 9198
17235 43295
54920 30839
54920 9516
54921 10787
54921 2220
54922 11340
54922 1212
52466 21662
51646 49142
4058 47778
30855 40265
13182 41855
30697 34240
4210 16315
18885 35418
54923 51012
54923 29178
46270 10038
54924 19924
54924 21652
54925 30717
54925 20820
54926 50782
54926 40675
52508 23310
18817 20962
39308 16441
31725 35884
52080 48172
25360 9582
5268 40843
54927 12219
54927 28028
52404 14149
38654 46788
17297 47700
18379 9958
54928 560
54928 48934
32201 42893
45850 20606
24142 8934
24970 28438
26360 8678
19685 41333
46168 35060
38280 21502
39280 41471
38212 29186
24638 8122
30827 3114
5990 7966
45180 46848
19325 47720
50460 47832
19891 2066
31805 1372
37794 48566
5170 42287
39984 27624
11692 35792
52490 2352
11302 40817
54929 45042
54929 1910
12994 2634
33467 23266
54930 54293
54930 48030
25234 9078
6632 36124
54931 19551
54931 34000
37070 9574
25370 341
46154 27290
45156 41357
4684 48556
54932 12400
54932 46716
12200 28268
11226 8278
24282 22836
18927 2546
54933 602
54933 2378
54934 50144
54934 28614
45960 16719
38102 1052
50030 41697
6104 21594
31815 28132
32467 1840
38752 42975
5568 7838
44584 47420
5708 34470
19741 48814
19513 47612
18333 40535
54935 5236
54935 20662
31261 3548
32407 42155
31017 9030
19123 8580
17547 47910
11322 42479
12238 15261
54936 54296
54936 48976
45758 1244
44470 49002
54937 39098
54937 92
45560 42133
18625 35326
39040 40409
51602 15895
52652 34002
26450 48762
5332 14119
5960 36418
54938 45149
54938 40383
54939 52062
54939 21338
25940 40249
54940 45054
54940 35152
54941 54500
54941 36346
5860 36578
54942 37688
54942 28390
54943 37986
54943 35038
24460 1844
54944 45827
54944 29498
38464 8470
33167 2074
18915 27532
24084 35302
38266 16467
26292 29432
43590 14125
39244 49286
12970 23046
54945 4981
54945 1804
32443 35150
54946 32058
54946 29014
13398 9426
4298 36656
51770 28402
32043 34508
50986 41279
33471 15539
5762 22652
24070 15051
45524 14593
10652 35550
12536 34690
39472 34038
51162 41145
44230 21702
17697 27714
18247 15247
44092 8534
37114 41925
17639 840
54947 26779
54947 27952
12050 29992
534 9712
25854 30154
52582 42799
10698 3360
54948 53636
54948 27948
31277 49292
25522 47846
6958 28750
54949 38590
54949 27160
50048 21046
32063 7876
39190 42139
32405 40953
19589 34534
19827 35304
39892 22210
5738 42557
4806 2018
39106 33732
54950 39980
54950 41959
12758 2958
18499 1424
30623 41327
19837 1462
54951 6406
54951 28740
26564 42181
54952 19311
54952 48094
38070 1222
54953 13488
54953 36010
54954 43592
54954 114
11628 20932
32723 35564
19191 27496
6320 27808
17671 47084
25298 9722
39596 28934
24998 29678
19725 29002
17951 23124
11908 750
12180 28360
54955 38456
54955 21790
43638 3564
20017 23470
25246 35230
37900 8794
4760 27512
51986 23376
31685 47604
6538 47140
19561 8644
24912 49304
54956 494
54956 2764
54957 18014
54957 28190
51822 7310
25358 1342
30585 49128
20005 3138
44480 28122
43852 41321
54958 24154
54958 42445
12570 9834
11796 35994
54959 38460
54959 49272
17741 29092
44944 47770
11938 22910
13634 35014
51014 47586
12450 8336
37674 46714
54960 25250
54960 205
54961 27067
54961 22876
12294 8250
25878 7456
54962 53557
54962 35050
23884 2036
54963 24902
54963 9840
38256 49650
6532 7678
51644 1304
31133 40369
39486 22578
54964 26784
54964 2425
26402 10352
13466 29912
43584 3022
24246 35988
46292 28974
38446 34752
38046 1188
4466 35566
54965 30725
54965 35412
26510 2962
38644 28366
50794 48418
44268 15467
44322 35558
45988 30056
13450 2028
46474 29320
43664 48264
54966 53944
54966 29536
26350 30098
4330 34722
31145 29716
54967 24375
54967 36770
32859 2614
19769 41395
11518 41449
44778 756
31761 9618
11472 22878
25498 15795
5558 40605
39552 34112
54968 11900
54968 315
54969 52248
54969 27214
33119 23214
54970 19929
54970 716
4228 10334
18809 2032
19693 1208
38688 14369
45552 15093
54971 33314
54971 42815
12534 28890
54972 19371
54972 8938
32049 47630
11928 47328
26062 47794
17775 48130
6738 16559
26662 1314
46182 34316
6742 1976
30565 29534
6534 2124
25170 15329
54973 11534
54973 16117
18657 49468
54974 26870
54974 8668
54975 45439
54975 42395
25990 21560
43624 40785
11344 21704
54976 18713
54976 42675
50392 40213
4674 33992
39634 1030
39840 8398
30461 34802
25368 47460
32061 34364
20033 41131
26020 41253
44936 29604
54977 474
54977 29664
11612 40751
11056 2264
11318 13965
37998 42215
37136 2312
26684 7986
37396 9016
54978 656
54978 40927
11356 28236
19041 48854
5196 21258
54979 54446
54979 48736
51650 42371
45132 20632
52908 2822
11690 914
54980 19853
54980 289
46272 42559
26778 2662
33413 21966
5436 22832
25718 49284
37124 41853
52272 46886
5876 42605
54981 37181
54981 15117
13126 16487
6144 27276
52772 33738
54982 6948
54982 15965
18565 21146
24148 8458
54983 37227
54983 47054
54984 25591
54984 14877
50560 15903
17417 42615
13250 8506
54985 5326
54985 28384
26678 29412
32781 35608
13460 27186
54986 162
54986 41299
54987 45284
54987 9524
50724 8020
18325 41839
54988 25670
54988 47834
37082 2648
45246 9260
39394 35284
50160 15037
44378 1082
43482 21640
4772 16051
6360 10262
6816 33672
12496 15475
5356 22684
39556 14817
24452 21380
52758 48650
3986 48542
54989 45632
54989 17048
39972 36648
44522 29146
24222 20792
37342 29546
51842 41289
11846 40779
3958 41699
20163 16845
5098 36052
12408 15653
52572 21186
50318 33850
6184 35276
46218 10130
24378 41411
10614 36562
54990 38110
54990 36308
39250 33900
51394 35800
50832 3460
11184 43255
31967 34476
54991 6632
54991 10120
43806 10108
45488 33866
30749 48086
50424 28692
25162 14925
49946 46896
54992 6523
54992 15819
54993 54535
54993 49176
38200 29812
5140 36448
7089 816
38078 14327
45298 35704
32073 41139
51392 14251
25314 15359
45656 2304
51036 43267
24680 21350
6584 28628
38678 34136
44980 14967
54994 31891
54994 43003
4216 29602
37762 42305
54995 53633
54995 16301
54996 26422
54996 22060
50776 23194
54997 24718
54997 9502
51294 15459
54998 54903
54998 7508
50192 34292
46190 1890
45540 8658
54999 12742
54999 47542
44500 27862
55000 24368
55000 317
24730 21844
4594 1770
32787 15175
50606 35340
38846 49134
55001 53430
55001 48794
46196 27264
30779 734
32387 14413
38862 15945
55002 6695
55002 33854
55003 44710
55003 954
37036 29392
4742 3514
30993 42009
31147 22362
43776 48528
50722 9612
55004 52860
55004 9250
32515 42903
18683 49082
55005 44268
55005 36026
55006 6262
55006 29330
55007 54808
55007 16959
39330 42677
19701 15095
33095 16899
51416 8354
52410 7606
52240 9322
24344 29672
52320 47038
55008 4255
55008 46944
44200 14837
52050 48060
12674 36164
30497 41155
55009 45285
55009 47004
52144 33832
52872 33812
26642 22334
55010 38620
55010 363
13538 47264
52638 7640
51190 16061
33049 28544
51402 8104
25212 27748
50000 49686
24074 15307
6526 21546
45476 3520
38126 8334
31901 23562
38448 16225
33315 10250
32861 40711
55011 596
55011 28114
51020 27622
55012 54079
55012 231
52400 23228
26264 8146
32971 2334
55013 54078
55013 22586
50090 48196
49948 9276
55014 54906
55014 890
38012 47636
26214 36382
44954 14827
30535 16015
43974 42441
5012 15361
19639 23568
52628 41141
24088 21172
6244 16737
45410 16407
4992 49720
26094 42211
6876 2022
4480 42679
26132 14509
30801 10020
6476 46882
11688 680
31493 47984
33473 36466
33307 42101
52604 1800
5154 41671
55015 601
55015 9998
38750 21784
55016 17801
55016 35322
55017 33594
55017 2328
44452 14969
55018 52750
55018 9236
5444 34920
6604 42381
55019 18429
55019 28250
19327 16485
486 3028
50632 9982
13120 40835
52338 9118
55020 3960
55020 892
26000 48372
38896 29512
26114 27180
55021 5406
55021 22656
13378 1756
55022 23956
55022 35638
32449 1736
4068 22414
39270 21500
19257 35772
24248 2732
26328 21522
26084 28168
38450 48910
5032 33878
25248 23616
55023 50516
55023 9180
55024 54862
55024 76
19541 22708
24472 27666
158 42981
46550 1006
26852 16593
19135 7822
19917 16045
11078 8738
37224 1412
39916 22168
39688 15581
30499 29598
50970 47250
31987 22554
40022 49560
33133 36138
37336 42939
11154 40287
46194 22356
37544 28066
55025 5701
55025 8184
44430 15415
55026 516
55026 48950
5190 49816
39974 3752
38170 9912
55027 4212
55027 1626
55028 38936
55028 329
37622 42813
37920 27884
4970 29744
31227 49018
19091 47156
6930 10322
24050 40725
31693 41039
30675 21920
4732 41247
19417 7694
5868 8028
23826 35252
51684 28030
33457 29300
13342 21460
12952 10290
51848 40503
6068 33940
55029 4825
55029 27818
17509 40677
12546 47322
24380 43305
38206 42265
55030 13693
55030 8916
12736 41965
26480 10230
6192 9924
55031 32492
55031 22396
11978 28798
18575 14513
50696 8350
26780 21008
37076 2986
24530 23072
25374 34320
20243 23476
55032 32448
55032 21420
51142 20678
51838 46918
55033 46124
55033 255
55034 4262
55034 42735
46090 40315
19239 34438
12472 29954
55035 12946
55035 21198
55036 12046
55036 49804
26236 9238
31053 15313
55037 54069
55037 970
55038 420
55038 1168
31789 42285
53028 14819
51274 30168
24044 36254
39786 15201
24078 40385
37196 33780
26846 27542
26546 16417
20273 22452
20001 2656
55039 54671
55039 22056
46478 49276
6582 15023
24660 8222
30687 21424
44680 2468
24954 34718
55040 10816
55040 15763
10598 20942
33245 9666
45848 2592
5748 30198
11242 34500
4556 1588
51476 21178
43456 10064
51966 20772
32147 14707
13494 48576
19177 34090
50288 27240
37468 49044
45982 21264
18055 1654
32655 22012
23930 40487
55041 4445
55041 47184
52654 40915
55042 54496
55042 42199
4876 47336
5806 35860
12148 9714
50920 20936
55043 23947
55043 7690
19807 36502
11632 8884
4868 8404
44020 34768
54 15375
55044 37437
55044 9994
55045 44892
55045 14859
18387 40727
55046 13118
55046 49188
11084 15871
11156 7862
11878 14945
55047 53909
55047 20898
19107 7464
50694 23396
18787 23632
55048 52108
55048 16967
55049 54470
55049 33954
12178 29406
45288 8300
36942 27252
30715 47280
45318 9128
52642 3694
30837 8820
55050 44856
55050 49464
31875 15457
43766 41009
26894 7368
38974 27444
38630 48884
17469 46968
13590 9006
55051 5431
55051 8012
11310 29486
55052 54390
55052 48436
11634 30072
55053 20302
55053 14987
10572 27616
52790 8812
20283 42169
32563 9042
37592 49368
45278 16017
55054 30993
55054 41707
52030 14531
32009 28226
55055 11504
55055 385
50340 35064
51674 2466
45630 49524
25382 22902
46412 30080
55056 13002
55056 27656
50752 15663
46358 28460
51554 23430
55057 19013
55057 47892
17515 16547
52362 36694
12486 8466
44102 47518
6282 16501
18609 9012
11594 16047
32743 2140
50998 7740
18879 8612
55058 32219
55058 2756
30427 29464
19125 1806
19285 271
55059 25816
55059 2118
55060 38126
55060 16279
39358 22514
19811 47548
46476 41427
37032 42865
25962 46798
45462 8216
55061 460
55061 40239
12854 15815
26550 20814
24678 15207
19171 29914
13458 22388
37882 48546
10568 29618
18453 29784
19355 22920
4724 10362
25408 21632
18001 42391
55062 11904
55062 14349
11698 27780
6770 27874
23954 8418
55063 54727
55063 1576
52360 8942
38480 10298
17419 8364
5524 23192
37368 28736
11674 36700
26426 21534
55064 11210
55064 34116
52476 48954
37816 2438
24410 15839
45200 29658
4812 29022
5358 41673
55065 25124
55065 48842
24640 3504
4718 47974
45504 116
45688 10236
55066 30593
55066 42065
10648 49750
44766 35898
31207 29636
30621 7298
6716 21054
5850 90
44848 1934
32681 28790
13514 29916
38030 36030
5306 48688
4910 27248
25308 36248
37146 8672
26538 23594
25766 14363
33453 7930
32161 1924
23972 41315
55067 54248
55067 2154
19397 27342
25758 2792
24034 22672
4310 8360
24940 29490
43848 42011
5136 2942
32417 21372
50942 15745
11896 16089
17247 46858
24734 41175
30735 8564
55068 26341
55068 21830
55069 45690
55069 36192
55070 26649
55070 9396
39070 14989
24330 8068
44726 2178
17991 940
38162 47598
12006 36054
52622 8818
6458 16721
4070 28862
51358 36668
12082 27280
19975 41963
18661 29910
45546 43309
39182 36084
45618 15969
24524 9336
24950 7802
55071 26078
55071 27574
55072 49996
55072 10116
30785 48006
31777 21018
23944 7584
52152 47590
11432 28532
17411 36612
12714 9446
3896 41723
55073 33568
55073 14993
55074 54652
55074 273
55075 12982
55075 8846
38628 1062
31413 23510
17441 2058
38224 47388
44578 41649
46332 23164
5312 15597
55076 26106
55076 41273
55077 5935
55077 14465
6112 49260
25590 23280
50690 9272
38696 8018
18865 21194
26554 16901
55078 38012
55078 88
50370 48826
55079 25072
55079 22192
25346 36160
10600 36372
30563 49472
55080 54804
55080 34108
55081 52596
55081 23612
12332 21060
24758 48182
26482 36042
18069 27830
55082 54616
55082 8718
55083 37620
55083 49500
31497 8048
55084 45016
55084 3692
55085 54980
55085 7664
33105 42609
17435 20552
25348 8436
31791 34268
45650 27606
6030 33822
4848 20824
18989 40981
45872 49010
39230 7916
55086 39794
55086 35938
5628 21836
55087 7176
55087 7376
55088 626
55088 14721
55089 18557
55089 28094
39732 28024
4264 27608
55090 33048
55090 36416
18711 16161
37854 34478
55091 51391
55091 30200
45080 29970
19745 3124
18745 36202
18087 34164
45198 49050
55092 32117
55092 1250
44246 15347
10570 15373
55093 6760
55093 7798
52754 43089
50110 16135
55094 10709
55094 3388
31679 21152
55095 12915
55095 21342
50744 10240
32719 30120
55096 24166
55096 35406
55097 53833
55097 49510
6868 46910
3922 2502
11080 3746
6120 16037
55098 40057
55098 3188
6494 42303
11570 22422
44306 22346
38804 9744
4560 47482
24594 29898
11390 46990
24886 22618
32889 34924
55099 26910
55099 10366
4610 49220
55100 44158
55100 29126
5822 30038
6922 27492
23928 41611
12008 14855
51072 7442
30415 34946
55101 26307
55101 36266
26420 36136
55102 500
55102 35814
23870 14087
50530 15043
26802 23512
11684 16755
11678 43057
52366 900
49980 7438
55103 7082
55103 29048
19267 43257
24028 23148
55104 54786
55104 41475
32593 8998
40004 34104
19581 14697
33079 43253
55105 38774
55105 31
37976 8486
4688 29978
32869 23016
55106 23838
55106 48446
55107 54434
55107 10114
12532 33744
17471 35872
546 724
26624 48678
55108 6652
55108 13941
30665 29008
40006 48732
44072 41679
39156 23074
19761 23416
31237 16157
18791 36658
45554 9414
50590 40735
11400 7806
55109 5655
55109 41789
51388 28964
19409 34760
51594 43165
32089 34130
6688 29348
4662 42281
4040 29316
38674 28710
39734 41235
11874 9412
44696 34996
50020 9556
33371 3644
51224 7900
33405 46820
55110 18757
55110 16349
26738 8626
55111 12531
55111 41093
6670 29514
6800 40745
11388 21726
51680 3018
55112 32089
55112 47880
51144 48364
51340 27962
52928 48750
26724 34524
13618 21014
55113 54997
55113 21364
37738 43065
58 2658
26180 42857
38790 47986
5468 29740
55114 24553
55114 2448
44794 28562
43966 28004
32225 3404
32175 41283
18603 10386
45914 40673
18887 1364
44216 20682
55115 11584
55115 8356
19461 14041
43956 40491
55116 130
55116 48572
24796 42415
50462 35402
23860 23128
30569 49624
51866 42921
6628 41469
10944 20550
6304 28498
13360 35330
11548 22528
6946 15199
51974 14887
40024 21262
38182 20902
37888 21516
55117 5830
55117 36500
23938 40921
19081 8928
45340 22824
20083 9904
32933 2064
32669 9750
55118 12188
55118 14829
23980 34022
12390 27984
55119 19830
55119 20918
45112 708
4022 20878
55120 50326
55120 22598
32499 16573
55121 642
55121 27812
43640 7390
26734 22068
31483 27710
55122 5479
55122 47142
31019 1836
31275 34604
33451 7560
11586 3738
55123 532
55123 21592
45468 29252
55124 50610
55124 267
17987 42727
55125 19625
55125 30004
18679 9576
55126 4305
55126 27298
55127 37704
55127 34486
38738 35058
38130 2172
26103 29322
30737 27354
55128 11480
55128 3368
19471 34980
13588 34026
13258 2572
4568 16351
55129 124
55129 16167
26664 9386
51168 7472
25470 36156
32737 3760
45088 9046
55130 43596
55130 22658
45018 40377
50470 15221
6178 3790
25526 10150
4602 8698
31677 10328
6010 16035
44724 21240
4434 41319
18601 30206
55131 54726
55131 40903
6416 22842
43444 47500
13168 3172
55132 32899
55132 7546
55133 70
55133 27152
55134 19714
55134 7436
55135 26053
55135 47568
46372 21730
55136 12126
55136 7782
18271 49698
39832 23276
32125 21226
44250 47098
26120 15097
45986 41429
4384 1060
26276 46860
39032 1686
45396 23584
13608 7280
4538 3638
55137 38950
55137 20934
17221 48484
38958 21036
55138 54054
55138 3866
11940 2190
39722 9484
11396 40531
55139 54589
55139 29840
55140 12472
55140 22242
6414 28072
46108 8646
18223 23448
13484 35004
32191 3218
38432 30078
6690 14517
31555 7968
12100 10364
55141 18314
55141 42783
39560 47170
18039 47510
32343 15721
32299 49248
55142 31587
55142 34998
11018 14869
55143 24104
55143 34558
51580 20808
44768 15277
51322 7946
55144 50512
55144 42877
55145 30508
55145 8148
44764 47008
55146 31179
55146 22662
19215 14249
11638 29862
55147 12084
55147 48228
18903 2980
18107 29180
24510 27518
38758 7866
50260 34820
45422 9054
25486 36222
18973 49488
11386 34226
50878 47086
24384 36048
51292 29548
25200 33722
19547 49290
32817 22676
37950 47736
25574 35490
12732 14753
19219 35206
24254 22338
23850 1206
55148 43457
55148 22756
55149 50380
55149 8330
26186 49298
25282 16219
45494 35904
55150 54556
55150 9000
55151 17336
55151 34234
33375 21096
45510 14947
4580 43283
4976 42109
43744 48916
18109 49408
18943 35592
25402 29304
55152 53000
55152 7452
6430 40533
55153 17280
55153 1440
25078 7980
31325 23378
55154 4621
55154 29256
39102 34662
45600 21906
38920 35400
3999 28044
17239 21142
55155 54
55155 22762
46158 15009
12292 16589
13582 36270
31713 28184
45290 15645
55156 38548
55156 21028
11092 21244
17429 14685
24884 43145
18319 14385
13060 29628
55157 54223
55157 4586
55158 28028
55158 50152
55159 34340
55159 50026
55160 22866
55160 17283
55161 54321
55161 37970
55162 27852
55162 39236
55163 21830
55163 50668
55164 22780
55164 37312
55165 54795
55165 4986
55166 22644
55166 38260
55167 20735
55167 6974
55168 14875
55168 18965
55169 7796
55169 44626
55170 28554
55170 20061
55171 53742
55171 38594
55172 53448
55172 26432
55173 492
55173 18097
55174 27534
55174 12954
55175 8400
55175 32391
55176 41729
55176 4814
55177 3234
55177 39666
55178 1822
55178 46438
55179 47872
55179 13520
55180 53348
55180 5258
55181 54635
55181 26766
55182 55097
55182 12086
55183 10055
55183 25144
55184 1940
55184 10840
55185 29466
55185 51590
55186 54749
55186 33287
55187 54548
55187 24184
55188 54127
55188 45714
55189 7664
55189 52954
55190 23259
55190 20249
55191 29303
55191 11212
55192 14798
55192 11334
55193 16353
55193 4038
55194 4137
55194 30783
55195 41541
55195 39964
55196 15955
55196 19971
55197 8330
55197 10630
55198 53764
55198 11932
55199 48974
55199 50592
55200 722
55200 32881
55201 142
55201 31401
55202 54611
55202 19991
55203 1040
55203 6612
55204 22264
55204 20169
55205 15375
55205 51324
55206 16985
55206 31231
55207 16071
55207 45362
55208 22568
55208 44832
55209 16577
55209 12658
55210 15651
55210 10908
55211 15077
55211 11306
55212 41731
55212 19819
55213 54639
55213 12888
55214 9846
55214 43450
55215 53209
55215 24112
55216 620
55216 26756
55217 54168
55217 6388
55218 22246
55218 32401
55219 49650
55219 37210
55220 16971
55220 12098
55221 22308
55221 25836
55222 27558
55222 30991
55223 23840
55223 30423
55224 15445
55224 44940
55225 53281
55225 12642
55226 15
55226 51220
55227 14078
55227 4392
55228 21246
55228 12142
55229 35520
55229 20115
55230 17066
55230 31335
55231 53399
55231 25516
55232 53788
55232 37088
55233 28303
55233 44050
55234 9733
55234 39900
55235 49240
55235 51374
55236 27718
55236 37810
55237 41141
55237 5630
55238 37662
55238 50628
55239 22980
55239 20305
55240 53405
55240 12452
55241 29322
55241 51352
55242 23208
55242 52474
55243 15643
55243 43486
55244 54863
55244 11144
55245 16645
55245 31803
55246 1402
55246 13380
55247 53771
55247 45292
55248 14359
55248 18357
55249 53522
55249 32995
55250 2442
55250 4062
55251 53705
55251 24334
55252 27812
55252 45208
55253 53450
55253 32247
55254 28137
55254 38826
55255 33962
55255 31671
55256 8827
55256 25098
55257 3293
55257 6002
55258 2260
55258 39224
55259 47546
55259 30883
55260 30042
55260 11366
55261 54140
55261 52988
55262 34966
55262 32215
55263 42913
55263 26296
55264 41117
55264 13312
55265 33950
55265 50310
55266 22626
55266 13290
55267 9712
55267 24298
55268 952
55268 31225
55269 53404
55269 5992
55270 54883
55270 11496
55271 884
55271 19189
55272 41405
55272 46094
55273 14465
55273 24582
55274 758
55274 5254
55275 15573
55275 52488
55276 54531
55276 52636
55277 49088
55277 17885
55278 54722
55278 6278
55279 54858
55279 11840
55280 27416
55280 26774
55281 53340
55281 18987
55282 14001
55282 17513
55283 21953
55283 18157
55284 35316
55284 45776
55285 53720
55285 19241
55286 20916
55286 31819
55287 15819
55287 37428
55288 53992
55288 13430
55289 53418
55289 46082
55290 54759
55290 32883
55291 54028
55291 10750
55292 53932
55292 30589
55293 16597
55293 4190
55294 54348
55294 33381
55295 16619
55295 23852
55296 20764
55296 12692
55297 1516
55297 18455
55298 53441
55298 24538
55299 9158
55299 25630
55300 23394
55300 44976
55301 2708
55301 50420
55302 41365
55302 51066
55303 53285
55303 5168
55304 49226
55304 51486
55305 1490
55305 19429
55306 747
55306 43914
55307 33720
55307 11006
55308 54051
55308 11806
55309 29458
55309 17799
55310 47602
55310 12784
55311 34690
55311 43832
55312 35633
55312 37946
55313 53744
55313 52310
55314 31805
55314 17763
55315 28820
55315 13350
55316 9764
55316 19455
55317 53289
55317 37464
55318 41261
55318 26850
55319 54160
55319 50670
55320 54011
55320 37792
55321 42815
55321 19737
55322 21209
55322 51430
55323 28419
55323 43718
55324 47578
55324 51434
55325 54956
55325 45238
55326 16171
55326 52546
55327 15253
55327 38592
55328 54007
55328 45598
55329 54102
55329 12440
55330 36526
55330 33349
55331 538
55331 44718
55332 20663
55332 37264
55333 42935
55333 12542
55334 9552
55334 44350
55335 28412
55335 25500
55336 47702
55336 18723
55337 9506
55337 3918
55338 27298
55338 51514
55339 53323
55339 25446
55340 9532
55340 31767
55341 53692
55341 45812
55342 48392
55342 25712
55343 28876
55343 434
55344 15782
55344 6666
55345 26281
55345 5734
55346 53717
55346 50636
55347 16007
55347 45532
55348 53518
55348 39620
55349 42555
55349 31043
55350 34456
55350 50760
55351 10156
55351 43942
55352 27704
55352 44198
55353 20974
55353 43970
55354 54039
55354 38258
55355 48242
55355 12558
55356 16019
55356 13194
55357 34732
55357 51160
55358 36550
55358 32985
55359 54213
55359 45732
55360 6360
55360 24700
55361 54638
55361 18867
55362 27941
55362 4902
55363 7666
55363 32349
55364 35158
55364 37140
55365 51284
55365 586
55366 29156
55366 25564
55367 54131
55367 23858
55368 54632
55368 26070
55369 46994
55369 45996
55370 454
55370 31495
55371 54152
55371 11440
55372 53393
55372 12104
55373 42631
55373 52766
55374 53331
55374 37702
55375 54901
55375 5712
55376 55023
55376 50386
55377 14551
55377 50812
55378 54532
55378 4676
55379 54225
55379 4804
55380 53754
55380 11464
55381 16169
55381 19947
55382 29860
55382 38232
55383 14121
55383 4092
55384 8262
55384 43786
55385 21108
55385 24824
55386 42385
55386 25770
55387 54383
55387 30599
55388 23338
55388 50500
55389 54617
55389 10716
55390 54167
55390 37560
55391 8562
55391 52046
55392 28678
55392 52742
55393 1784
55393 17273
55394 48428
55394 25198
55395 52550
55395 10546
55396 47748
55396 51498
55397 35830
55397 44602
55398 22836
55398 26622
55399 34954
55399 26104
55400 54799
55400 18571
55401 53397
55401 19075
55402 54725
55402 11714
55403 14225
55403 44948
55404 53806
55404 4882
55405 48334
55405 17891
55406 53818
55406 43460
55407 53846
55407 19763
55408 17054
55408 18245
55409 54546
55409 24336
55410 1696
55410 31159
55411 53246
55411 4508
55412 2281
55412 5478
55413 20898
55413 30817
55414 54372
55414 52976
55415 28051
55415 38800
55416 53407
55416 23896
55417 8124
55417 43516
55418 21532
55418 43650
55419 22130
55419 46006
55420 21682
55420 18179
55421 54558
55421 45300
55422 48544
55422 43902
55423 53686
55423 37912
55424 15273
55424 4754
55425 54891
55425 25074
55426 68
55426 31387
55427 53439
55427 19031
55428 1742
55428 45950
55429 53829
55429 19485
55430 8052
55430 4218
55431 53476
55431 17617
55432 54406
55432 18795
55433 49781
55433 31559
55434 34922
55434 51044
55435 41356
55435 39292
55436 628
55436 17903
55437 27824
55437 45204
55438 47006
55438 25252
55439 54394
55439 6934
55440 53912
55440 4832
55441 27702
55441 26446
55442 21086
55442 44934
55443 15119
55443 46374
55444 55129
55444 43896
55445 53432
55445 33339
55446 28146
55446 4134
55447 35968
55447 31649
55448 54027
55448 26352
55449 53472
55449 4736
55450 23310
55450 17969
55451 21759
55451 13064
55452 43019
55452 45642
55453 198
55453 24804
55454 53761
55454 50468
55455 53563
55455 30391
55456 54836
55456 30503
55457 54361
55457 19415
55458 53994
55458 13094
55459 30260
55459 44462
55460 34716
55460 11236
55461 48382
55461 38164
55462 9574
55462 6442
55463 53261
55463 52104
55464 16959
55464 10822
55465 114
55465 45516
55466 40345
55466 43532
55467 28850
55467 37828
55468 15925
55468 37134
55469 54706
55469 31665
55470 22467
55470 45320
55471 54945
55471 26600
55472 28511
55472 11076
55473 54065
55473 18783
55474 20700
55474 5894
55475 9694
55475 45282
55476 10048
55476 6294
55477 1348
55477 33231
55478 21818
55478 5288
55479 40950
55479 26258
55480 54210
55480 11256
55481 28648
55481 11202
55482 53446
55482 33271
55483 54452
55483 43870
55484 54865
55484 24204
55485 835
55485 32913
55486 53304
55486 10912
55487 53638
55487 31453
55488 28330
55488 31051
55489 54614
55489 25566
55490 34448
55490 46512
55491 1236
55491 5178
55492 40261
55492 12838
55493 54024
55493 4994
55494 48824
55494 52524
55495 54483
55495 51436
55496 15891
55496 46244
55497 3663
55497 38082
55498 54773
55498 33131
55499 53461
55499 32071
55500 39
55500 12252
55501 213
55501 38360
55502 29294
55502 18641
55503 54765
55503 17745
55504 3606
55504 12042
55505 8196
55505 6732
55506 54696
55506 26498
55507 29772
55507 24676
55508 34588
55508 18553
55509 54467
55509 19809
55510 2690
55510 50308
55511 42669
55511 39882
55512 53523
55512 17695
55513 22748
55513 51844
55514 20716
55514 11772
55515 28250
55515 18805
55516 2384
55516 4818
55517 48111
55517 39540
55518 48112
55518 12730
55519 54760
55519 13088
55520 53808
55520 25906
55521 9018
55521 25292
55522 53619
55522 20179
55523 10051
55523 25060
55524 54927
55524 20145
55525 10204
55525 12694
55526 54068
55526 38374
55527 22625
55527 26696
55528 54481
55528 12040
55529 55007
55529 12892
55530 20994
55530 10934
55531 9590
55531 38276
55532 2300
55532 19885
55533 43251
55533 37584
55534 40793
55534 50172
55535 21646
55535 24566
55536 9247
55536 12404
55537 1152
55537 6046
55538 22926
55538 30471
55539 16059
55539 18131
55540 14549
55540 6552
55541 146
55541 26722
55542 27708
55542 37694
55543 21438
55543 49974
55544 54565
55544 4640
55545 53345
55545 30669
55546 53381
55546 24832
55547 10300
55547 4554
55548 9598
55548 26232
55549 1117
55549 26320
55550 16307
55550 17533
55551 54203
55551 38888
55552 54569
55552 6708
55553 54848
55553 19421
55554 47736
55554 31489
55555 51086
55555 6462
55556 20586
55556 38310
55557 21299
55557 5426
55558 10045
55558 5224
55559 54012
55559 19609
55560 42198
55560 5574
55561 20646
55561 31999
55562 53908
55562 24436
55563 35983
55563 49922
55564 48611
55564 6512
55565 54264
55565 11030
55566 54198
55566 6410
55567 53772
55567 32429
55568 21290
55568 5220
55569 54625
55569 4862
55570 444
55570 51764
55571 16046
55571 6764
55572 48994
55572 52264
55573 54113
55573 24726
55574 2426
55574 17927
55575 35348
55575 13628
55576 53840
55576 31595
55577 29081
55577 5344
55578 22472
55578 39962
55579 5750
55579 39490
55580 14985
55580 44464
55581 54249
55581 10948
55582 8914
55582 32037
55583 2563
55583 31069
55584 53319
55584 31167
55585 54245
55585 18669
55586 34838
55586 4782
55587 9214
55587 10968
55588 34762
55588 38410
55589 1234
55589 17973
55590 21796
55590 19235
55591 47466
55591 26366
55592 49452
55592 44748
55593 53949
55593 30509
55594 14113
55594 32537
55595 8490
55595 19771
55596 53680
55596 33207
55597 25058
55597 25620
55598 9900
55598 39272
55599 482
55599 6896
55600 49773
55600 11398
55601 54585
55601 52986
55602 8130
55602 4352
55603 23004
55603 39134
55604 40633
55604 10974
55605 53420
55605 24790
55606 29132
55606 17899
55607 44122
55607 24418
55608 53355
55608 25080
55609 47234
55609 44998
55610 10158
55610 32763
55611 41447
55611 12634
55612 22520
55612 13656
55613 49402
55613 45706
55614 55015
55614 12502
55615 15887
55615 43684
55616 54822
55616 19211
55617 53333
55617 39184
55618 47912
55618 31357
55619 14111
55619 39808
55620 235
55620 31897
55621 54723
55621 10954
55622 54875
55622 45972
55623 55299
55623 33037
55624 23500
55624 50006
55625 36036
55625 12746
55626 55114
55626 5848
55627 40441
55627 38742
55628 54433
55628 26074
55629 48748
55629 44098
55630 54839
55630 51008
55631 42537
55631 10856
55632 34569
55632 39316
55633 9445
55633 13376
55634 55032
55634 12654
55635 480
55635 32895
55636 29768
55636 37666
55637 23340
55637 17327
55638 29930
55638 25018
55639 35550
55639 11458
55640 16383
55640 4154
55641 49074
55641 6752
55642 30701
55642 4740
55643 3825
55643 5284
55644 22658
55644 18959
55645 54316
55645 4300
55646 53584
55646 25552
55647 3264
55647 45956
55648 42009
55648 51064
55649 22214
55649 17855
55650 53547
55650 45686
55651 27754
55651 26290
55652 36112
55652 32613
55653 2464
55653 52458
55654 46722
55654 52494
55655 51468
55655 5476
55656 47752
55656 50708
55657 53302
55657 38220
55658 14057
55658 36964
55659 34698
55659 43804
55660 55353
55660 26346
55661 53628
55661 10706
55662 55103
55662 30657
55663 53847
55663 26200
55664 53541
55664 52162
55665 16787
55665 18439
55666 54450
55666 12304
55667 7683
55667 33417
55668 28276
55668 31509
55669 53373
55669 5366
55670 1958
55670 52482
55671 35390
55671 32371
55672 23286
55672 5726
55673 55094
55673 6862
55674 35236
55674 39360
55675 53767
55675 11136
55676 8188
55676 11416
55677 36591
55677 33129
55678 15695
55678 4088
55679 53197
55679 19849
55680 53623
55680 20113
55681 3592
55681 50120
55682 42291
55682 4532
55683 55053
55683 25534
55684 36420
55684 50220
55685 42191
55685 18649
55686 8290
55686 4354
55687 39960
55687 46146
55688 55470
55688 51062
55689 53398
55689 4622
55690 16926
55690 44982
55691 16301
55691 11248
55692 53919
55692 17241
55693 49086
55693 32813
55694 14117
55694 32253
55695 42607
55695 50660
55696 16467
55696 18147
55697 48572
55697 17825
55698 9728
55698 19067
55699 54095
55699 4870
55700 14058
55700 38824
55701 23066
55701 6894
55702 53691
55702 46402
55703 15331
55703 38230
55704 34072
55704 6364
55705 54691
55705 11744
55706 48796
55706 52064
55707 53198
55707 32021
55708 35388
55708 19999
55709 9650
55709 19127
55710 42617
55710 50652
55711 54242
55711 38204
55712 34218
55712 31695
55713 41671
55713 51214
55714 36706
55714 13032
55715 9040
55715 44502
55716 35612
55716 51546
55717 16113
55717 52820
55718 46894
55718 50574
55719 54631
55719 37936
55720 16325
55720 18659
55721 54944
55721 18073
55722 53288
55722 18785
55723 15888
55723 32761
55724 9166
55724 45654
55725 54395
55725 4544
55726 55126
55726 464
55727 27962
55727 53034
55728 36220
55728 46064
55729 54561
55729 6778
55730 53435
55730 19495
55731 34004
55731 44234
55732 19314
55732 31689
55733 53202
55733 19303
55734 42135
55734 24580
55735 18011
55735 31475
55736 53698
55736 18155
55737 35846
55737 38236
55738 10142
55738 33175
55739 20560
55739 30489
55740 53960
55740 24276
55741 40575
55741 10962
55742 54511
55742 51716
55743 7276
55743 26028
55744 14169
55744 12036
55745 53463
55745 5846
55746 54279
55746 25054
55747 14871
55747 44518
55748 48070
55748 26382
55749 54378
55749 39724
55750 54690
55750 18445
55751 23252
55751 25910
55752 28088
55752 6382
55753 29218
55753 5870
55754 7698
55754 37508
55755 1957
55755 26220
55756 35438
55756 20079
55757 53447
55757 32421
55758 40717
55758 50596
55759 287
55759 18415
55760 55
55760 24946
55761 35886
55761 4194
55762 3443
55762 26370
55763 27490
55763 18547
55764 3413
55764 44658
55765 53278
55765 26280
55766 53748
55766 50018
55767 35470
55767 19047
55768 18828
55768 52110
55769 49196
55769 26024
55770 27952
55770 6422
55771 9375
55771 24794
55772 40419
55772 25550
55773 3666
55773 50786
55774 23391
55774 24522
55775 41241
55775 26540
55776 47946
55776 43926
55777 41317
55777 31865
55778 53646
55778 25794
55779 54018
55779 37290
55780 42127
55780 45502
55781 2186
55781 4706
55782 8598
55782 31523
55783 600
55783 45790
55784 55714
55784 19231
55785 20761
55785 37354
55786 988
55786 6342
55787 35074
55787 25242
55788 2427
55788 44042
55789 54661
55789 19185
55790 41299
55790 12882
55791 53670
55791 4748
55792 43353
55792 51080
55793 3397
55793 39956
55794 54663
55794 11034
55795 15717
55795 25514
55796 3582
55796 38426
55797 54329
55797 18225
55798 15883
55798 43660
55799 29498
55799 31821
55800 53709
55800 37546
55801 54754
55801 5686
55802 7788
55802 26208
55803 41653
55803 51290
55804 35560
55804 13248
55805 21656
55805 19315
55806 54379
55806 24262
55807 22600
55807 37728
55808 54256
55808 11298
55809 43091
55809 38976
55810 46810
55810 25996
55811 36162
55811 43844
55812 28350
55812 5240
55813 27858
55813 32659
55814 644
55814 13560
55815 34290
55815 37372
55816 1361
55816 51994
55817 48525
55817 53018
55818 35322
55818 18213
55819 16587
55819 50076
55820 54221
55820 17405
55821 53315
55821 10588
55822 20984
55822 50618
55823 34574
55823 4280
55824 53428
55824 23918
55825 22756
55825 4652
55826 54767
55826 44876
55827 54351
55827 10812
55828 3422
55828 32879
55829 53586
55829 6252
55830 17077
55830 5336
55831 28672
55831 19661
55832 42149
55832 33051
55833 23243
55833 30797
55834 33768
55834 44132
55835 3362
55835 32695
55836 2198
55836 51078
55837 36310
55837 11750
55838 54300
55838 52862
55839 10652
55839 31565
55840 53845
55840 43836
55841 54291
55841 23814
55842 42200
55842 25290
55843 21604
55843 17233
55844 46908
55844 45834
55845 36342
55845 5042
55846 21538
55846 25206
55847 46880
55847 37366
55848 11498
55848 512
55849 53451
55849 13486
55850 34860
55850 4252
55851 9642
55851 3906
55852 54564
55852 31635
55853 55090
55853 5482
55854 53601
55854 39020
55855 41699
55855 4636
55856 34790
55856 51938
55857 21732
55857 43994
55858 53606
55858 45530
55859 9856
55859 46038
55860 53913
55860 30955
55861 54169
55861 50630
55862 17913
55862 11176
55863 34702
55863 10864
55864 1968
55864 31289
55865 53431
55865 13638
55866 54596
55866 5914
55867 9448
55867 51298
55868 42465
55868 17403
55869 41509
55869 52214
55870 53896
55870 6256
55871 54798
55871 25086
55872 29588
55872 6028
55873 8730
55873 12174
55874 36678
55874 32495
55875 35842
55875 26670
55876 36002
55876 44476
55877 3748
55877 52138
55878 40893
55878 45100
55879 53989
55879 12754
55880 1336
55880 45334
55881 53664
55881 24632
55882 40665
55882 5646
55883 9886
55883 5838
55884 49670
55884 18459
55885 54761
55885 12770
55886 14553
55886 52072
55887 21853
55887 5604
55888 9640
55888 25624
55889 42027
55889 5402
55890 53598
55890 24590
55891 34984
55891 39060
55892 53369
55892 12320
55893 15681
55893 44422
55894 53755
55894 13390
55895 15670
55895 38956
55896 42648
55896 5452
55897 53313
55897 33445
55898 16611
55898 17921
55899 55123
55899 19227
55900 54507
55900 30757
55901 2257
55901 46110
55902 42543
55902 5614
55903 53844
55903 26500
55904 55688
55904 570
55905 12289
55905 6872
55906 16901
55906 32131
55907 8654
55907 45692
55908 795
55908 45186
55909 15133
55909 51384
55910 20526
55910 52864
55911 40997
55911 13190
55912 28200
55912 6334
55913 14561
55913 24476
55914 28766
55914 38484
55915 54983
55915 19367
55916 30162
55916 37098
55917 8123
55917 52326
55918 20786
55918 20147
55919 54783
55919 13188
55920 1340
55920 31633
55921 54515
55921 5194
55922 1956
55922 6460
55923 1766
55923 3974
55924 8034
55924 19899
55925 34944
55925 38792
55926 14959
55926 44316
55927 592
55927 32039
55928 48586
55928 33229
55929 54119
55929 45780
55930 28732
55930 6230
55931 54005
55931 17595
55932 53275
55932 6564
55933 21138
55933 10884
55934 21410
55934 17499
55935 53591
55935 45886
55936 41969
55936 39966
55937 16683
55937 5500
55938 53822
55938 12152
55939 48072
55939 18497
55940 53520
55940 43654
55941 53729
55941 12798
55942 28148
55942 19143
55943 53700
55943 38612
55944 21874
55944 31063
55945 23118
55945 13534
55946 53330
55946 51362
55947 54360
55947 18383
55948 8084
55948 6366
55949 39240
55949 32419
55950 47962
55950 11268
55951 54592
55951 6972
55952 21160
55952 4700
55953 53307
55953 4914
55954 55698
55954 51620
55955 15011
55955 36922
55956 21856
55956 12602
55957 49674
55957 17573
55958 54833
55958 51408
55959 16594
55959 45064
55960 22026
55960 31973
55961 53391
55961 5242
55962 8194
55962 10626
55963 53236
55963 20255
55964 3263
55964 12078
55965 53239
55965 5918
55966 54283
55966 38424
55967 54581
55967 11910
55968 28494
55968 6084
55969 54285
55969 10646
55970 2984
55970 24556
55971 36084
55971 31319
55972 1187
55972 37106
55973 20939
55973 24800
55974 3734
55974 17373
55975 2584
55975 4834
55976 3816
55976 44362
55977 27804
55977 18315
55978 53873
55978 49924
55979 35110
55979 12772
55980 40481
55980 19175
55981 1470
55981 18473
55982 49005
55982 6226
55983 49344
55983 6836
55984 27162
55984 23955
55985 48582
55985 32433
55986 14161
55986 4034
55987 20912
55987 11394
55988 54362
55988 46534
55989 55398
55989 53004
55990 50508
55990 32359
55991 53368
55991 25994
55992 9396
55992 26864
55993 16061
55993 39376
55994 30262
55994 17465
55995 1390
55995 5626
55996 43191
55996 12184
55997 53521
55997 17287
55998 40999
55998 10924
55999 422
55999 5696
56000 42603
56000 24830
56001 54905
56001 24750
56002 47504
56002 45110
56003 30142
56003 12416
56004 53429
56004 52412
56005 688
56005 25724
56006 35366
56006 30895
56007 20648
56007 12120
56008 49460
56008 50784
56009 35538
56009 20237
56010 27562
56010 51708
56011 33677
56011 50594
56012 55116
56012 10544
56013 54574
56013 23952
56014 15497
56014 6208
56015 55029
56015 38486
56016 54192
56016 23880
56017 1184
56017 12512
56018 14825
56018 46028
56019 53814
56019 26160
56020 55043
56020 5922
56021 7930
56021 39654
56022 29276
56022 43698
56023 16475
56023 37864
56024 29056
56024 43618
56025 49272
56025 11890
56026 8670
56026 4510
56027 16441
56027 11976
56028 35580
56028 24952
56029 27580
56029 10982
56030 20922
56030 24780
56031 21390
56031 4464
56032 3257
56032 51584
56033 8974
56033 43492
56034 41373
56034 37790
56035 1482
56035 51862
56036 53975
56036 10686
56037 14019
56037 37778
56038 53354
56038 33353
56039 48294
56039 11564
56040 10457
56040 19877
56041 54174
56041 19841
56042 9850
56042 50348
56043 29170
56043 11524
56044 53986
56044 52744
56045 42529
56045 24674
56046 53273
56046 12588
56047 18403
56047 31115
56048 3198
56048 46444
56049 506
56049 24332
56050 34812
56050 30727
56051 8904
56051 18425
56052 41975
56052 12300
56053 42701
56053 18099
56054 35591
56054 30775
56055 16281
56055 43978
56056 55098
56056 5718
56057 53473
56057 5304
56058 54785
56058 50434
56059 34776
56059 51382
56060 53247
56060 37350
56061 54694
56061 52848
56062 54930
56062 13300
56063 8164
56063 11180
56064 55001
56064 12776
56065 47732
56065 26302
56066 54510
56066 19839
56067 54509
56067 13600
56068 42325
56068 39644
56069 23261
56069 38086
56070 14673
56070 18527
56071 55956
56071 13480
56072 53631
56072 32239
56073 41667
56073 11604
56074 36760
56074 6404
56075 134
56075 44280
56076 54811
56076 4356
56077 38750
56077 53
56078 9527
56078 19637
56079 33994
56079 19431
56080 15233
56080 6082
56081 40296
56081 5074
56082 53828
56082 18911
56083 2359
56083 52502
56084 34294
56084 37506
56085 29730
56085 19691
56086 30136
56086 3962
56087 53457
56087 18361
56088 53756
56088 3936
56089 54602
56089 11044
56090 42453
56090 4232
56091 29982
56091 32713
56092 54477
56092 50450
56093 7616
56093 11780
56094 35234
56094 19055
56095 53353
56095 52100
56096 53869
56096 10632
56097 54253
56097 37478
56098 27410
56098 19833
56099 29102
56099 37278
56100 8092
56100 12956
56101 53797
56101 26492
56102 48668
56102 19521
56103 30141
56103 5562
56104 27407
56104 18491
56105 43328
56105 45994
56106 25932
56106 564
56107 20566
56107 11790
56108 8529
56108 23964
56109 55121
56109 32993
56110 8081
56110 11916
56111 33696
56111 12394
56112 54334
56112 18559
56113 27692
56113 50792
56114 53395
56114 20129
56115 53371
56115 6474
56116 14747
56116 17975
56117 8112
56117 32855
56118 2862
56118 13382
56119 47958
56119 17875
56120 48666
56120 19213
56121 16387
56121 11786
56122 54780
56122 13614
56123 10428
56123 6386
56124 40323
56124 52942
56125 54703
56125 5902
56126 4477
56126 38912
56127 54439
56127 12326
56128 53558
56128 50244
56129 15351
56129 26016
56130 20851
56130 17887
56131 27462
56131 45792
56132 53784
56132 24572
56133 54280
56133 49936
56134 22336
56134 5824
56135 20618
56135 5054
56136 7914
56136 50108
56137 54126
56137 38518
56138 53480
56138 38906
56139 53276
56139 4206
56140 53483
56140 12312
56141 8408
56141 4628
56142 54606
56142 18605
56143 48300
56143 45582
56144 40923
56144 11468
56145 48318
56145 11898
56146 53782
56146 18725
56147 13887
56147 52484
56148 53952
56148 18467
56149 2396
56149 45548
56150 53200
56150 32291
56151 53327
56151 540
56152 34086
56152 13426
56153 54034
56153 11284
56154 35712
56154 13570
56155 22328
56155 31583
56156 29560
56156 37094
56157 35008
56157 32279
56158 16883
56158 51414
56159 9638
56159 5278
56160 39530
56160 38018
56161 53241
56161 44240
56162 47018
56162 51730
56163 21143
56163 6436
56164 28916
56164 10832
56165 15235
56165 17925
56166 53890
56166 39220
56167 33987
56167 24008
56168 47990
56168 26030
56169 54485
56169 4136
56170 22518
56170 30397
56171 36644
56171 25126
56172 47528
56172 25406
56173 47808
56173 24018
56174 21493
56174 37650
56175 34418
56175 31561
56176 54431
56176 12216
56177 55088
56177 18009
56178 27744
56178 38690
56179 2252
56179 12864
56180 41069
56180 44498
56181 54521
56181 32955
56182 53562
56182 17731
56183 36597
56183 19217
56184 930
56184 50016
56185 40547
56185 17415
56186 7596
56186 50074
56187 2240
56187 31619
56188 55235
56188 5542
56189 56071
56189 32533
56190 54553
56190 17367
56191 54480
56191 39214
56192 7574
56192 33023
56193 20910
56193 25652
56194 56068
56194 6588
56195 15655
56195 3950
56196 54255
56196 19339
56197 54672
56197 5296
56198 53466
56198 24910
56199 29916
56199 44568
56200 325
56200 10694
56201 568
56201 6446
56202 42513
56202 26312
56203 7684
56203 18775
56204 41426
56204 10950
56205 54144
56205 39768
56206 53272
56206 13052
56207 53649
56207 26748
56208 53413
56208 25848
56209 55352
56209 23940
56210 41442
56210 39286
56211 53778
56211 24748
56212 9380
56212 18629
56213 14592
56213 46282
56214 54916
56214 6682
56215 377
56215 39436
56216 54846
56216 25458
56217 47592
56217 25376
56218 48552
56218 26592
56219 55438
56219 18731
56220 54518
56220 43826
56221 54713
56221 18377
56222 53934
56222 11720
56223 1228
56223 51954
56224 53928
56224 26732
56225 29220
56225 18249
56226 23442
56226 31389
56227 22692
56227 25582
56228 53632
56228 25422
56229 28896
56229 46096
56230 55155
56230 5386
56231 29022
56231 18047
56232 166
56232 24658
56233 27396
56233 33379
56234 15453
56234 32651
56235 54873
56235 17379
56236 53251
56236 25772
56237 55450
56237 4172
56238 53263
56238 4130
56239 41451
56239 24496
56240 23397
56240 37664
56241 55119
56241 19829
56242 40611
56242 18707
56243 10172
56243 37006
56244 53196
56244 5428
56245 15137
56245 5092
56246 28388
56246 12282
56247 55370
56247 26832
56248 14602
56248 12024
56249 3262
56249 11686
56250 53505
56250 45154
56251 41179
56251 33211
56252 9182
56252 5082
56253 21254
56253 31961
56254 54789
56254 10576
56255 10226
56255 30741
56256 16075
56256 31577
56257 47850
56257 25000
56258 36684
56258 52906
56259 504
56259 26886
56260 14303
56260 17867
56261 28242
56261 37284
56262 48204
56262 4414
56263 21296
56263 37758
56264 53610
56264 5374
56265 53953
56265 44426
56266 10114
56266 32373
56267 54386
56267 10802
56268 15089
56268 19323
56269 53885
56269 32923
56270 47004
56270 46044
56271 436
56271 50232
56272 54829
56272 23832
56273 29536
56273 6706
56274 54424
56274 4078
56275 53663
56275 50480
56276 8898
56276 51420
56277 9222
56277 39532
56278 40615
56278 49956
56279 54207
56279 51410
56280 35071
56280 26668
56281 40899
56281 18187
56282 53881
56282 51794
56283 22100
56283 6486
56284 3728
56284 5228
56285 1964
56285 45076
56286 54136
56286 5398
56287 9112
56287 6976
56288 14153
56288 24292
56289 35796
56289 50264
56290 42803
56290 39590
56291 2110
56291 19825
56292 1286
56292 19977
56293 16644
56293 31733
56294 34234
56294 12436
56295 27302
56295 32709
56296 53853
56296 51914
56297 2846
56297 39078
56298 41767
56298 37720
56299 41361
56299 5966
56300 20832
56300 32635
56301 53471
56301 52076
56302 34006
56302 51782
56303 53280
56303 43924
56304 3220
56304 50844
56305 610
56305 45280
56306 46738
56306 10620
56307 2658
56307 5874
56308 36284
56308 52090
56309 9720
56309 13502
56310 54681
56310 26596
56311 53639
56311 17835
56312 1540
56312 18269
56313 53443
56313 12288
56314 36232
56314 44872
56315 54594
56315 17853
56316 8067
56316 24672
56317 55008
56317 53006
56318 15727
56318 24684
56319 47330
56319 26836
56320 48794
56320 30547
56321 53964
56321 37528
56322 36734
56322 5060
56323 27880
56323 38422
56324 53211
56324 3978
56325 15919
56325 52444
56326 54143
56326 12274
56327 41456
56327 46494
56328 53798
56328 10890
56329 28938
56329 25424
56330 49164
56330 17753
56331 53966
56331 10898
56332 53613
56332 43824
56333 47918
56333 38332
56334 2917
56334 51088
56335 55154
56335 52428
56336 9246
56336 51194
56337 41360
56337 51910
56338 54217
56338 51458
56339 53819
56339 6146
56340 2268
56340 6914
56341 3554
56341 45910
56342 255
56342 51128
56343 53791
56343 23878
56344 23620
56344 39670
56345 56108
56345 32113
56346 42979
56346 6008
56347 52
56347 51438
56348 36676
56348 12138
56349 20886
56349 5858
56350 16747
56350 51154
56351 22598
56351 50714
56352 55041
56352 45766
56353 14883
56353 50604
56354 28286
56354 37624
56355 33668
56355 31653
56356 54298
56356 39910
56357 49214
56357 37788
56358 9316
56358 32281
56359 20734
56359 38616
56360 48066
56360 38052
56361 56151
56361 13745
56362 2178
56362 37576
56363 54868
56363 18135
56364 8742
56364 44842
56365 21832
56365 31253
56366 54263
56366 6114
56367 41311
56367 12632
56368 23326
56368 13594
56369 15271
56369 38662
56370 53568
56370 10720
56371 1568
56371 6470
56372 53906
56372 5134
56373 7714
56373 12650
56374 35054
56374 39816
56375 33676
56375 19467
56376 29840
56376 12196
56377 78
56377 39458
56378 32249
56378 548
56379 8838
56379 26710
56380 54579
56380 25312
56381 14263
56381 50010
56382 54376
56382 39342
56383 46808
56383 31199
56384 36186
56384 45072
56385 8766
56385 11582
56386 48272
56386 31879
56387 22244
56387 37192
56388 41353
56388 45508
56389 54588
56389 39566
56390 55061
56390 52700
56391 16085
56391 13632
56392 48774
56392 12548
56393 53736
56393 19445
56394 7089
56394 4220
56395 16261
56395 51592
56396 53678
56396 37230
56397 48412
56397 51508
56398 54165
56398 5988
56399 49620
56399 12182
56400 21044
56400 43930
56401 27491
56401 51090
56402 36680
56402 52632
56403 27228
56403 6650
56404 10036
56404 11228
56405 52056
56405 26572
56406 29580
56406 5782
56407 55425
56407 614
56408 14857
56408 31091
56409 1776
56409 26014
56410 54265
56410 32853
56411 49269
56411 33193
56412 53362
56412 12846
56413 54432
56413 33361
56414 54573
56414 38900
56415 16215
56415 17783
56416 55153
56416 6312
56417 54273
56417 38860
56418 8074
56418 25704
56419 3070
56419 52354
56420 54666
56420 31465
56421 42111
56421 50568
56422 21884
56422 6830
56423 2964
56423 18637
56424 53329
56424 12914
56425 53496
56425 52418
56426 54633
56426 12244
56427 41185
56427 51118
56428 54454
56428 6788
56429 53243
56429 26584
56430 17150
56430 11820
56431 41605
56431 39622
56432 47346
56432 4800
56433 48686
56433 37840
56434 53615
56434 31039
56435 530
56435 30521
56436 53830
56436 33369
56437 56401
56437 5078
56438 22582
56438 11752
56439 20833
56439 25982
56440 53337
56440 6106
56441 35424
56441 30857
56442 20470
56442 6842
56443 53510
56443 25020
56444 590
56444 19515
56445 1952
56445 26452
56446 29172
56446 24812
56447 14761
56447 11818
56448 53710
56448 5454
56449 30242
56449 45660
56450 54904
56450 13092
56451 55955
56451 45486
56452 54662
56452 44858
56453 21782
56453 43544
56454 16107
56454 13464
56455 54855
56455 52426
56456 34780
56456 31177
56457 47474
56457 31727
56458 43219
56458 23890
56459 54172
56459 31425
56460 53193
56460 30407
56461 53444
56461 32309
56462 49405
56462 10820
56463 28386
56463 37316
56464 55875
56464 31531
56465 15404
56465 51656
56466 9700
56466 39504
56467 53946
56467 39326
56468 40498
56468 12224
56469 53545
56469 11552
56470 54967
56470 24374
56471 41891
56471 5652
56472 53207
56472 39514
56473 27948
56473 17353
56474 53234
56474 5532
56475 20557
56475 4878
56476 466
56476 20135
56477 16799
56477 25504
56478 49682
56478 4224
56479 55497
56479 38474
56480 42860
56480 11382
56481 53629
56481 12702
56482 16117
56482 38560
56483 48442
56483 38718
56484 53573
56484 44082
56485 15641
56485 25998
56486 14872
56486 45128
56487 22398
56487 5516
56488 22602
56488 37846
56489 53567
56489 37424
56490 53440
56490 37504
56491 43682
56491 513
56492 9994
56492 18051
56493 2428
56493 18913
56494 164
56494 52282
56495 53231
56495 5456
56496 42185
56496 45014
56497 8916
56497 32123
56498 2804
56498 13030
56499 29436
56499 31829
56500 29313
56500 51146
56501 9874
56501 51836
56502 10348
56502 4418
56503 36582
56503 30647
56504 54262
56504 38506
56505 1177
56505 4284
56506 21789
56506 39072
56507 16490
56507 11572
56508 54938
56508 37768
56509 2356
56509 19403
56510 33888
56510 46320
56511 56162
56511 24540
56512 28907
56512 24442
56513 9762
56513 12306
56514 14427
56514 25818
56515 55844
56515 33101
56516 17078
56516 52068
56517 35500
56517 13370
56518 27540
56518 13308
56519 53217
56519 37698
56520 54181
56520 45330
56521 3638
56521 45522
56522 1733
56522 17761
56523 53910
56523 45586
56524 2913
56524 12478
56525 53998
56525 31793
56526 16849
56526 32597
56527 53724
56527 12204
56528 53270
56528 11654
56529 34310
56529 39570
56530 55619
56530 39554
56531 450
56531 26046
56532 56511
56532 4924
56533 29784
56533 18945
56534 53228
56534 44166
56535 850
56535 25586
56536 53843
56536 52378
56537 40696
56537 18737
56538 48422
56538 6554
56539 53794
56539 38754
56540 8295
56540 50796
56541 27817
56541 25398
56542 7428
56542 11058
56543 53412
56543 44506
56544 54134
56544 19727
56545 54101
56545 46042
56546 7436
56546 26444
56547 29538
56547 17735
56548 53291
56548 17757
56549 27886
56549 33335
56550 41137
56550 38040
56551 54021
56551 44048
56552 53311
56552 5720
56553 53535
56553 6420
56554 56361
56554 38322
56555 40877
56555 6940
56556 36140
56556 30453
56557 49818
56557 31641
56558 9245
56558 24662
56559 35637
56559 37038
56560 22649
56560 37964
56561 54870
56561 19631
56562 3200
56562 38684
56563 53382
56563 50906
56564 55101
56564 26306
56565 53943
56565 37994
56566 51
56566 18941
56567 43289
56567 10846
56568 29140
56568 24480
56569 27776
56569 18239
56570 16379
56570 24752
56571 53722
56571 32305
56572 46940
56572 31343
56573 54130
56573 24206
56574 1258
56574 32355
56575 54563
56575 45386
56576 8734
56576 30811
56577 604
56577 4486
56578 54150
56578 32139
56579 43197
56579 26456
56580 48768
56580 33153
56581 636
56581 33393
56582 54788
56582 12556
56583 2292
56583 13298
56584 54216
56584 45212
56585 49672
56585 44882
56586 53379
56586 51692
56587 16316
56587 31913
56588 524
56588 26124
56589 54308
56589 5600
56590 21204
56590 32599
56591 29672
56591 17461
56592 41885
56592 11368
56593 35050
56593 25964
56594 21030
56594 32263
56595 28638
56595 25970
56596 35460
56596 51718
56597 2806
56597 6274
56598 2764
56598 45008
56599 53503
56599 11538
56600 17139
56600 5534
56601 53617
56601 17669
56602 55204
56602 5362
56603 56488
56603 12672
56604 41275
56604 13034
56605 15611
56605 13288
56606 7738
56606 18873
56607 47566
56607 4950
56608 56174
56608 45788
56609 53222
56609 12646
56610 14454
56610 26856
56611 53711
56611 6924
56612 53298
56612 11974
56613 34848
56613 17229
56614 1524
56614 52420
56615 2932
56615 24416
56616 53824
56616 52358
56617 36572
56617 45118
56618 3740
56618 25666
56619 30188
56619 33071
56620 54187
56620 4268
56621 29792
56621 38352
56622 8248
56622 19925
56623 53795
56623 33411
56624 40883
56624 11670
56625 58
56625 37602
56626 19113
56626 24586
56627 22874
56627 26656
56628 41925
56628 30571
56629 305
56629 17717
56630 53264
56630 18215
56631 53689
56631 33365
56632 53821
56632 44172
56633 496
56633 31889
56634 53320
56634 23800
56635 43149
56635 46188
56636 55928
56636 24188
56637 27218
56637 30541
56638 43287
56638 39416
56639 47352
56639 20039
56640 53712
56640 44128
56641 54560
56641 12580
56642 49026
56642 17507
56643 28526
56643 4576
56644 55026
56644 40012
56645 29296
56645 17883
56646 3400
56646 50868
56647 2614
56647 37820
56648 35404
56648 37220
56649 20726
56649 45366
56650 49120
56650 52994
56651 53661
56651 11230
56652 29314
56652 39774
56653 35122
56653 50080
56654 16737
56654 44686
56655 55095
56655 18689
56656 49082
56656 44326
56657 54459
56657 33297
56658 29272
56658 46252
56659 7536
56659 37356
56660 53507
56660 11980
56661 53889
56661 45984
56662 43075
56662 4164
56663 22396
56663 38730
56664 1747
56664 45194
56665 53194
56665 25638
56666 22422
56666 6482
56667 47344
56667 37566
56668 54299
56668 11682
56669 49118
56669 5260
56670 7302
56670 4204
56671 11225
56671 12728
56672 54355
56672 31887
56673 54421
56673 18063
56674 53667
56674 50012
56675 983
56675 31005
56676 54587
56676 11706
56677 9604
56677 52456
56678 48256
56678 12768
56679 7586
56679 30667
56680 54409
56680 52452
56681 56098
56681 43526
56682 29252
56682 5130
56683 742
56683 31907
56684 8833
56684 52672
56685 54600
56685 26688
56686 8420
56686 51710
56687 54094
56687 11142
56688 22046
56688 18555
56689 223
56689 32029
56690 10202
56690 25986
56691 700
56691 5538
56692 23232
56692 33391
56693 53759
56693 38488
56694 9354
56694 6692
56695 55038
56695 25870
56696 53425
56696 6874
56697 9044
56697 46460
56698 53312
56698 4324
56699 27481
56699 46336
56700 53863
56700 13024
56701 9716
56701 11280
56702 22511
56702 39432
56703 2850
56703 38246
56704 14955
56704 31681
56705 1290
56705 50258
56706 54122
56706 51766
56707 40687
56707 37338
56708 16198
56708 5788
56709 53221
56709 6110
56710 41151
56710 38000
56711 21674
56711 37458
56712 53328
56712 18451
56713 48614
56713 18733
56714 53593
56714 13366
56715 46782
56715 18241
56716 22168
56716 43950
56717 22278
56717 31121
56718 49480
56718 52078
56719 54031
56719 45710
56720 30160
56720 39216
56721 55926
56721 20191
56722 2656
56722 31963
56723 1525
56723 12350
56724 14827
56724 45376
56725 16251
56725 31529
56726 53770
56726 10680
56727 54593
56727 12592
56728 7590
56728 45882
56729 54778
56729 5128
56730 8060
56730 39298
56731 34736
56731 12346
56732 47858
56732 43612
56733 21600
56733 46306
56734 53861
56734 6118
56735 562
56735 39288
56736 22880
56736 32925
56737 26182
56737 11436
56738 41785
56738 17413
56739 56314
56739 11954
56740 40713
56740 52728
56741 27248
56741 12342
56742 9579
56742 20167
56743 53865
56743 5274
56744 28115
56744 18863
56745 30152
56745 6100
56746 816
56746 6558
56747 30200
56747 39192
56748 54132
56748 13314
56749 16076
56749 44176
56750 54115
56750 12356
56751 54436
56751 25172
56752 53216
56752 11132
56753 39000
56753 11982
56754 29152
56754 31825
56755 2550
56755 24080
56756 54797
56756 51456
56757 34862
56757 32025
56758 48214
56758 52910
56759 33874
56759 6326
56760 21518
56760 44062
56761 53750
56761 52792
56762 55985
56762 138
56763 42369
56763 19145
56764 23050
56764 6108
56765 16863
56765 30517
56766 27328
56766 46140
56767 27552
56767 4574
56768 53548
56768 44160
56769 42143
56769 31267
56770 7420
56770 52972
56771 9852
56771 19237
56772 23795
56772 5212
56773 33752
56773 6854
56774 27353
56774 19665
56775 53317
56775 20121
56776 53751
56776 17215
56777 47816
56777 4872
56778 20197
56778 51538
56779 3156
56779 26858
56780 28842
56780 23854
56781 3311
56781 12302
56782 54139
56782 52836
56783 14305
56783 50086
56784 34706
56784 4890
56785 29745
56785 32765
56786 54074
56786 32677
56787 55626
56787 31667
56788 2825
56788 43728
56789 53685
56789 31033
56790 2134
56790 38218
56791 22722
56791 52800
56792 9894
56792 37216
56793 7607
56793 26644
56794 54075
56794 45216
56795 8366
56795 46326
56796 28156
56796 6034
56797 42835
56797 25396
56798 36829
56798 24854
56799 23526
56799 12876
56800 28377
56800 45814
56801 21340
56801 25820
56802 2710
56802 26896
56803 40738
56803 12660
56804 189
56804 4964
56805 2108
56805 32375
56806 172
56806 17593
56807 54123
56807 50332
56808 53220
56808 25160
56809 42783
56809 39080
56810 598
56810 18365
56811 54641
56811 51172
56812 53506
56812 12208
56813 53210
56813 5744
56814 48380
56814 50588
56815 42175
56815 31501
56816 21799
56816 44492
56817 14417
56817 32619
56818 53813
56818 39928
56819 16055
56819 43646
56820 1468
56820 13318
56821 28480
56821 50344
56822 54840
56822 32057
56823 28132
56823 24252
56824 9612
56824 26212
56825 54827
56825 33075
56826 35436
56826 52118
56827 54208
56827 17633
56828 40975
56828 26002
56829 40360
56829 32001
56830 25616
56830 12052
56831 27482
56831 32083
56832 43123
56832 39800
56833 1188
56833 31703
56834 6572
56834 52478
56835 9435
56835 39294
56836 54204
56836 39888
56837 13883
56837 38680
56838 40935
56838 30761
56839 8094
56839 18697
56840 54752
56840 13144
56841 29280
56841 31111
56842 14987
56842 4744
56843 34576
56843 25420
56844 47223
56844 45234
56845 47568
56845 12230
56846 53374
56846 5058
56847 41173
56847 24398
56848 8315
56848 18503
56849 8804
56849 44864
56850 55572
56850 18655
56851 15941
56851 26158
56852 27376
56852 17905
56853 54844
56853 45616
56854 14157
56854 26906
56855 13913
56855 31129
56856 34426
56856 39306
56857 2752
56857 19477
56858 49902
56858 5410
56859 22943
56859 5636
56860 54849
56860 12132
56861 36344
56861 4780
56862 54622
56862 11054
56863 54340
56863 19313
56864 53933
56864 33233
56865 54345
56865 30989
56866 54205
56866 44144
56867 24102
56867 51022
56868 15693
56868 32241
56869 34854
56869 39026
56870 54572
56870 23900
56871 41477
56871 11124
56872 7506
56872 19345
56873 47744
56873 4026
56874 47176
56874 30967
56875 54015
56875 10550
56876 53238
56876 32805
56877 39242
56877 19109
56878 594
56878 13270
56879 35744
56879 30431
56880 53630
56880 26244
56881 141
56881 13132
56882 48160
56882 168
56883 22282
56883 11220
56884 53437
56884 4428
56885 53250
56885 6808
56886 54514
56886 12258
56887 8038
56887 39898
56888 41359
56888 10926
56889 35638
56889 38784
56890 54025
56890 39544
56891 20816
56891 17805
56892 54879
56892 37452
56893 21177
56893 37552
56894 15441
56894 31153
56895 54341
56895 26818
56896 29653
56896 45136
56897 55176
56897 37748
56898 53733
56898 44382
56899 16643
56899 51810
56900 42455
56900 17843
56901 54984
56901 24688
56902 40257
56902 4768
56903 110
56903 45924
56904 36044
56904 24448
56905 54921
56905 10786
56906 56189
56906 19043
56907 9870
56907 6354
56908 15585
56908 20297
56909 28560
56909 52552
56910 36169
56910 38942
56911 221
56911 13530
56912 15179
56912 19273
56913 22070
56913 26260
56914 54570
56914 44374
56915 8002
56915 50524
56916 41762
56916 24326
56917 54590
56917 24122
56918 8012
56918 12128
56919 47332
56919 25936
56920 54647
56920 5176
56921 17057
56921 17615
56922 15677
56922 12414
56923 53954
56923 5290
56924 15263
56924 52098
56925 53458
56925 18287
56926 48536
56926 37568
56927 28414
56927 39362
56928 42943
56928 51964
56929 33756
56929 37320
56930 13775
56930 12652
56931 34564
56931 26410
56932 53495
56932 44392
56933 48532
56933 39730
56934 8814
56934 45928
56935 28008
56935 17437
56936 486
56936 45974
56937 53836
56937 52160
56938 22412
56938 5560
56939 15449
56939 32769
56940 28743
56940 20289
56941 30224
56941 6408
56942 36660
56942 18331
56943 53679
56943 31065
56944 3758
56944 44332
56945 28190
56945 32471
56946 21408
56946 17643
56947 54067
56947 4292
56948 54370
56948 26470
56949 28804
56949 37170
56950 55984
56950 18327
56951 56753
56951 12604
56952 53338
56952 39842
56953 54445
56953 19711
56954 154
56954 24840
56955 22705
56955 150
56956 48030
56956 38964
56957 54687
56957 25650
56958 1932
56958 51820
56959 36520
56959 13434
56960 55111
56960 12530
56961 34952
56961 13328
56962 638
56962 20101
56963 54331
56963 30551
56964 16599
56964 37514
56965 126
56965 19687
56966 33834
56966 4936
56967 36154
56967 31833
56968 54530
56968 6156
56969 6932
56969 10833
56970 15139
56970 39932
56971 52952
56971 6428
56972 48758
56972 5730
56973 15354
56973 31639
56974 36812
56974 52520
56975 2960
56975 39296
56976 53445
56976 50418
56977 54740
56977 33239
56978 56223
56978 38008
56979 36811
56979 50194
56980 54562
56980 52348
56981 30350
56981 52026
56982 9194
56982 50662
56983 23100
56983 50384
56984 9368
56984 6982
56985 43073
56985 11644
56986 36540
56986 38154
56987 53595
56987 10830
56988 10360
56988 39046
56989 14653
56989 46020
56990 26933
56990 39852
56991 36534
56991 4318
56992 47867
56992 31769
56993 3608
56993 13014
56994 42223
56994 51124
56995 22098
56995 43522
56996 28838
56996 31551
56997 54731
56997 12470
56998 47096
56998 38866
56999 15696
56999 52706
57000 576
57000 19817
57001 29328
57001 39914
57002 36714
57002 6390
57003 28643
57003 20075
57004 10264
57004 25118
57005 40933
57005 19935
57006 28686
57006 25226
57007 50020
57007 44672
57008 27650
57008 31077
57009 56420
57009 52886
57010 21652
57010 17321
57011 3370
57011 45920
57012 27602
57012 32323
57013 43265
57013 46526
57014 49356
57014 10662
57015 54516
57015 37250
57016 34184
57016 19569
57017 41789
57017 5540
57018 53268
57018 4668
57019 8304
57019 25738
57020 54419
57020 18677
57021 15380
57021 45056
57022 34200
57022 30981
57023 47904
57023 25824
57024 998
57024 32793
57025 53776
57025 5956
57026 588
57026 24360
57027 8639
57027 5688
57028 21137
57028 6602
57029 30122
57029 25014
57030 53769
57030 17627
57031 42749
57031 51742
57032 29257
57032 5490
57033 970
57033 26890
57034 53940
57034 43598
57035 48591
57035 31333
57036 30092
57036 6032
57037 53671
57037 39406
57038 53936
57038 50664
57039 22786
57039 46420
57040 22860
57040 13232
57041 54933
57041 25448
57042 21364
57042 37064
57043 47780
57043 11788
57044 49504
57044 45434
57045 22186
57045 46226
57046 27868
57046 25892
57047 10324
57047 46386
57048 54547
57048 17453
57049 53620
57049 37670
57050 34744
57050 37872
57051 48088
57051 50214
57052 14867
57052 13556
57053 41794
57053 38402
57054 21592
57054 45636
57055 16595
57055 24826
57056 29342
57056 19335
57057 54817
57057 10748
57058 54193
57058 30705
57059 48882
57059 45024
57060 56654
57060 10714
57061 54425
57061 31317
57062 54091
57062 52052
57063 54657
57063 4658
57064 9052
57064 12424
57065 22958
57065 37422
57066 55360
57066 31521
57067 47044
57067 13244
57068 54186
57068 24352
57069 17937
57069 12992
57070 54200
57070 38510
57071 25438
57071 45036
57072 14689
57072 26238
57073 15044
57073 25120
57074 23130
57074 38166
57075 53580
57075 31439
57076 46744
57076 30809
57077 53342
57077 12434
57078 54019
57078 50084
57079 56969
57079 20229
57080 48432
57080 50802
57081 46926
57081 51586
57082 29600
57082 52178